:020000040001F9
:108000003DB8F396000000000002000004CE01001D
:108010000000000000000000000000000000000060
:108020000000000000000000000000000000000050
:108030000000000000000000000000000000000040
:108040000000000000000000000000000000000030
:108050000000000000000000000000000000000020
:108060000000000000000000000000000000000010
:108070000000000000000000000000000000000000
:1080800000000000000000000000000000000000F0
:1080900000000000000000000000000000000000E0
:1080A00000000000000000000000000000000000D0
:1080B00000000000000000000000000000000000C0
:1080C00000000000000000000000000000000000B0
:1080D00000000000000000000000000000000000A0
:1080E0000000000000000000000000000000000090
:1080F0000000000000000000000000000000000080
:10810000000000000000000000000000000000006F
:10811000000000000000000000000000000000005F
:10812000000000000000000000000000000000004F
:10813000000000000000000000000000000000003F
:10814000000000000000000000000000000000002F
:10815000000000000000000000000000000000001F
:10816000000000000000000000000000000000000F
:1081700000000000000000000000000000000000FF
:1081800000000000000000000000000000000000EF
:1081900000000000000000000000000000000000DF
:1081A00000000000000000000000000000000000CF
:1081B00000000000000000000000000000000000BF
:1081C00000000000000000000000000000000000AF
:1081D000000000000000000000000000000000009F
:1081E000000000000000000000000000000000008F
:1081F000000000000000000000000000000000007F
:10820000005A00202104020065C002000D04020093
:108210000D0402000D0402000D0402000000000025
:10822000000000000000000000000000FD0402004B
:108230000D04020000000000250702000D040200EA
:108240009D0702009D0702009D0702009D07020096
:108250009D0702009D0702009D0702009D07020086
:108260009D0702009D0702009D0702009D07020076
:108270009D0702009D0702009D0702009D07020066
:108280009D0702009D0702009D0702009D07020056
:108290009D0702009D0702009D0702009D07020046
:1082A0009D0702009D0702009D0702009D07020036
:1082B0009D0702009D0702009D0702009D07020026
:1082C0009D0702009D0702009D0702009D07020016
:1082D0009D0702009D0702009D0702009D07020006
:1082E0009D0702009D0702009D0702009D070200F6
:1082F0009D0702009D0702009D0702009D070200E6
:1083000001F0FF01102A2BDB10F0070F08D010F846
:10831000013B013A8B422DD010F0070F42B3F6D14A
:10832000F0B441EA012141EA014122F007047FF063
:1083300000070023F0E80256083C85EA010586EABA
:10834000010685FA47F5A3FA87F586FA47F6A5FAF6
:1083500087F68EB9EED1F0BC01F0FF0102F0070202
:1083600032B110F8013B013A83EA010313B1F8D1AD
:108370000020704701387047002D06BF354603388E
:10838000073815F0010F07D1013015F4807F02BFC7
:10839000013015F4C03F0130F0BC0138704700BF18
:1083A0007BB972B90029BEBF00204FF0004106E042
:1083B00008BF00281CBF6FF000414FF0FF3000F0F5
:1083C00057B8ADF1080C6DE904CE002909DB002B8C
:1083D0001ADB00F057F8DDF804E0DDE9022304B011
:1083E0007047404261EB4101002B1BDB00F04AF873
:1083F000DDF804E0DDE9022304B0404261EB410115
:10840000524263EB43037047524263EB430300F075
:1084100039F8DDF804E0DDE9022304B0404261EB05
:1084200041017047524263EB430300F02BF8DDF843
:1084300004E0DDE9022304B0524263EB43037047DA
:1084400053B94AB9002908BF00281CBF4FF0FF31BB
:108450004FF0FF3000F00CB8ADF1080C6DE904CE20
:1084600000F010F8DDF804E0DDE9022304B0704705
:10847000704700BF034613F8012B002AFBD1181ADE
:10848000013870472DE9F0478C468E46089E154608
:1084900004461946002B40F0D080724547D9B2FA05
:1084A00082F74FB1C7F120030EFA07FC20FA03F35D
:1084B000BD4043EA0C0CBC404FEA154EA8B2BCFBD1
:1084C000FEF8230C0EFB18CC08FB00F943EA0C4322
:1084D000994528D9EB1808F1FF3204D2994502D901
:1084E000A8F102022B44A3EB0903A4B2B3FBFEFCE8
:1084F0000EFB1C330CFB00F044EA0344A04214D9E9
:108500002C190CF1FF3304D2A04202D9ACF10203C2
:108510002C44241A43EA02401EB1FC40002334607C
:108520007360BDE8F0874246DDE76346F1E7002A65
:1085300079D0B2FA82F3002B3FD01946C1F1200363
:1085400002FA01F52EFA03F20EFA01FE20FA03F305
:1085500043EA0E034FEA154E00FA01F4B2FBFEFCAB
:10856000AFB20EFB1C201A0C0CFB07F842EA0042CB
:1085700090455AD9AA180CF1FF3004D2904502D97F
:10858000ACF102002A44A2EB08029BB2B2FBFEFC53
:108590000EFB1C220CFB07F743EA02439F4246D91D
:1085A000EB180CF1FF3204D29F4202D9ACF1020267
:1085B0002B44DB1B42EA004202E0AEEB0203012245
:1085C0004FEA154EAFB2B3FBFEFC200C0EFB1C3382
:1085D0000CFB07F840EA034398452AD9EB180CF145
:1085E000FF3004D2984502D9ACF102002B44A3EB32
:1085F0000803A4B2B3FBFEFC0EFB1C330CFB07F715
:1086000044EA0344A74216D92C190CF1FF3304D2D3
:10861000A74202D9ACF102032C44E41B43EA004018
:108620000F46114678E71F2188E76046ABE76246B0
:10863000BFE76046DBE76346EFE7734506D916B947
:10864000002108466DE7C6E9000EF9E7B3FA83F7A3
:1086500087B9734501D3824207D8841A6EEB0303AE
:1086600001209C461EB900215BE73846FAE7C6E9BF
:10867000004CF8E7C7F1200CBB4022FA0CF51D4373
:1086800020FA0CF12EFA0CF30EFA07FE41EA0E0165
:108690004FEA154900FA07F4B3FBF9F81FFA85FE13
:1086A00009FB18300B0C08FB0EFA43EA00439A450D
:1086B00002FA07F240D9EB1808F1FF3004D29A45CC
:1086C00002D9A8F102002B44A3EB0A0389B2B3FB41
:1086D000F9F809FB183308FB0EFE41EA03418E4509
:1086E0002CD9691808F1FF3304D28E4502D9A8F1BC
:1086F0000203294443EA0040A0FB0298A1EB0E01CB
:108700004145CE46434602D306D14C4504D2B9EB8F
:10871000020E68EB05030138002EA4D0B4EB0E0264
:1087200061EB030101FA0CFC22FA07F34CEA0303A4
:10873000F940C6E9003196E74046C5E74346D9E728
:1087400010B501210446A8B1002012F032FB014609
:10875000202002F0D7FE0146A8B90121084612F0F8
:1087600028FB0146202002F0CDFE014658B9074BF8
:108770001C7608E012F01DFB0146202002F0C2FE2C
:1087800001460028EBD0084610BD00BF581D002050
:108790002DE9F04F0024DFF8B8B089B005460F4648
:1087A00090462646A24695F82030A34204D8EEB95A
:1087B000304609B0BDE8F08F05EB44090DF11E010C
:1087C00015F814008DF81EA08DF81FA012F07CFB88
:1087D00099F8011015F8140002F094FE15F8142011
:1087E00038B11C484346394613F0E0F86FF00406F0
:1087F000DEE710460DF11F0112F066FB15F814209C
:1088000018B1154843463946EEE74FF42073CDE9D9
:1088100003B39DF81F30029399F80130019301349E
:108820009DF81E300093E4B21346214695F82020AF
:10883000384603F007FF18B10848594613F0B6F858
:1088400099F801209DF81F309A4218BF0136AAE717
:10885000892C002028E502005CE5020055EA0200B0
:108860002DE9F04F4F4CA37F95B03BB1E37F2BB187
:1088700094F8203013B194F8213073B9E38B228C33
:1088800013439BB213B1636A01336362454B002209
:10889000DA831A8415B0BDE8F08F12F09BFA0B460C
:1088A0004149A68A91F81480A1681091E16811915C
:1088B0003E49E78A096812913D49B4F818C091F819
:1088C0000090616A13913B49B4F81AE091F800B046
:1088D00094F822100246D4E90005A0EB050A00290D
:1088E0005BD02169A48BCDF834B0CDE90E14139977
:1088F000CDE90B911299CDE909E1119904911099F3
:10890000CDE90080CDE9077CCDE905A6CDE902518E
:10891000294813F04BF8264B1B78002BB6D0214B7F
:10892000264C9E8ADD8AD3E90072A36ABF1A33B946
:10893000C4E90677276126846684A584E584676197
:1089400012F048FAA3699F42E369B8BFA7619F424A
:10895000238CC8BFE761B342638C88BF2684B342CF
:10896000A38C38BF6684AB42E38C88BFA584013EEC
:10897000AB42B6B240F6FD7338BFE5849E42C4E90F
:10898000020103D8013DADB29D4202D9012384F812
:108990002C30A36A0133A36278E74FF0FF310C4615
:1089A000A1E700BF40180020581D0020C01C002077
:1089B000822C0020B91500208FE50200101800203D
:1089C000F0B585B0DDE90A650C460C49096865B16A
:1089D0002F7857B1CDE90023CDE902650246234641
:1089E000074812F0E3FF05B0F0BDCDE90136009273
:1089F00023460246034812F0D9FFF4E7C01C0020CA
:108A000036E6020087E602007FB500230C460DF132
:108A10000F018DF80F300546164612F055FA9DF8F5
:108A20000F3048B1CDE90006084822462946FFF735
:108A3000C7FF002004B070BDA34205D0CDE90006F9
:108A4000224603482946F2E70120F3E7D1E6020077
:108A5000DDE6020073B54378D32B064650D8CF2B02
:108A600050D9D13B022B51D8DFE803F002524E001F
:108A70000025294C63199B7F0BB1FFF7F1FE04EB36
:108A80004503B6889E82002003F014F8042D16BF1B
:108A9000224B03221A780146304603F09DF86219F2
:108AA0000123042D44F82500937784F8233018D14E
:108AB00094F83020AAB92569A5F68C22B2F5167F64
:108AC0000FD9284684F8303012F0C5FA03220192FB
:108AD000A28B0092034640F6B8321148294612F0A4
:108AE00065FFA37F4BB1E37F3BB194F8203023B106
:108AF00094F821300BB1FFF7B3FE012002B070BD36
:108B0000E02B07D00020F9E70225B2E70325B0E704
:108B10000125AEE70425ACE740180020B915002078
:108B2000EDE602002DE9F0418CB01746984600238F
:108B300006468DF82A308DF82B30ADF82C303846AB
:108B40000D460DF12B0301210DF12A0212F0A0FBBD
:108B50009DF82A10304602F0D5FC70B12D4B0293DF
:108B60000023CDE900332C49CDF80C8001221846B2
:108B700012F03EF96FF0040441E09DF82B102846F6
:108B800002F0C0FC0028E9D102220BA9304602F015
:108B9000F1FC04460028E1D19DF82C209DF82A0024
:108BA0009DF82D109DF82B30904219D09DF82D3056
:108BB00008939DF82C3007939DF82B3006939DF871
:108BC0002A301549CDF80C80CDE90473134B02937C
:108BD0000023CDE900330122184612F009F9C9E754
:108BE0009942E3D112F060FBB842DFD1692E0AD17D
:108BF0006A2D04D10A4B18800A4B01221A702046B4
:108C00000CB0BDE8F0816C2DF9D1074B1880074BF3
:108C1000F3E700BF39E70200B0DE020054E70200CC
:108C2000FA2B0020872C0020F82B0020862C002017
:108C30001FB50121084612F015FB0146832002F002
:108C400061FC044640B9064B06490090CDE901039A
:108C50000322034612F0CCF8204604B010BD00BF3A
:108C6000A5E70200B0DE020010B501460446002070
:108C700012F02AF930B9044A2378117803F003037B
:108C80000B43137010BD00BF882C00202DE9F04F5E
:108C90008FB0002407468A468DF8374012F09AF8C4
:108CA00005460DF137000E46FFF7DEFF58B14B4980
:108CB00000974B4809682A46334612F077FE204653
:108CC0000FB0BDE8F08FDFF81CB19DF837309BF88E
:108CD0000090DFF8148143EA0904C3F38002C4F36F
:108CE000400113F004030A920B9104F0020204F015
:108CF00001040FD098F80030FF2B0ED00133DBB207
:108D0000012B88F8003008D1A2B1384B1B7863B929
:108D1000E4B925E088F80030F6E7344B1B78002BE7
:108D2000F2D0334B0121197012B1324B01221A706B
:108D3000B4B103E0A4B12D4B1B783BB12E4B2F48AF
:108D400001221A70254B196812F030FE2C4B029349
:108D50000023CDE900332B490122184612F048F8D0
:108D60009DF83730DFF8A0C0284ABAF1000F11D1C2
:108D70009CF8001099420DD1B9F1000F0AD1D2E947
:108D8000000147F2305E281A66EB0101704571F16F
:108D9000000120DBC2E90056144A8CF80030099724
:108DA0001278089298F800200792C3F38012069276
:108DB000DA09CDE904420B9A03920A9A0749009313
:108DC000CDE901923346096811482A4612F0EEFDBA
:108DD00000238BF80030012072E700BFC01C002088
:108DE000C0E70200882C0020812C00200B2F0020DF
:108DF000802C00207F2C00200A2F0020F3E70200A7
:108E000015E80200B0DE0200B815002008180020A6
:108E1000B2E802002DE9F04F9DB00DF128092322A0
:108E2000DFF8008207460C464846002114F01CFD7E
:108E300000257D488DF8265013A98DF8275012F093
:108E400043FC98F80030002B00F0C2806FF0040360
:108E5000764900930194097875482B462A46FFF716
:108E6000AFFD00260BE01CAA02EB4303224613F8D9
:108E7000231C13F8240CFFF7C7FD013605409DF8AD
:108E80006C20F3B29A42EED86A4B1E78002E00F0A6
:108E9000A18069480DF1270300880DF12602012108
:108EA00012F0F6F99DF8261022466920FFF7ACFD76
:108EB0009DF82710064622466A20FFF7A5FD0640CA
:108EC0002E405E4B1D78002D00F08F805C480DF128
:108ED000270300880DF12602012112F0D9F99DF82F
:108EE000261022466B20FFF78FFD9DF827100546C0
:108EF00022466C20FFF788FD05403540DFF844A18D
:108F0000514EDAF800B011F065FF0B464FF42071B6
:108F1000079145490696CDE9041100210246CDE9A5
:108F20000111CDF80C900097584603F0A1FA48B112
:108F3000002C65D02378002B62D04448224631466D
:108F400012F034FD4FF420730093414A3E4B3649F2
:108F5000DAF8000003F020FB48B1002C55D023784C
:108F6000002B52D038493948224612F01FFD01210A
:108F70003846FFF78BFE064648B96FF004030093AE
:108F800002460346014601943248FFF719FD314677
:108F900098F80020284612F004FC2F4BDAF8001055
:108FA0001A78C2F38003C2F3400502F001068CB3C5
:108FB00094F800C0BCF1000F2CD0CDE90160CDE9E0
:108FC00003742648009512F0F1FC1DB0BDE8F08F47
:108FD000012546E76FF03C03009321480194334696
:108FE00032466921FFF7ECFC6BE76FF03C0300931E
:108FF0001B4801942B462A466B21FFF7E1FC7DE7D5
:109000001149184812F0D2FC9CE70F49154812F09C
:10901000CDFCACE7CDE90207CDE90056124812F0CD
:10902000C5FCD2E7852C0020581D0020842C002090
:1090300043E90200872C0020FA2B0020862C002018
:10904000F82B0020C01C0020892C0020DEE9020043
:10905000F41C002064E90200B815002072E9020047
:1090600051E9020055EA0200E9E9020038B5064D6F
:1090700001460446A87812F089F80146242002F03F
:1090800041FA00B9EC7538BD581D00201FB5224CBF
:10909000617D237DA1B9012B18D0084612F0E2F8BA
:1090A0000146832002F02EFA237D012B0ED0022BE5
:1090B0001BD01A4B02930023CDE9003302221FE09C
:1090C000012B03D00020FFF7D1FFEDE7144B15492A
:1090D0005B680393144B02930023CDE90033032212
:1090E000184611F085FE04B010BD0020FFF728FBE4
:1090F000034640B10D4B02930023CDE9003301221A
:109100000849184605E00A4A06490090CDE90102DF
:10911000032211F06DFEE6E7581D002096EB0200D9
:10912000C41C0020B0DE020059EA0200C2EA0200BC
:10913000E5EA0200F0B52E4B8DB0054600201C6913
:1091400002F0B8FC09AB02462946204611F067FF41
:1091500078B1284B02930023CDE9003326490395CB
:109160000122184611F044FE6FF0150420460DB0A0
:10917000F0BD224BBDF82C206A216920FFF7D2FCFC
:1091800010B16FF00404F1E71D4BBDF82E206C21E7
:109190006B20FFF7C7FC04460028F2D10F2011F026
:1091A00036FE2046BDF82C6002F084FC01463046B5
:1091B00011F027FF06462046BDF82E7002F07AFC1B
:1091C0000146384611F01DFFBDF82E300693BDF85C
:1091D0002C3005930B4B08490094361ACDE9014316
:1091E000CDE9035623460322204611F001FEBDE7D8
:1091F000581D002023EC0200B0DE020017F402002C
:109200003EEC020043EC0200002108B5084612F0D3
:1092100029F80146832002F075F900217B2002F035
:1092200071F9084900220B79C979104612F00EF83D
:109230000146802002F066F9034B5868BDE80840FB
:10924000FFF778BF581D0020C41C00202DE9F04115
:1092500005468CB000200E46174602F02BFC00217C
:109260000446084611F0FEFF0146832002F04AF949
:1092700028B16FF0040528460CB0BDE8F08106AABD
:109280002146701911F096FE10B16FF02105F2E73A
:109290000DF11A022146304611F08CFE0028F4D15F
:1092A000274BBDF818206A216920FFF73BFC0028F6
:1092B000DFD1244BBDF81A206C216B20FFF732FC64
:1092C00004460028D5D1204A204B8DF82770CDE9DF
:1092D000072348F67C03ADF824307D238DF8263033
:1092E0001B4B0A9380238DF82C300246034601461F
:1092F000012011F0ABFF0DF11C088DF82D0098F83E
:10930000011098F8000002F0FDF805460028B0D1E1
:109310000134092C08F10208F1D10F2011F077FD7A
:10932000384602F0E1FA0B4B0B490095CDE90306F4
:10933000CDE9015303222B46284611F059FD9AE747
:109340008AEC020099EC0200780079007A097B9996
:109350007F00A005A9EC0200B0DE02002DE9F04F6D
:10936000A04EA149ADF5077D0422304614F0A1FAC4
:10937000002842D1337913F0DF0F01D0092B3CD103
:10938000984854AA6DA903F0EBF958B99DF850011B
:1093900003F0DAF90146954812F008FB0DF5077D58
:1093A000BDE8F08F924B1B7813B1924879A9F3E78F
:1093B000914B6F9ADB689A4204D0904879A912F0D9
:1093C000F5FAEBE76DAC0FCC8D4D0FC50FCC0FC58B
:1093D00094E80F0085E80F004FF42073009389484C
:1093E000894B79AAA5F1200103F0B8FA10B186499A
:1093F0008648D1E7864879A9CEE714AD40AC7E49CE
:1094000078482B46224602F031FC08BB814B7E4C4B
:109410001F6811F0DFFC0B464FF420710246CDE9C6
:10942000016403910095384603F034F918B1774888
:10943000214612F0BBFA78496A48052214F039FA3D
:109440000028ABD1287802F0FDFB01467348A3E762
:109450002378013B072BA1D8DFE813F008000C00AC
:109460000F0014001900C301DC011B026C4B012228
:109470001A7093E76A4B0222FAE76A484BA9FFF792
:10948000C9FC8BE768480121FFF700FC86E794F8E8
:109490002110664A664BDFF8608141AE00290CBF9F
:1094A000914699460FCE20AF3D460FC596E807007E
:1094B000464685E807000FCE0DF19C0A55460FC5BC
:1094C00096E8070085E8070064225A49514E6DA8C6
:1094D00014F0A3F998F81730FB7554A998F81830D0
:1094E000DFF80C813B7638461AAD02F069FE009534
:1094F000637898F8002054A9384602F043FFC8B9B1
:109500003768414E11F066FC0B464FF4207102465D
:10951000CDE9019603910095384603F0BBF818B1E8
:109520003A48314612F042FA94F82130002B3FF4C9
:1095300035AF87E70DF1B80B54ABCDF800B03A4624
:109540006DA9504611F087FF98F80030356803B3D5
:109550009DF8DA30EBB16378DBB9374E0FCE37AF19
:109560003C460FC496E8030084E8030011F032FC87
:10957000254C00970B464FF420710246CDE901942B
:109580000391284603F086F800283FF407AF2146F0
:109590002EE7DAF80C20FB689A421FD1DAF8102087
:1095A0003B69B2EB030818BF4FF00108BAF800306E
:1095B0009DF8D82011933B889AF814A097F814B01E
:1095C0001293002A3CD1B8F1000F39D1DA4537D1D6
:1095D0009DF8D93019484A462946F0E64FF001086F
:1095E000E4E700BFFE2B0020EAEC0200EFEC0200F3
:1095F0000B2F002006ED0200581D002026ED020072
:10960000C41C00206AED0200892C002055EA0200EB
:1096100079ED0200C01C0020A3ED0200A9ED0200BC
:10962000832C0020C1ED0200C5ED0200CCED02004C
:1096300013F50200F41C002070DF0200D0ED0200E0
:109640000135356011F0C6FB0B464FF420710791D0
:10965000A6490691024620A92EA827AE0591049698
:1096600003906078029094F82000CDE9009028469D
:1096700002F0FEFE9D4910B19D4812F097F94FF49B
:109680002073009354AA994B20A9284602F084FF26
:1096900018B19649964812F089F9964A964C29468F
:1096A0002EA8FFF775F8D0B90DF1800EBEE80F00B7
:1096B000A446ACE80F009EE807008CE807008F483E
:1096C000642254A914F0A9F8B8F1000F31D0E06871
:1096D000FFF730FD68B38A48294612F067F90DF1AB
:1096E000DC096DAB324654A93846CDF8009011F034
:1096F000B2FE29469DF8FC20824812F057F929460F
:10970000814A7D4D4846FFF743F80FCE0FC596E8D6
:10971000070085E80700794864226DA914F07DF8F8
:10972000B8F1000F02D0E068FFF704FD774801218F
:10973000AAE6DA4504D0764B1B780BB9FFF7A6FCF6
:1097400074480121FFF7A2FA10B973482946C4E70B
:10975000724B734893F800A09DF8D93003939DF89D
:10976000D83002930AF001030193CAF34003009337
:109770005246CAF38003294612F018F91AF0040F72
:109780000DF1B80905D067485246294612F00EF986
:10979000A5E7DDE91132934213D0584B62481A6CA9
:1097A0000592DA6B0492B3F844200392DA6A0292CB
:1097B0001A7C01925A6800921B686278217812F034
:1097C000F5F899F82230002B3FF4E8AD504B1B78A8
:1097D000002B3FF4E3AD554B554801221A70294642
:1097E000DAE5626A534D0023FF2A8DF8B43104D9BB
:1097F0002968514812F0DAF8D0E56DA9D0B211F01D
:1098000063FB00909DF8B431626A29684B4812F0FE
:10981000CDF8C3E500238DF850318DF8B431D4E98B
:10982000092342EA0301FF29424D02D9296844482D
:10983000C5E5617811B929684248C0E5424B012667
:109840001E70424BD0B254A9187011F03DFB94F831
:10985000281094F8240001F055FE6DA994F8240016
:1098600011F032FBA26A9DF8B4110092D3B2A3EBBF
:109870000109D9F1000343EB0903CDE90113344891
:1098800029689DF85031626A12F090F831483146EB
:10989000FAE5656A274F002D15DD2F4BA5F57A7285
:1098A0009A4212D93C68DFF8B48011F093FA0B4663
:1098B0004FF47A71CDE901180246009528482146F7
:1098C00012F074F86AE542F21075114B1B78002B08
:1098D0004AD06278002A47D13C6811F07BFA0246F0
:1098E00020480B46214612F061F857E5892C0020EC
:1098F00055EA0200F2ED0200581D0020F41C002081
:10990000F8ED020092EF0200B4EF0200AFEF0200A8
:109910000B2F002019EE020025EE0200B8150020E2
:1099200058EE0200B5EE0200EAEE02000A2F002017
:1099300066EF0200C01C0020BDEF0200EEEF020047
:109940001BF002004BF00200852C0020842C00202C
:1099500087F00200DDF00200D8D00100C0D4010081
:10996000E7F002001DF102008C4E727D3AB93C68AE
:1099700011F030FA02460B4689482146B3E7327DA2
:10998000012A07D13C6811F025FA02460B468548AA
:109990002146A8E7F27D96F81890119233B1824BD8
:1099A0003968824801221A7012F000F8DFF800A22C
:1099B000804CDAF850303022002120464FEA43082C
:1099C00013F052FF11F006FAC4E900010B46119999
:1099D000CDF80880CDE90391DAF85010CDE90051B7
:1099E00002463968744811F0E1FF0020FFF73EFBA2
:1099F0000020FEF7A5FE4FF0000AD04500F3BF801F
:109A0000302200216B4813F02FFF11F0E3F96B4B6C
:109A1000C4E9000101221A704FF0000801F0FEFEB7
:109A200008F1140811F018FA142011F0F0F9454566
:109A3000624BF3DC0025D4E902011D70D4E9003249
:109A4000B0EB030A61EB0203BAF1010F129373F159
:109A50000003C0F29E80D4E904315948C91A524625
:109A6000129B81FB0001FEF79BFC05468846A36A1A
:109A7000042B40F2908094F82C30002B40F08B8027
:109A800015F1C80140F2911248F10003914273F1BF
:109A9000000334BF4FF0010B4FF0000B3B681393F2
:109AA00011F098F9E38C0F93A38C0E93638C0D93B4
:109AB000238C0C9394F82C30CDE90858CDE90AB3E7
:109AC000E3690793A3690693636905932369049384
:109AD000129BCDF808A00393A36A009302460B469D
:109AE0003848139911F062FFB9F1000F08D0012036
:109AF000FEF726FE142011F08AF9F068FFF71AFB32
:109B00001198FFF7B3FA11F095F948B12E4B029373
:109B10000023CDE900332D490122184611F068F9E0
:109B2000002454A920208DF850418DF8B44111F043
:109B3000CBF96DA9242011F0C7F93D6811F04AF95D
:109B40000B46317E9DF850719DF8B4C1894502469F
:109B5000F07DF66806D1119CA4EB000EDEF1000446
:109B600044EB0E04CDE90010CDE904C418482946A1
:109B7000CDE9026711F01AFF1648012184E401F0D3
:109B80004DFE11F069F9142011F041F90AF1140A9F
:109B900033E7A8466BE74FF0000B7FE7581D002026
:109BA0005CF102009EF102000A2F0020F4F1020095
:109BB000F41C0020101800201CF20200822C00204F
:109BC00040420F006DF202002BF30200B0DE0200F3
:109BD0006FF30200C0F302007FB51D4D1D4C0DF167
:109BE0000F0001F059FE012805D01B4B1878002208
:109BF0001A7004B070BD9DF80F102A780D2901D09D
:109C00000A2919D18AB1154B1E6811F0E3F80B46E9
:109C10007F2101912168009102463146104811F0E0
:109C2000C5FE00232B702360D9E723680D4922600D
:109C3000CA54FFF793FBD2E72668731C002AF2D1BF
:109C40007F2B03D82360074B9955C8E72870EAE7B4
:109C50007E2C0020B81C0020832C0020C01C00207B
:109C6000C9F30200FE2B00202DE9F04F95B0CDE99D
:109C70000C2383469DF878300A9300200C4601F0AF
:109C800019FF0DF14202014604EB0B0011F092F9AD
:109C9000002840F0E380BDF8422040F6FE739A426F
:109CA00000F2DC80704B6A216920FEF73BFF28B18F
:109CB0006FF00404204615B0BDE8F08FBDF84210E7
:109CC00001318CB2A120C1F3071101F01BFC002867
:109CD000EED104F00F01A22001F014FC034600288D
:109CE000E6D101210246084611F0C0FA01461020D3
:109CF00001F008FC04460028DAD10DF13F00FEF720
:109D0000B3FF0121204611F0ADFA0146832001F096
:109D1000F9FB04460028CBD111F05CF810F11E05C8
:109D200041F1000612A983208DF8484011F0CCF8CB
:109D30000028BDD19DF84830D9070BD511F04AF85D
:109D4000A842B14103DAFA200FF0CAFBEAE76FF04C
:109D50007304AFE7022210A90C2001F00BFC0446AB
:109D60000028A5D19DF840109DF8413001F07F0AF0
:109D7000490001F480711943504611F0B4F9A0462E
:109D80000746254626461FFA88F39F4234D8002E00
:109D900067D00821284611F0C4F800220B909DF8E6
:109DA0007C10DFF8C880284601F0A6FD304B0A9AE7
:109DB000D3F80090464261EB410709F101011960B7
:109DC000002A36D011F006F80D9B09930C9BCDE9C3
:109DD00007B3D8F8003006930B9B0022CDE904A30B
:109DE0000423CDE90232CDE9006702462B46214823
:109DF000494611F0DBFD5DE7032211A90E2001F0B9
:109E0000B9FB00287FF454AF12A911A811F039F959
:109E100000287FF44DAF9DF84A303BB99DF849309A
:109E2000042B02BF0136BDF84C50B6B208F1010850
:109E3000A9E710F0CFFFD8F8003006930B9BCDE9CF
:109E400004A30A9B0393042302930246CDE900670F
:109E500009482B46494611F0A9FD2BE76FF0210474
:109E600028E76FF03C0425E713F40200C01C002033
:109E7000BC1C00201CF4020078F402002DE9F04F15
:109E8000BDB001F0B9FB054670B1634B02930023EE
:109E9000CDE9003361490122184610F0A9FF4FF4C3
:109EA0007A7010F0B4FFFAE701F0C8FC044670B114
:109EB0005B4B5A490095CDE9015301222B462846B8
:109EC00010F096FF4FF47A7010F0A1FFFAE7554BAF
:109ED000554D52490090CDE901030322034610F08D
:109EE00087FF21461A22514813F0BEFC214630223A
:109EF000284613F0B9FC4D484D4A2A616422841E5D
:109F0000AA61A2F52F72C823EA614FF416783222B3
:109F1000C5E90133C5E9088240F20511454AE3600D
:109F2000454B20F8021C01264449AA622046032220
:109F30004FF4966985F82C2085F82E206271C4E9CB
:109F400004932672A672267602F03AF93C4B1E6004
:109F500010F040FF0B463B490091024631463A481B
:109F600011F024FD4FF420730093384A384B3948E0
:109F7000294602F0F3FC18B13549374811F016FDB7
:109F800001F06CFB70B1354B02930023CDE9003337
:109F900022490122184610F02BFF4FF47A7010F07E
:109FA00036FFFAE701F08AFA20BB8DF8900024A969
:109FB000FF2010F089FF0646E0B99DF8903003932A
:109FC000274B16490090CDE901030322034610F008
:109FD0000FFF9DF89020531EDBB2FD2B46D9214B7D
:109FE0000392CDE901630D490096334601223046C4
:109FF00010F0FEFE1C4B02930023CDE9003307490D
:10A000000122184610F0F4FE01F008FC4FF47A70BB
:10A0100010F0FDFEF8E700BF54F50200B0DE0200CC
:10A0200088F50200B5F50200C41C00205A1D00206E
:10A0300020BF02001E00010002010501F41C0020E7
:10A04000C01C002020F60200F6F502002EF60200E9
:10A05000892C002033F6020055EA02003DF602008A
:10A0600071F602008BF6020005F702003246A37972
:10A070000121304611F004F90146142001F042FAA2
:10A080000646002840F0C680642010F0C0FE32462C
:10A090003146A379304611F0F3F80146142001F05F
:10A0A00031FA0646002840F0B580642010F0AFFE7B
:10A0B000334632463146012011F0E2F801461420C1
:10A0C00001F020FA0646002840F0A4800A2010F093
:10A0D0009EFE3146A3793246304611F0D1F8014652
:10A0E000142001F00FFA002840F094800A2010F0AC
:10A0F0008EFE4CF22053ADF89030AE4B259349F2D2
:10A100002103ADF89830607DAB4B279354238DF835
:10A11000A03020B1A94B0321187811F08FF8A84B7B
:10A12000299381238DF8A830637D8DF8A100002B41
:10A1300000F0818062798DF8A920002B0CBF0023EC
:10A140000F238DF8B1309F4B2D934FF055038DF8B1
:10A15000B8300CBF002309239B4A8DF8B9309B4BC4
:10A160002B922F93562222230021A07A8DF8B02023
:10A170008DF8C03010F0FFFF954B61788DF8C1006D
:10A180003193207823238DF8C83010F0F8FF914BDD
:10A190008DF8C900339301212423A0788DF8D030A5
:10A1A00010F0F4FF8C4B35934FF4B473ADF8D83006
:10A1B0008A4B379340F29543ADF8E030884B3993A2
:10A1C000002280238DF8D1008DF8E830E1792379E1
:10A1D000104611F03BF8834B8DF8E9003B9324AE19
:10A1E000002796F800807178404601F08BF920B383
:10A1F0003CAB03EBC707CDF8108057F85C3C0393EA
:10A20000794B02930023CDE90033784901221846A7
:10A2100010F0EEFD764B02930023CDE90033734935
:10A220000122184610F0E4FD01F0F8FA4FF47A70BC
:10A2300010F0EDFDF8E71A467DE701370C2F06F127
:10A240000806CED1142010F0E2FD5C4B01201870FE
:10A25000637DE3B9002026696F6801F02BFC21AB18
:10A2600002463946304610F0DAFE6A680346C0B14D
:10A27000059222695F4B02930023CDE90302CDE9E9
:10A2800000335A490122184610F0B2FDC2E70321FB
:10A2900010F0D4FF0146542001F034F90028D9D041
:10A2A000B8E70792229A0692BDF88E200592219A6D
:10A2B0000492BDF88C2003924F4A4C490090CDE99E
:10A2C0000102032210F094FD4C4BBDF88C206A2152
:10A2D0006920FEF727FC00289CD1494BBDF88E2051
:10A2E0006C216B20FEF71EFC0546002892D10F2042
:10A2F00010F08DFD40F6B83121A810F0AFFE50B13E
:10A30000404B0390CDE90153384900952B4602227A
:10A31000284610F06DFD207801F0DCFA21788046A7
:10A32000607801F025FB322241F28831064610F0B8
:10A3300005FE054658B1344B02930023CDE90033A6
:10A3400003962A490122184610F052FD62E71020B8
:10A3500010F0C0FE2D4B254900954FF0100907461F
:10A360000322CDE90309CDE9015328462B4610F01D
:10A370003FFD39460F2001F0C5F801231946074675
:10A380002A46184610F072FF0146484601F0BAF816
:10A3900007437FF43FAF2378A2792179A07810F0AA
:10A3A00009FF0546B0B31A4B0390CDE9017300973E
:10A3B0003B46C6E723F702009FF70200B9150020CD
:10A3C000C2F702005BF8020018F802009EF80200D3
:10A3D000ECF8020019F902003BF9020083F90200CF
:10A3E000B5F90200ECF902002AFA0200B0DE020020
:10A3F0004AFD020043FA02007AFA020017F4020052
:10A400003EEC0200C2FA02001EFB02008CFB0200BE
:10A41000B2FB02002078A77894F8069010F066FD51
:10A4200049460246384601F04FFBA179074620799C
:10A4300001F07EFBA1798146207901F079FB824B06
:10A4400093FBF0F3CDE90493804B814903970322FA
:10A45000CDE9015328462B46009510F0C9FCA078A1
:10A4600001F05EFB0746207810F045FDC7F11003B0
:10A4700000FA03F3CDE90573764B75490790CDE9F2
:10A48000015328462B4600950322CDE9038610F0A0
:10A49000AFFC20AB1FAA21786078CDE91F5501F0F1
:10A4A0009BFA304610F036FD07461F9810F032FD3B
:10A4B00031468146404610F030FD674B0397CDE9A9
:10A4C0000153CDE904902B460095284660490322AC
:10A4D00010F08EFC614BB3F8447088FB0753002BDF
:10A4E00004DA4FF6FF72AD1843F100032D0C30462D
:10A4F00045EA034510F00EFD3146A0EB0509404644
:10A5000010F00BFDCDE90375281A554B5049029305
:10A5100000252B460322CDE90590CDE900552846BC
:10A5200010F066FC1F9810F0F5FC4E4A4E4B48495F
:10A530000095B0F5485FC8BF134603934B4B032209
:10A54000CDE9015328462B4610F052FC637D5BB1E8
:10A55000FEF76EFB034638B9454A3D490090CDE908
:10A560000102032210F044FC4248434D0021FEF753
:10A5700051FC0024414B36490293032223462046D6
:10A58000CDE9004410F034FC01F048F91394002C9C
:10A5900040F084803A4B2A781B683A4C002A4BD012
:10A5A00001932B8D0093D5E90823E969364811F012
:10A5B000FDF9364E294F01F031F9FFF70DFB012867
:10A5C0006CD0637D83B310F047FC10F003FC96F869
:10A5D00023304BBB637D3BB33A6DD3179B0043EAFB
:10A5E00092739200904271EB03031DDBD6E90A23BC
:10A5F00052EA030C08D0821A47F2305C61EB030385
:10A60000624573F100030FDB214A00234FF0030C76
:10A61000C6E90A01CDE90132CDE9033C0C490093BA
:10A620000222184610F0E4FB00211A48FEF72EFB28
:10A63000142010F0ECFBBEE70093637D227DE168FF
:10A64000154811F0B3F9B4E740420F00DCFB0200FB
:10A65000B0DE020002FC02004DFC0200F41C0020EF
:10A660009FFC0200BDF40200D4F4020004FD0200CD
:10A6700068FD02002EF60200C41C0020BEFD020090
:10A68000C01C0020581D002013FE020040180020AE
:10A6900082FE020059FF02004FFE0200139BAC4EE7
:10A6A00001331393AB4B00221A702B78002B70D020
:10A6B0002B8D01936B6A0093D5E907231399A64864
:10A6C00011F074F9337DEC68022B1AD10120FEF7EA
:10A6D00037F848B1A14B02930023CDE90033A049DC
:10A6E0000122184610F084FB142010F090FB9D4BC3
:10A6F00002930023CDE9003399490322184610F054
:10A7000077FB337D012B27D0002701208DF8907037
:10A71000FEF7ACFC10F08EFB48B1934B90490097CC
:10A72000CDE9017301223B46384610F061FB24A9B4
:10A73000242010F0C9FB034670B99DF890200392C5
:10A7400012F001012BD1894B0091CDE901130122B7
:10A750000B46834910F04CFB2B7833B395F82C2033
:10A76000E8694FF44871FEF771FD10B36B6803930D
:10A770007F4B02930023CDE900337949012218462B
:10A7800010F036FB01F04AF84FF47A7010F03FFBFE
:10A79000F8E7F2681399774811F008F992E7764ADA
:10A7A0000090CDE901020322D3E76868FEF7C2FCFE
:10A7B000DBE72B78002B40F08A80337D022B40F0C2
:10A7C0008680002C40F085806C4B65490094CDE973
:10A7D000014301222346204610F00AFB10F0FAFA4A
:10A7E0000B4667490968019169680091024665480E
:10A7F00011F0DCF82B782BB995F82D300E93002B47
:10A8000000F0F88110F0E6FA5F4B4FF0010983F891
:10A8100000905E4B00221A702B78CDE91101002BBD
:10A8200000F0668195F82C20E8694FF44871FEF736
:10A830000DFD8346002800F0DE800024A246264657
:10A840006FF0040B504B00221A70FEF7DDFCFEF790
:10A850001DFC10F0BFFA119BB0EB0308129B61EBDB
:10A8600003092B78002B00F09881D5E90737FF1AF0
:10A870006B8D97FBF3F72B8D5F43454B7F00039365
:10A88000444B02930023CDE9003335490696184620
:10A89000CDE9077ACDE90489032210F0A9FA384BF3
:10A8A00029781B68002C40F08081BBF1000F40F03C
:10A8B0009581002900F0948103932B8D36480293F3
:10A8C000CDE900893A46314611F070F862E6002C75
:10A8D00084D004946B6803930027304B0293CDE936
:10A8E00000771F493B460322384610F081FAB946EB
:10A8F00000F094FF737D0BB110F0AEFA00212848F0
:10A90000FEF7C4F9FFF768F9431EDBB2012B80465E
:10A9100050D82449244A1A4B2878244C1B680093A9
:10A92000B8F1010F18BF0A4619493B46002808BF75
:10A9300021461F4811F03AF808F1FF372B787C4286
:10A940007C410BB1FEF760FCFEF7A0FB1FE600BFE9
:10A95000581D0020092F00205EFF0200B9FF0200F1
:10A96000B0DE0200D8FF0200030003004B0003002A
:10A97000E70003009BFF0200AF0003001601030085
:10A98000C01C0020BE0103000B2F00200A2F002056
:10A99000F8F4020043030300BB03030002020300B8
:10A9A0007F02030006F50200FEF40200FBF4020041
:10A9B000850203004F450FD310F00CFA0B46A64951
:10A9C00009680391696800970246CDE90141A348EF
:10A9D00010F0ECFF07F57A79A4EB0708B8F1140F33
:10A9E00028BF4FF014084046474410F010FABC420C
:10A9F0003FF67EAFFEE6D5E907239B1A6A8DB3FBCF
:10AA0000F2F3109310F0E6F9CDE91401DA465E4650
:10AA10002B8D4B4501D2002414E700230D930D9B91
:10AA2000002B14BF4FF0FF3301230F934FF00008AA
:10AA3000109B43450AD10D9B01330122022B0D923D
:10AA4000EDD109EB02031FFA83F9E1E700F0E6FE1E
:10AA5000FFF7C2F8044600287FF4F4AE0F9B012BE9
:10AA600008BFEF696B8D16BF2F6A08FB037308FBE5
:10AA700013730E9395F82C300193012300930E98D5
:10AA80000F9B4A464FF44871FFF7EEF8074678B13E
:10AA90000E9B0393724B02930023CDE90490CDE902
:10AAA000003370490122184610F0A2F9BB46C9E6EE
:10AAB0006B8D4FF47A72534301366A6AB3FBF2F33B
:10AAC000149AA3FB06379C18159B43EB070710F05D
:10AAD00081F9201A67EB0107012877F1000704DBF1
:10AAE00010F095F908F10108A2E70AF1010AF9E767
:10AAF000D6E9030195F82E20FEF7A8FB834600282F
:10AB00007FF49BAEAB692F691F44013FB7FBF3F3A2
:10AB10000D9310F05FF9544F0E918146DA465E4670
:10AB20002C7D1CB90D9BB3427FF68CAE00F076FEF7
:10AB3000FFF752F8044600287FF484AE95F82E30D3
:10AB4000CDE9000302460346D7E90301FFF78CF87D
:10AB5000804660B1454B0390CDE9014341490094E3
:10AB600023460122204610F043F9C3466AE6AB694A
:10AB70000E9C0136C846E6FB038410F02BF9B8EBB7
:10AB8000000064EB0104012874F1000402DB10F002
:10AB90003EF9C5E70AF1010AC2E7AB692F691F4414
:10ABA000013FB7FBF3F7324B69E6BBF1000F15D15C
:10ABB000304A3148012C08BF0246304802933346E0
:10ABC0002F4E002918BF06463146CDE90089661E82
:10ABD0002C4810F0EBFE74427441D8E42A4AECE7AA
:10ABE0002A4A1278CDE90089CDE9023231463A4647
:10ABF000274869E6F1686A68914228DB29DD254B20
:10AC00000392CDE904130027234B16490293032234
:10AC10003B463846CDE9007710F0EAF8F068FEF7D9
:10AC200089FAF368044600283ED003931B4B0D4974
:10AC30000097CDE9017301223B46384610F0D8F861
:10AC400000F0ECFD4FF47A7010F0E1F8F8E7144BE7
:10AC5000D6E7144BD4E700BFC01C0020B8020300A5
:10AC6000FE020300B0DE0200581D0020290303008D
:10AC70000BF5020006F50200FEF40200F8F40200F3
:10AC8000FBF402008503030019F502000A2F0020DF
:10AC9000FA03030036F502003A0403005B040300E4
:10ACA0002CF5020022F502002A699D490090CDE9A9
:10ACB00003329C4B0322CDE90103034610F098F8C0
:10ACC000012319462246184610F0D0FA01461020FA
:10ACD00000F018FC98B1944B029300231846CDE97C
:10ACE00000338F49012210F083F86868FEF722FADA
:10ACF00000F094FD4FF47A7010F089F8F8E7FDF752
:10AD000097FF04460028E6D110F064F810F57A7336
:10AD1000149341F100031593844B1A6A2B69012A9D
:10AD2000B8BF0122013B1344B3FBF2F30D93337917
:10AD30001693CDE9100110F04DF80B467C490968D7
:10AD40000391F16802910D990191296900910246E0
:10AD5000784810F02BFE784B714901221A70774B1E
:10AD60001C70774B1C70774B1C70774B1C70F36812
:10AD700004930D9B0393754B0094CDE9014303228B
:10AD80002346204610F034F8274612942C7D34B91F
:10AD90000D9B9F4203D32646A0460E942AE200F064
:10ADA0003DFDFEF719FF0128044600F02483022828
:10ADB00000F024832B7D002B40F0AE800D9BDB1B2D
:10ADC0009BB217930222002320A90C20ADF88030FB
:10ADD00000F0D0FB0446002800F0C08000230F9351
:10ADE0000F9B1F440FF0F6FF149A9042159A0B46E2
:10ADF0009341CDE91701C0F2B9820024544BADF85C
:10AE0000804020461E69D3F80CA0ADF884408DF830
:10AE100079408DF87A408DF87B4000F04BFE24ABF2
:10AE200002465146304610F0FAF80646002840F037
:10AE3000DC814FF002098046022220A9692000F03F
:10AE400099FB0222044621A96B2000F093FB0DF12F
:10AE500079011990202010F037F80DF17A011A903D
:10AE6000682010F031F80DF17B018346142010F0BA
:10AE70002BF8199B1C431A9B1C4344EA0B0B5BEAFF
:10AE8000000B40F06F819DF881109DF8800010F05C
:10AE90000BFA9DF8851080469DF8840010F004FAA6
:10AEA000BDF898304345064640F05C81BDF89A30C5
:10AEB000834240F057819DF87930C52B40F0528194
:10AEC0009DF87A30012B40F04D81214B5A469B79F9
:10AED0005946584610F0D4F99DF87B30984240F01E
:10AEE00041819DF87A3002939DF879300390CDE945
:10AEF0000063184843465246394610F057FD16483D
:10AF00005946FDF7C3FE0E4B1C78002C00F01A8248
:10AF10002646D8465C466DE14FF6FF7351E700BF09
:10AF2000B0DE02008A040300BC040300F41C00200D
:10AF3000C01C0020D80403000B2F00200A2F002083
:10AF4000802C00207F2C0020812C00202B0503006A
:10AF5000581D0020080703002A1303009DF88020D5
:10AF60009DF88130D10943EA012002F07F0B1B904C
:10AF70000146584610F0B7F8189000283FF42EAF5D
:10AF8000BBF1000F0CD01423CDE903B3684B694922
:10AF90000094CDE901430222234620460FF028FF0A
:10AFA000654C207800F096FC21781990607800F0CC
:10AFB000DFFC002680460F96032221A90E2000F018
:10AFC000D9FA044600287FF40BAF24A921A810F079
:10AFD00058F8034678B1594B56490094CDE90143DE
:10AFE0000222234620460FF003FF189A0136B3B21F
:10AFF0009342E1D3F4E69DF89220002A71D19DF8A6
:10B000009190B9F1000FF0D11999BDF89400424622
:10B010000FF0B1FF4A4B1A90B3F84410BDF89400FA
:10B020000FF07FFF474BBDF894A01B780446002823
:10B030006DD0984225D0E0070FD540460FF06AFF4B
:10B04000414B3C49CDF80090CDE903A0CDE90193F7
:10B0500001224B4648460FF0CBFEA10711D54146D1
:10B060001998BDF894900FF058FF384B02930023C5
:10B07000CDE90390CDE900332E49012218460FF0A7
:10B08000B7FE304BBDF894A01C709DF891301C9316
:10B090009DF890301D932E4BD3F8009009F10102DA
:10B0A0001A600FF097FE2B491D9B096803931C9BA8
:10B0B00002931A9BCDF810B0CDE905411A99DB1720
:10B0C000CDE90013024653462348494610F06EFC72
:10B0D0000F9B01339BB20F930F9A179B934284D817
:10B0E0007EE69DF89120FE2A0AD11B9A03921B4A04
:10B0F00010490090CDE9010202220FF079FE6FE6BF
:10B1000024A8FDF7A7FC00287FF46FAF77E7002B9A
:10B11000B7D0134B0749CDF80CA0CDE9010300903F
:10B12000034603220FF064FEABE74FF0010983E60C
:10B130007A050300B0DE0200581D0020AE050300B2
:10B14000F41C0020092F002022060300A1060300A2
:10B15000BC1C0020C01C002078F40200D0050300B5
:10B16000ED06030001200FF052FEB9F1010FDCD112
:10B170009DF87B3005939DF87A3004939DF87930E3
:10B18000B548CDF80480CDE90263BDF89A3000934C
:10B190005246BDF89830394610F008FCBDF89A3098
:10B1A000AE49CDF80CA0CDE90663BDF89830002675
:10B1B000CDE90483AA4B02934A4633463046CDE993
:10B1C00000660FF015FE1FA88DF87C60FDF74CFDA2
:10B1D000044600287AD0A34B0096CDE901634A4685
:10B1E00033469E4918460FF003FE00260123B04661
:10B1F00034460E939C4B6868DFF870A24FF000094C
:10B2000083F80090FDF796FFFDF740FF0FF0E2FD99
:10B210000B46DAF8001001916968009102469448E3
:10B2200010F0C4FB0FF0D6FD6B680993129B0893D6
:10B230000D9BCDF80090CDE90673109BC01A119BB1
:10B2400061EB03018B4BCDE90401CDE90193484645
:10B250004B468249DFF8209203220FF0C9FD002CF3
:10B2600040F0D180B8F1000F40F0CD80002E00F00A
:10B27000D480824B824A1978824B00290CBF9046B9
:10B2800098460FF0A7FD99F800300393DAF80030E4
:10B290000293109BC01A119B61EB0301CDE90001E1
:10B2A0003A467948414610F081FB002E3FF46FA9E1
:10B2B000764B02930023CDE900336849CDF80C802A
:10B2C000012218460FF094FDFFF761B99DF87C301C
:10B2D0006249009003F001020B92C3F340020A920C
:10B2E000C3F380020992C3F3C0020892C3F30012B1
:10B2F0000792C3F380120692DA09CDE90432644B57
:10B300000393644B0322CDE9010303460FF070FD64
:10B310009DF87C305A0709D55F4B50490094CDE920
:10B3200001434A46234620460FF062FD9DF87C30DB
:10B330009B077FF55AAF594B02930023CDE90033A9
:10B3400001224EE7564B1E78002E7FF425AD149B4C
:10B3500013F57A731493159B149A43F10003159314
:10B36000179B9342189B159A9341F0DA0F9B13B9E0
:10B37000129B013312934B4C169B2679B3420FD08C
:10B380000D9B3649CDE90463169B0393464B02930C
:10B390000023CDE90033022218460FF029FD26795B
:10B3A0002C7D1CBB0D9B9F4203D30026B0460E96FE
:10B3B00020E70FF00FFD109BC01A119B61EB0301FA
:10B3C0002B6903F51C531033834274EB01010DDA32
:10B3D0000D9B22490094CDE90373344B0122CDE942
:10B3E0000143204623460FF003FDDEE714200FF053
:10B3F0000EFD1696CAE40026B046FBE6002634464B
:10B400004FF00108F6E6002E7FF433AF284A294BAF
:10B41000002C0CBF9046984633E70E9B4BB1264B51
:10B420000E490096CDE901630122334630460FF004
:10B43000DFFC0FF0CFFC99F800300393DAF800300E
:10B440000293109B0D9AC01A119B61EB0301CDE989
:10B4500000013946FFF7CCBB56070300B0DE0200FF
:10B46000D4070300240803000B2F0020C01C002079
:10B47000140A0300570A03000A2F0020802C002022
:10B4800040F5020048F50200A90A0300EA0A030099
:10B49000360803004B080300B90803003209030013
:10B4A0007F2C0020581D002066090300DE090300E0
:10B4B00006F50200FEF402005C0B03001FB50D4808
:10B4C00012F023F870B90C4B029300231846CDE913
:10B4D00000330A4901220FF0E7FC6FF0120005B0BB
:10B4E0005DF804FB064812F010F80028EBD00020AD
:10B4F000F5E700BF00DC0200C40B030078DE0200A9
:10B5000090DB02002DE9F0418CB007AB08930323D8
:10B51000002509934FF0010808AB06460F468DF849
:10B520001C008DF81D508DF81E100A93CDF82C804C
:10B530000C480D4983680AAA1C682B46A04704469C
:10B5400060B10A4B0A490396CDE90470CDE9015375
:10B5500000952B46424628460FF0A6FC20460CB02C
:10B56000BDE8F08100DC0200ACDF0200E30B030069
:10B5700078DE0200F0B5074695B0154600292FD0B9
:10B5800072B3802300268DF81D3007ABCDE90F265E
:10B590000C93139202230CAACDE9082310AACDE93B
:10B5A0000D36CDE91131CDE90A238DF81C000E4886
:10B5B0000E49836808AA1C680AABA047044660B11C
:10B5C0000B4B0C490397CDE90450CDE9016300967C
:10B5D0003346012230460FF067FC204615B0F0BD1F
:10B5E0006FF01504F9E700BF00DC0200ACDF0200D9
:10B5F000080C030078DE020030B54FF01023144A27
:10B60000D3F808121160134AD3F8043313604FF0D3
:10B6100080441148D4F8402602F001020270D4F8A8
:10B62000780510F0010003F0070318BF0025C9B228
:10B6300018BFC4F878555A2908BF052B14BF012339
:10B64000002318430AB1404230BD4FF0FF30FBE702
:10B65000781D0020741D00200C2F0020F0B58BB049
:10B66000FFF7CAFF5B4B04461B68A8B15A4A5B4907
:10B67000127805925A4A1268CDE90332594B029367
:10B680000023CDE90033012218460FF020FC4FF0D3
:10B69000FF3420460BB0F0BDDBB20393524B4F4951
:10B6A00000904FF08045CDE90103032203460FF0DF
:10B6B0000EFCD5F87835DB0743D54C4B4749009451
:10B6C000CDE901430122234620460FF000FCC5F8D6
:10B6D00078454FF080420026D2F810353F49444F5C
:10B6E00023F01F0343F00F03C2F81035D2F81035D2
:10B6F00043F47063C2F810353E4B02933046CDE9F7
:10B700000066334603220FF0E2FB3B48386011F03D
:10B71000FCFE034600BB394A30490090CDE90102E6
:10B7200001220FF0D4FB6FF01205354B029300237A
:10B73000CDE900332949012218460FF0C8FB2C46F9
:10B74000A7E7304B25490094CDE901430322234666
:10B7500020460FF0BCFBBCE72B4B0FCB06AD85E8BA
:10B760000F003868836829469B68284D9847002851
:10B7700028600EDA264B0390CDE901631749009645
:10B780003346012230460FF0A2FB2D68002D80D0F9
:10B79000CBE73868836802211B689847054658B193
:10B7A0001C4B0390CDE901630C49009633460122FE
:10B7B00030460FF08CFBB8E74EF660230393164B30
:10B7C00006490090CDE90103032203460FF07FFBF9
:10B7D0005FE700BF781D00200C2F002090DE0200E4
:10B7E000741D0020340C0300A00C0300E40C0300C3
:10B7F0007C1D00207F0D0300E4DB0200B80D030078
:10B80000450E0300690D030088DF0200501300207D
:10B81000D20D0300F10D0300060E0300054B18685E
:10B8200030B1054B1968002902DB8368DB681847D3
:10B83000704700BF7C1D00205013002037B5002446
:10B840000194144811F061FE08B34FF08043402288
:10B850002046C3F8282503F055FB044658B90D4D82
:10B86000019B43B9AB689B6C43B101AA04212846F4
:10B87000984730B10446204603B030BD6FF0570002
:10B88000F8E7002140F6CD400DF0F8FDE8E76FF055
:10B890001204F0E7ACDB020013B5044688B10C4893
:10B8A00083681B6883B10DF10701984728B99DF89B
:10B8B00007302370012002B010BD431C08BF0020D8
:10B8C000F9E76FF01500F6E76FF05700F3E700BFF8
:10B8D000ACDB020005289ABF024B53F82000002081
:10B8E000704700BFC8DF020003289ABF014B1856FB
:10B8F000002070479E48030010B504460846FFF735
:10B90000F3FF80B3062A2DD8C2F10802D3171B0318
:10B9100043EA12531203A11A63EB4302C3174B43CA
:10B9200000FB0233114AA1FB00100344A1FB0201FA
:10B9300002FB0311002908DB10F5803041F1000102
:10B94000400C40EAC130491410BDD0F5803061EBA5
:10B950004101400C40EAC13040424FEA614161EB95
:10B960004101F1E700200146EEE700BF005ED0B2E2
:10B9700010B502460846FFF7ADFF0446501E0628E4
:10B9800005D8DFE800F0060D16241C1F2200002059
:10B9900010BD601D0A220023C117FCF701FDF7E767
:10B9A000052000214FF0020C0A220023C4FB0C01E9
:10B9B000F3E7601CC317400840EAC370E8E744F6A9
:10B9C0003820E5E749F64040E2E70248E0E742F286
:10B9D0002830DDE7803801002DE9F04104460846B3
:10B9E0001E46FFF777FF0546601E1746062805D856
:10B9F000DFE800F00C233656494E53000020044681
:10BA000007B13C6006B13060BDE8F0814FF032080C
:10BA100009244046002164220023C5FB0401FCF7F1
:10BA2000BFFC642204460023404600214FF00B0C6B
:10BA3000C5FB0C01FCF7B4FCE2E74FF0320812241E
:10BA40004046002164220023C5FB0401FCF7A8FC4A
:10BA5000642204460023404600214FF0160CE7E71D
:10BA60004FF032082D244046002164220023C5FBFC
:10BA70000401FCF795FC64220446002340460021A3
:10BA80004FF0370CD4E745F2F0504FF47A54B7E753
:10BA90004BF2B03048F2D044B2E70448044CAFE770
:10BAA00042F6F82041F65834AAE700BF486B01007F
:10BAB000B805010003289ABF024B33F9100000209B
:10BAC000704700BF70E402000F2819D80A280BD96C
:10BAD0002AB90D480D4B002918BF184670474EF67D
:10BAE00063204CF60203F6E73AB9094B094A0029EC
:10BAF00018BF134653F820007047074B074AF6E774
:10BB00004FF0FF30704700BF8BA9030006200300F1
:10BB1000B0E0020084E0020058E002002CE00200E5
:10BB20000A289ABF014B185C10207047A2480300F6
:10BB30000F280ED80A2805D9074B0848002918BF36
:10BB40001846704719B1064B53F820007047054B53
:10BB5000FAE74FF0FF307047062003008BA903007F
:10BB600084E0020000E0020038B50FF014FB154637
:10BB7000044608460FF019FB032D84BF0334A408C4
:10BB8000A042024607D9041B04480023A4FB00017D
:10BB9000FCF756FC38BD0020FCE700BF40420F0018
:10BBA0000A28054B28BF0A2002EB410203EBC00024
:10BBB000D2B230F912007047D0E402000A28054BD7
:10BBC00028BF0A2002EB410203EBC000D2B230F9D9
:10BBD0001200704778E40200002970B52CDD02F0F5
:10BBE0000302164B53F82230C0F30B0484FB0140D0
:10BBF000D917614303FB0015A4FB0341104B53F815
:10BC00002200C617330369184FEAC62643EA1053C9
:10BC10004FEA003246EA50564FEAC02005D42018B9
:10BC200041EB0601FCF7BCFB70BD001B66EB01019C
:10BC3000FCF7B6FB4042F7E70020F5E7F0DF020033
:10BC4000E0DF020010B5074A002312F833408442B7
:10BC500002EBC30101D1486810BD01330E2BF4D1B2
:10BC60000148F9E7CCE102008D1F03002DE9F04FF8
:10BC700097B080460F46154600210F220CA81C469F
:10BC800011F0F2FD0023CDE90A33002C00F07D8293
:10BC9000C4E904332380B8F1000F40F0848200230C
:10BCA000C4E90433062309E04046FCF7E3FB7F28A0
:10BCB00009D924B17F2363612061012323800020FF
:10BCC00017B0BDE8F08F50220021284611F0CCFDBE
:10BCD0000FCF2E1D0FC697E8070086E8070098F8DB
:10BCE0000030202B4646424608F10108F7D0092BC8
:10BCF000F5D0002B00F04082232B00F03D8206920D
:10BD000012F8013B13F0DF0F01D0092BF7D1069B8E
:10BD1000A44AA3EB0608414630460FF026FB07462F
:10BD2000002840F0D781A04A414630460FF01DFB65
:10BD3000002840F0D9819D4A414630460FF015FB5E
:10BD40008146002840F0D381994A414630460FF0A1
:10BD50000CFB0746002840F0CD81964A414630460C
:10BD60000FF003FB002840F0C981934A414630465A
:10BD70000FF0FBFA0746002840F0C0818F4A414689
:10BD800030460FF0F2FA8146002840F0BA818C4A22
:10BD9000414630460FF0E9FA0746002840F0B481EA
:10BDA000884A414630460FF0E0FA002840F0B08162
:10BDB000002C84D00023C4E9043302237EE71978E1
:10BDC00020299A461A4603F10103F8D00929F6D032
:10BDD000002900F0A081069212F8013B13F0DF0F5A
:10BDE00001D0092BF7D1069B774AA3EB0A0631460F
:10BDF00050460FF0BAFA804640B101236B70069BA3
:10BE00001B78002B00F08781069BD8E732463D2146
:10BE10005046FCF775FA049050BB172E00F2BF8114
:10BE20003246514610A811F0F8FC06F158030DEB0C
:10BE30000306049B06F8183C09A910A80FF038FA6D
:10BE4000002800F0AC81BBF1010F08DD002C3FF4AD
:10BE500036AFC4F810B00223636105232EE716AB9A
:10BE600003EB8B03099A43F8302C0BF1010BC6E767
:10BE7000049B013EA3EB0A01761A002900F08F8192
:10BE8000002E00F08C81B9F1030F3AD14F4A059191
:10BE900050460FF06AFA059990B395F82C302BB103
:10BEA0004A4ACDF80080434604214FE0202E05D9B0
:10BEB0002023464A00933346072147E0049AB018EE
:10BEC00012F8013FA3F1300109290BD923F0200119
:10BED0004139192906D92D2B04D0002200923B4A62
:10BEE000062133E08242EBD104993246013105F15B
:10BEF0002C002E4411F091FC002386F82C307EE7B4
:10BF00008046334A07914FEA08135046D3580593A9
:10BF10001A460FF02AFAE8B908F10108B8F10F0F34
:10BF20000799EED10F2928BF0F210D460A4603902D
:10BF3000514610A811F071FC05F158030DEB0305F3
:10BF4000039B05F8183C10AA0093032120460FF02C
:10BF500043FAB4E608F158036B4413F828ACBAF17D
:10BF6000000F03D00023059A00939DE7039B0F2B3E
:10BF700005DD002C3FF4A3AE236110236CE7B8F17C
:10BF8000020FCDF824A007D1049B124A3146581C59
:10BF90000FF0EBF900285AD1172E1DD90023059A6E
:10BFA00000939DE79B0E0300A10E0300A60E030065
:10BFB000AA0E0300B10E0300A3ED0200B50E0300AC
:10BFC000BA0E0300BF0E0300C30E03002AF60200E0
:10BFD000DCE00200C90E030004993246013110A8CA
:10BFE00011F01BFC06F158036B44002603F8186C93
:10BFF00009A910A80FF05CF903460028CFD06B4ABE
:10C00000099B02EB0812D2E901219A4201DC8B4222
:10C0100002DD059A00914FE7304608F158020DEB1A
:10C020000201012201F8282C03995FFA88F81144D3
:10C0300008F1FF380391B8F10D0F0AD8DFE808F0D6
:10C040000B0D14161820222A323A3C3E4048534623
:10C05000E3E72B71D3E66B71D1E610B10023EB71EE
:10C06000CDE6AB71EA71CAE62B72C8E66B72C6E622
:10C07000B3F1000A18BF4FF0010A85F80AA0BEE626
:10C08000EB72BCE6B3F1000A18BF4FF0010A85F865
:10C090000CA0B4E6B3F1000A18BF4FF0010A85F80E
:10C0A0000DA0ACE6B3F1000A18BF4FF0010A85F805
:10C0B0000EA0A4E62B61A2E66B61A0E62B769EE6BD
:10C0C000B3F1000A18BF4FF0010A85F819A096E6EF
:10C0D000AB7694E64FF0010900274FF0000B85F88E
:10C0E0000090CDF80CB08AE64FF00209F5E74FF06A
:10C0F0000309F2E74F464FF00409EEE74FF0050958
:10C10000EBE74FF00609E8E74F464FF00709E4E791
:10C110004FF00809E1E7B9F1030F0AD1039A6B78F0
:10C1200052EA0B0200D14BB30093039B204A5B44BD
:10C13000C2E62FB3BBF1020F04D0022300931D4AC5
:10C140005B46CDE60A9A052A04D9052300931346D7
:10C15000194AB1E60B9B072B03D90721174A009117
:10C16000F4E66B71039B2A7102330393012385F874
:10C170002130039B85F820300120A1E5002FDCD180
:10C180000A9B6B620B9BAB62F3E7B8F1000F3FF4C5
:10C1900096AD002F3FF493AD002D7FF485AD002CBC
:10C1A0007FF47DAD8BE5002FF6D178E5DCE0020071
:10C1B000C1ED020013F50200FE120300CE0E0300D3
:10C1C000F7B50C460546002800F0D180002900F0A4
:10C1D000CE8064220021204611F046FB4FF0FF3351
:10C1E0006363EA785AB90193AA792979287801AB6F
:10C1F0000EF0F8FF0028A2BF019BA87063632878A7
:10C200000EF074FE06462878FFF764FB206029785C
:10C210006878FFF7ADFB606004F10C03297868785B
:10C2200004F10802FFF7D8FBA878FFF779FC207427
:10C23000A8780EF0B0FF606128790EF0B6FFA0611B
:10C240003246A979A878FFF73FFCE061A9792879FF
:10C25000FFF76EFC20622A782979A878FFF784FC22
:10C26000606228780EF047FE237CA062C3F11003C1
:10C270009840E062A979A8783246FFF791FC2086C1
:10C28000A979A8783246FFF799FC6086606B002890
:10C2900005DBA9793246C0B2FFF790FC20876068C1
:10C2A0000EF038FEE063D4E900010EF036FE266899
:10C2B0002064002E27DD6768002F24DDF9170904AC
:10C2C0003246F317380441EA1741FCF769F8AA7DB2
:10C2D000A0FB020302FB0131284B83424FF0000315
:10C2E0008B4146DBB0F5487F71F1000344DB6422EB
:10C2F0000023FCF755F8A4F8440086FB0060360CD8
:10C3000046EA0046A664687D8000002100F0FC003B
:10C310000EF086FFE064A9796879FFF709FC2065D3
:10C320000020D5E90376FFF7C5FB04F1540502466A
:10C330002B46394630460EF072FE626A104B9A4226
:10C34000D4BF0022012284F860204FF4FA6128460D
:10C350000EF084FEA368003818BF0120B3F5485FD3
:10C36000ACBF0023012384F8610084F8623003B07D
:10C37000F0BD40F21F50BEE70820BCE77F0002007E
:10C38000A0860100F0B587B004460C9D0E46002D36
:10C390003FD00023C5E904332B8000285CD1C5E9D8
:10C3A000043306232B80002007B0F0BDA2790EF0E5
:10C3B00001FF40B1B36900937369294A08212846F7
:10C3C0000FF00AF8EFE7D6E90023934203DD00926D
:10C3D0000921244AF3E7637D3BB1D6E91332934246
:10C3E00003DD00920A21204AE9E70020D4E9037620
:10C3F000FFF760FB03AB0246394630460EF00FFEF6
:10C4000028B123690093E368184A0B21D7E701207C
:10C41000CAE70028C7D00029C5D02378052B14D837
:10C420006278072A11D8A0780B280ED821790A291A
:10C430000BD862790A2A08D8E279032A05D8227D26
:10C44000022A02D8A27D322AB0D9002DABD0002317
:10C45000C5E904330723A5E70029DED19FE700BF24
:10C46000EF120300CE0E0300D20E0300B51E030030
:10C470002DE9F04FB1B0CDE92E23DDE93F25DDE90F
:10C480003D313A9C15B109B102B11BB9002031B060
:10C49000BDE8F08F3C4D92F803B03C4FDFF8F0A0C0
:10C4A00092F801C091F801E00E7892F8028091F8BC
:10C4B0000290002C08BF2C4693F822502C95BBF11B
:10C4C000000F08BFBA4693F820500F7E93F8213032
:10C4D0002D9515782A97177E2997CF7D2897D77D98
:10C4E00027978F7A2697977A25974F7A2497577AA6
:10C4F00023970F7A2297177A21978F7D2097977D20
:10C500001F974F7D1E97577D1D970F7D1C97177D99
:10C510001B97CF791A97D77919970F6918971769C9
:10C520001797CF681697D76815978F7914979779CB
:10C5300013974F79129757791197097910911279BA
:10C5400007932D9B06932C9B05939DF8F030049345
:10C550009DF8EC30CDE902432E9B00932F9B019375
:10C56000CDE90EA203460B4ADDE94001CDE90C8975
:10C57000CDE90ACECDE908560DF0B0FF002885DDE3
:10C58000419B984282D282E78D1F0300C90E0300AF
:10C59000D90E0300DD0E030030B59DB00446209D8A
:10C5A00018460BB101B112B900201DB030BD92F890
:10C5B00062301A9392F86130199392F860301893B0
:10C5C000B2F85E301793B2F85C301693136D159382
:10C5D000D36C1493936C1393B2F844301293136C8E
:10C5E0001193D36B1093B2F938300F93536B0E93B2
:10C5F000B2F932300D93B2F930300C93D36A0B9309
:10C60000936A0A93536A0993136A0893D369079349
:10C610009369069353690593137C0493D36803933A
:10C62000936802935368019313680093044A234666
:10C6300029460DF053FF0028B6DDA842B4D2B4E776
:10C640006A100300F0B589B00446DDE911059DF8D4
:10C650003C609DF8407010B9002009B0F0BDA6EB19
:10C66000070EDEF1000C04969DF838604CEB0E0CC2
:10C67000CDE90012CDE90236CDE9057C044A234616
:10C6800029460DF02BFF0028E6DDA842E4D2E4E7BE
:10C69000E61103002DE9F04F95B0DDE920869246C2
:10C6A0000746DDE91E429946B8F1000F00D01CB9DB
:10C6B000002015B0BDE8F08F0DF1240B002A38D012
:10C6C000DFF878C058460021535C0BB1282921D1EE
:10C6D00001F150030DEB03012078002301F82C3CFD
:10C6E000FFF7B0FA637833B3621CCDF818B0636912
:10C6F000059323690290CDE90323CDE900A9104AEF
:10C700003B46314640460DF0E9FE0028D0DDB04200
:10C71000CED2CEE7A3F10905EDB2172D05D82CFA3C
:10C7200005F515F0010F18BF5F2300F8013B01313B
:10C73000CAE71146CCE7034AD7E700BF13008000E1
:10C740003D1203003B1203000D289ABF024B53F821
:10C7500020000248704700BF3CE202002E13030095
:10C760002DE9F04F0C46B5B015460AB10123137000
:10C7700000282ED0002C2CD0002D2AD00DF16F03D4
:10C780000E9333AB0C9332AB0B9331AB0A9330ABBC
:10C7900009932FAB08932EAB07932DAB06932CABCD
:10C7A00005932BAB04932AAB039329AB029328ABDD
:10C7B00001931CAE27AB009364490D9626AB25AAC6
:10C7C0000DF0B6FE102804D19DF8703083B9022315
:10C7D0002B70002035B0BDE8F08FA3F13002092A9C
:10C7E00006D923F02002413A192A01D92D2BEED186
:10C7F00016F8013B002BF0D1259F012F01D903230F
:10C80000E6E7329B2A9E15933343012B01D9072378
:10C81000DEE7289B1793179A4D4B9A4201D90523BF
:10C82000D6E72B9B1893A3F1640240F26C739A42F3
:10C8300001D90823CCE7319B1493339B1693169AA6
:10C84000149B1343032B01D90D23C1E72E9A119298
:10C850002F9A1292309ADDF8A4901392DDE926A364
:10C86000DDE92C8BBFB90AF5C872B2F5487F04D850
:10C8700003F5C872B2F5487F01D90423A8E7354A09
:10C8800009F1FF31914204D25EBB42F20F72914531
:10C8900027DC06239CE7002EB9D118F5167F08DBAC
:10C8A000BBF5167F05DCD84503DAC24501D15345F7
:10C8B00001D009238CE7119A0A3A5A2A01D90A238E
:10C8C00086E7129A013A632A01D90B2380E7139A6B
:10C8D000012A01D00C237BE71F4A09F1FF31914265
:10C8E000D7D8002129705322601C199310F0BCFF87
:10C8F000199BA360179BC4F804A0C4E90339189BD3
:10C90000C4F820B0C4E90638119B6362129B2385EA
:10C91000139B6385149B84F82C30159B03F0010353
:10C9200084F82D3007F00107169B84F82E3006F0AE
:10C930000106277026751CA8FBF79CFD1CA9421C4C
:10C9400004F1300010F069FF012043E736130300C3
:10C95000E093040080EE3600FF5B260570B590B0D2
:10C960001D46149E0C46034618B111B10AB105B11B
:10C9700016B9002010B070BD91F82E100F9194F8E8
:10C980002D100E9194F82C100D91618D0C91218D2C
:10C990000B91616A0A91216A0991E1690891A16983
:10C9A0000791217D069121690591E1680491A168B3
:10C9B00003916168029121782846CDE90021044A5B
:10C9C00031460DF08BFD0028D3DBB042D2D3D0E747
:10C9D000701303002DE9F04F85B004460EF0EAFE17
:10C9E000B0FA80F0C0F11F0004EB8006CD00D6F84D
:10C9F000109005F1040A0B4606358FB2B9F1000F0D
:10CA00000BD1E268012181400A43E260336124F8DE
:10CA10000A70675305B0BDE8F08F4FEAC9060436C7
:10CA200034F806B04FEACB0808F1060834F80830AD
:10CA3000994511D00C4B02930023CDE900331846E1
:10CA40000A4901220EF0C0FE002383F31188BFF3D0
:10CA50006F8F0423184602DF24F80AB024F80590EB
:10CA600024F80870A753D5E7AF140300F0DE0200E6
:10CA70002DE9FF4700EBC1030446B3F806804145AA
:10CA800002F104090CD1012303FA02F2C36823EA7C
:10CA90000203C360002340F8293004B0BDE8F087EA
:10CAA000B3F804A04FEACA0706374FEAC806C35BCB
:10CAB000994206F1040602D1835B994211D0002508
:10CAC0000B4B0293CDE900550A492B46012228461B
:10CAD0000EF07AFE85F31188BFF36F8F042318469A
:10CAE00002DF44F8298024F8078024F806A0D4E760
:10CAF000AF140300F0DE02001FB500EBC1030446D3
:10CB00005B88DB070A460ED40EF059FE34F830304D
:10CB1000C01A814207D134F831102046511A0EF064
:10CB20004EFE824211D00024094B0293CDE900440D
:10CB300008492346012220460EF046FE84F3118860
:10CB4000BFF36F8F0423184602DF04B010BD00BF8F
:10CB5000D3140300F0DE02002DE9F043884685B0CF
:10CB6000002900F0908004680E1F361BF50826F09F
:10CB7000070604EB0609B9F8027017F0010711D196
:10CB8000424B0391CDE90173414900973B46012295
:10CB900038460EF019FE87F31188BFF36F8F042318
:10CBA000184602DF294620460EF009FE34F83030E0
:10CBB000C01A854213D00027364B0293CDE9007787
:10CBC0003349CDF80C803B46012238460EF0FCFD7F
:10CBD00087F31188BFF36F8F0423184602DFA15B30
:10CBE0002046691A0EF0EBFDA84213D000272A4B0D
:10CBF0000293CDE900772649CDF80C803B4601220F
:10CC000038460EF0E1FD87F31188BFF36F8F0423E0
:10CC1000184602DFB9F8023023F00103A9F8023008
:10CC2000294620460EF0CBFD04EBC00307465B8887
:10CC3000DA070CD401462046FFF75EFF394620464E
:10CC40000EF0D2FD3A46294620460EF019FEA65BAC
:10CC5000AE1B04EBC6035B88DB070DD431462046D0
:10CC6000FFF74AFF314620460EF0BEFD2A46314608
:10CC700020460EF005FE35462946204605B0BDE8A3
:10CC8000F043FFF7A7BE05B0BDE8F0836C150300C5
:10CC9000F0DE02001C15030045150300B2F5802FDD
:10CCA0002DE9F8430ED33E493E4A3F484FF43773CF
:10CCB0000EF092FE3D480EF08FFE4FF4377139486A
:10CCC0000EF081FE042A0CD83949364A364840F223
:10CCD000E3230EF081FE37480EF07EFE40F2E321A2
:10CCE000EDE7043ACD1D114425F0070521F00706B4
:10CCF000A6EB0508B8F1170F4FEAD8070CD82E4954
:10CD0000284A29484FF43B730EF066FE29480EF07E
:10CD100063FE4FF43B71D2E7B7FA87F4C4F1200207
:10CD2000C4F12404A4000734E408631C4FF0000994
:10CD3000BB420560AF60C5F80C900CD91F49194A79
:10CD4000194840F202330EF047FE1A480EF044FE36
:10CD500040F20231B3E74946920005F1100010F0AD
:10CD600083FDA2B2530043F001036B803B1B9BB2D7
:10CD700005EBC4015800A5F80090488025F8342040
:10CD8000A6F8029025F8083005EBC70321465A881B
:10CD900042F001025A802846BDE8F843FFF71ABE68
:10CDA0000916030091150300CF1503001F16030099
:10CDB0003616030057160300701603009916030079
:10CDC0002DE9F04F91B08407009302F00403029321
:10CDD000C2F3C20303F10103DDF868A00392054624
:10CDE0000E46059340F0C881041D002838D101F09B
:10CDF0000706341DC6F10806009B4FF000085A1EB6
:10CE000004274FF0FF330193CDF81080C146C3468D
:10CE10003B460DB1009921600598002800F3C180C0
:10CE200094480099814203D393488142C0F0B9806D
:10CE3000039911F0020CA4EB050040F0CB80B9F18E
:10CE40000F0F40F2CA808D498D4A8E4840F28123EF
:10CE50000EF0C2FD8C480EF0BFFD40F28121B6E01D
:10CE60000729C9D86FF01B0011B0BDE8F08F7A28F0
:10CE70005AD84B280FD8472856D829282DD82528E6
:10CE80004FD051D8202818BF23280CBF4FF0010BDA
:10CE90004FF0000B6EE04C382E2845D8DFE800F04C
:10CEA0006A44444444444444444444444744444419
:10CEB0004444444444544447475454546A4768449F
:10CEC0006A4418471844447C7A47444447447A00EB
:10CED00000204FF0000B042734E02A38C0B20121B3
:10CEE00001FA00F010EA0E0F44D110F0625C2BD171
:10CEF00010EA010B3ED06046013C3C44B4FBF7F421
:10CF00007C4325B1A3EB050CA444B445AAD8002862
:10CF100000F097800599013905915AF8041B00919A
:10CF200077E70199013901914FF0000B22E012F8E7
:10CF3000010C6C2832D112F8023C00206C2B834685
:10CF4000C9D108273B46D7E70AF1070A2AF0070AA2
:10CF50000734FAE802BC24F0070435B106982044EF
:10CF6000B0423FF67FAFC4E900BC08344FF0000B7D
:10CF700008273B4612F8010F002800F08980BBF11A
:10CF8000000F7FF474AF2528F4D1019B0133019386
:10CF90004FF0010B0427ECE758469AE70020834640
:10CFA000AAE7039988072FD5601B4FF0010CB0F555
:10CFB000007FFFF444AF3149314A32484FF41F73C8
:10CFC0000EF00AFD31480EF007FD4FF41F712C489A
:10CFD0000EF0F9FC4FF0000CE9E705B309F1400150
:10CFE0000DEB010EC0F3870001990EF8200C0EF82E
:10CFF000101CBCF1000F0ED060F07F000EF8200C6A
:10D0000008F1010809F10109C5F10801043406918C
:10D010004FF6DA7EAEE7049801300490F2E7BCF1F7
:10D02000000F01D00136EDE7029802360028E9D161
:10D030000098CDE90632FBF71DFADDE90632064419
:10D04000E0E7042B08D10AF1040015B1DAF800106A
:10D050002160043482468DE70AF1070323F00703B9
:10D0600003F1080A1DB1D3E90001C4E90001083445
:10D0700008237FE7A0DA0200A4490300223D030051
:10D08000CC160300CF1503001B170300FA1603008C
:10D09000631BB3F5806F0CD339493A4A3A4840F2E2
:10D0A000D2230EF099FC39480EF096FC40F2D221C2
:10D0B0008DE71DB9A6F10804E018D5E6029A2860AC
:10D0C0009B082B709DF81030BAB1EB7085F8028088
:10D0D000B8F1000F05D008A80022C5F1010791455D
:10D0E0000DD1C5F1010308AF4FF0000A01930DF116
:10D0F000300BD14512D1601BB6E66B70E6E710F835
:10D10000013B190608D507EB040CB44503F07F0377
:10D110003FF6A8AE04F8013B0132E0E7B8F1000F9A
:10D1200003D097F90020002A16DB029BC3B11AF83E
:10D130000B2004F8012B0022019B18191044B04267
:10D140003FF690AE387804F8010B00990392204620
:10D1500010F063FB039A14440AF1010A0137C8E78F
:10D160003A7855F822300093029B45F82230009817
:10D17000FBF780F9421CDFE76FF00D0074E600BF9B
:10D18000223D0300CC160300CF1503003517030022
:10D19000014B1860704700BF5413002080B505464E
:10D1A0000E46174698460CF011FA034603F008FBAA
:10D1B000DFF83C90044649F8003042463946304694
:10D1C000A8470C4B1B7873B90B490C4A0C4840F22A
:10D1D00046330EF001FC0B480EF0FEFB074840F210
:10D1E00046310EF0F0FB54F8090003F085FA00BF59
:10D1F000080000003F2F0020881703005D17030080
:10D20000CF1503009B17030008B50446EFF3118305
:10D21000202383F31288BFF36F8F07F05BFF204654
:10D2200003F0E2FE02480EF0C1FB0EF040FFFCE707
:10D23000BD1703002DE9F043079D15B915600020C7
:10D2400012E00324B5FBF4F404EB4407BD4218BF1D
:10D250000134B4F1804F09D2A40001348C4200D8CB
:10D2600038B914606FF00B00BDE8F0834FF0FF3465
:10D27000F7E7DFF8BCE004460021B94203F1030CF4
:10D2800004F104062CD3A942274624D21F7801F1C9
:10D29000010CAC45264938BF5B784FEAA70E28BF82
:10D2A000002311F80EE084F800E0AC4501EB131EFA
:10D2B0003CBF9B0003F03C034FEA071707F0300721
:10D2C00038BFCB5C1EF80770677028BF3D23A37082
:10D2D0003D23E3703746381A002310603B70AEE7F9
:10D2E0001CF8034C1CF8023C1CF8018C4FEAA40902
:10D2F00024011EF8099006F8049C04F030040EEB9B
:10D3000013199B0019F8044006F8034C03F03C0382
:10D310000EEB981408F03F08E35C06F8023C1EF898
:10D32000083006F8013C033134466346A5E700BFE8
:10D330002D4903002DE9F043DDF81CE0DFF82081E2
:10D3400000273C463E46764526D3D4BB14600020D9
:10D35000BDE8F0830135754531D013F805C0BCF147
:10D36000200FF7D0AEEB0509B9F1010F16D0BCF1D3
:10D370000D0F13D103EB050999F80190B9F10A0FCC
:10D380001BD0B54205D1BCF13D0F0AD10137022FA8
:10D390000AD96FF01500DBE73546DCE7BCF10A0F70
:10D3A000EEE71CF0800FF4D118F80C607F2EF0D05F
:10D3B0003F2E01D8002FECD101346E1CC3E72E465E
:10D3C000C3E704F007054FF0060CE4080CFB05F575
:10D3D0000CFB04F40735E41B04EBD50470B18C425C
:10D3E0000CD80027DFF878E0DFF878801E4401468B
:10D3F00003253C46B34205D10C1AA7E714606FF031
:10D400000B00A5E713F8019BA9F10A0C5FFA8CFC4D
:10D41000BCF1160F04D828FA0CFC1CF0010FE9D15E
:10D420001EF809C00134BCF1400F08BF013D0CF0EB
:10D430003F0C042C4CEA8717DCD17DB13C0C012D4C
:10D440000C7002D101310024D4E7022D4FEA1724D9
:10D450004C7016BF8F7002310331F4E72C46C9E7D8
:10D46000AD480300090040002DE9F84F0546084685
:10D47000AB8B1907904616D501280CBF43F010035B
:10D4800043F02003AB83143528460CF02BFB002817
:10D4900040F0B181AE49AF4AAF484FF499730EF0F6
:10D4A0009BFA29469DE0022803F0070140F07D81A8
:10D4B00028460EF0B9FA052800F2FA8001A353F8C5
:10D4C00020F000BF87D40100ABD70100B1D6010026
:10D4D00055D50100EFD501004FD6010002F007023B
:10D4E000531F012B1AD80023062A2E68A4B2C5E9BF
:10D4F000003309D1334603E0EA8B0132EA831B682B
:10D50000002BF9D144F00204AC8328460EF08CFACB
:10D51000002800F05A8144F0200455E1042A0DD17E
:10D52000A4B2AC8328460EF07FFA0646002800F02D
:10D530004C8144F02004AC83002646E18749884AA8
:10D54000854840F21B130EF047FA40F21B11844845
:10D550000EF039FA49B18349814A7F484FF4AB73E1
:10D560000EF03AFA4FF4AB71F1E72B684BB97E49F4
:10D570007B4A794840F257130EF02EFA40F25711C9
:10D58000E5E72B691F684FB97849754A72484FF42F
:10D59000AD730EF021FA4FF4AD71D8E7AC8B24F0E7
:10D5A000070444F00604A4B2AC830E468A464FF04A
:10D5B0000609AB68002B00F00F814FF0010B44F01F
:10D5C0000804AC8305F1140420460CF08BFA002803
:10D5D00078D15F495F4A60484FF499730EF0FCF9C7
:10D5E000214663480EF0F8F94FF499718EE0022954
:10D5F00009D060495A4A584840F25D130EF0ECF9E0
:10D6000040F25D11A3E7EE8B4EB15B49544A52489C
:10D610004FF4AF730EF0E0F94FF4AF7197E72B6959
:10D620005F684FB951494E4A4B4840F261130EF0C2
:10D63000D3F940F261118AE7AC8B24F0070444F07F
:10D640000404A4B2AC83B2464FF00409B1E7012947
:10D6500009D04A49424A40484FF4B2730EF0BCF92F
:10D660004FF4B27173E72B684BB93F493C4A3A48D3
:10D6700040F265130EF0B0F940F2651167E72B69CF
:10D680009F684FB93949364A33484FF4B4730EF0A6
:10D69000A3F94FF4B4715AE7AC8B24F0070444F0BB
:10D6A0000504A4B20026AC83B2464FF0050980E71A
:10D6B0002A492B4A284840F26B130EF08DF940F2AC
:10D6C0006B1144E788F31188BFF36F8FBBF1000F34
:10D6D0001ED1002E33D117B129492846B847EFF3A0
:10D6E0001188202383F31288BFF36F8F20460CF03C
:10D6F000EBF900284AD1174A2249174884230EF033
:10D700006BF9214620480EF067F9842111481FE784
:10D71000A9680029DDD0D1F800800029D9D0D1F83E
:10D7200004B053464A462846D847B8F1000F04D003
:10D73000D8F8003041469846EFE74346FAE73146CD
:10D7400053464A46284636680EF09AF9C1E700BFAC
:10D75000C418030097180300CF150300223D0300EF
:10D76000F1170300161803002218030045180300E0
:10D77000DB1803005C180300721803008118030013
:10D7800005D80100F01803000519030020460CF02D
:10D79000BFF9AC8B24F00804A4B2AC83E20621D517
:10D7A00024F01003AB8304F00701D5F818A0AA8B6E
:10D7B000BAF1000F22F00704BFF690AE00232E68E6
:10D7C000C5E9003344F00104AC8304F0070989453E
:10D7D0004FF000077FF4EDAE0EB9002FDED04FF012
:10D7E000000BECE6A3067FF54EAE24F02003AB83DE
:10D7F00004F007015CE688F31188BFF36F8FBDE882
:10D80000F88F00BFF8B504460D4600F11406EFF39B
:10D810001187202383F31288BFF36F8F30460CF0FB
:10D8200053F968B90C4A0D490D4884230EF0D4F819
:10D830000C4831460EF0D0F8074884210EF0C3F8AA
:10D8400030460CF065F9A5613A4620460121BDE855
:10D85000F840FFF709BE00BF97180300F018030057
:10D86000CF150300051903002DE9F04704460E46C5
:10D870000EF0F6F8051E66DB04F11409EFF3118AC9
:10D88000202383F31288BFF36F8F48460CF01CF9F6
:10D89000804660B9374A3849384884230EF09CF8EE
:10D8A000494637480EF098F88421324843E048460C
:10D8B0000CF02EF9E38BA78B4FF6FF72934207F023
:10D8C000070743D0062F2CD8DFE807F01F43092BAA
:10D8D0001F041F006FF085054FF0000802E00133C0
:10D8E000E383022548460CF0FDF8002834D1214A94
:10D8F000244922484FF499730EF06EF849462248A5
:10D900000EF06AF84FF49971CFE700233360636833
:10D9100023B9C4E9006687B13D46DDE71E60666055
:10D92000F9E71A4915481A4A4FF4E4730EF054F80F
:10D9300017484FF4E4710EF046F852460221204693
:10D94000FFF792FD3D462846BDE8F0876FF00A05D7
:10D95000C2E76FF00405BFE78AF31188BFF36F8F4A
:10D96000B8F1000FEFD000233A46314620460EF0C2
:10D9700087F8E8E797180300F0180300CF150300B5
:10D9800005190300C4180300DB1803008118030005
:10D99000F1170300F8B5054600F11406EFF31187FF
:10D9A000202383F31288BFF36F8F30460CF08CF87E
:10D9B00060B9264A2649274884230EF00DF83146DF
:10D9C00025480EF009F8842120482BE030460CF061
:10D9D0009FF8AC8B04F00704022C17D0012C0CBF6D
:10D9E0006FF004046FF0850430460CF07BF838BB10
:10D9F000164A1A4917484FF499730DF0EDFF314656
:10DA000017480DF0E9FF4FF49971DDE7EB8B5BB937
:10DA100014491048144A40F2EF130DF0DDFF12488C
:10DA200040F2EF110DF0CFFF013B9BB2EB83002BD7
:10DA3000DAD13A4621462846FFF716FD2046F8BDC2
:10DA400087F31188BFF36F8FF8E700BF97180300C3
:10DA5000F0180300CF15030005190300C4180300D4
:10DA6000DB1803001B190300F11703002DE9F04137
:10DA70000F460546002850D000294ED000F114066C
:10DA8000EFF31188202383F31288BFF36F8F3046A2
:10DA90000CF01AF860B9224A2249234884230DF079
:10DAA0009BFF314621480DF097FF84211C4817E069
:10DAB00030460CF02DF839462846AC8B0DF099FF16
:10DAC00080B104F00704231F022B0DD91849164812
:10DAD000184A40F22D230DF07FFF164840F22D2109
:10DAE0000DF071FF6FF0770430460BF0FBFF68B963
:10DAF0000B4A11490C484FF499730DF06DFF3146F4
:10DB00000E480DF069FF4FF49971CFE788F3118843
:10DB1000BFF36F8F2046BDE8F0816FF01504F9E781
:10DB200097180300F0180300CF1503000519030030
:10DB300029190300F1170300C4180300DB180300C0
:10DB400008B54268816002F00302032A03460AD046
:10DB50006AB908490848094A45230DF03DFF0748BE
:10DB600045210DF030FF006800225A6008BD0020FA
:10DB7000FAE700BF223D0300CF150300A019030000
:10DB80002DE9F34106460F4615464FF000082A4698
:10DB900001A930460DF0C6FF044640B102463946A1
:10DBA00001980FF03AFE2D1BA0442744EFD14246C6
:10DBB000311D30460DF0D4FF48B107490748084AE7
:10DBC00048230DF009FF064848210DF0FCFE4046B1
:10DBD00002B0BDE8F08100BFF1190300CF150300CA
:10DBE000C61903002DE9F34107460E4615464FF0CE
:10DBF00000082A4601A938460DF0A3FF044648B1A3
:10DC00002EB10246019930460FF007FE26442D1B27
:10DC1000A044EED1424607F10A0138460DF0A0FFBC
:10DC200048B107490748084A63230DF0D5FE064866
:10DC300063210DF0C8FE404602B0BDE8F08100BF90
:10DC4000F1190300CF150300C619030008B558B930
:10DC500007490848084A40F235130DF0BDFE064852
:10DC600040F235110DF0AFFE4368587908BD00BF92
:10DC7000321A0300CF150300FA19030010B548B992
:10DC800008490948094AA0230DF0A6FE0748A0212B
:10DC90000DF099FE03681B6913B1BDE810401847E9
:10DCA000184610BD321A0300CF150300FA190300FD
:10DCB0002DE9F84FDFF8ECA0DFF8EC80AAEB0803C1
:10DCC0008F2B81460F460BD93849394A394840F2E3
:10DCD00053130DF081FE40F2531135480DF073FEE1
:10DCE00035480DF05BFF064650B3BDE8F88F237B47
:10DCF0008BB12368DB680BB12046984763682046E8
:10DD000083F806B0FFF7BAFFB0B963680422196858
:10DD100020460DF068FF01361034544515D92749C7
:10DD2000234A244840F25F130DF056FE24480DF0BC
:10DD300053FE40F25F11D0E70BFA06F31D43EAE70A
:10DD4000444605464FF0010BE7E7D0D3B9F1000F89
:10DD5000CBD04FF00109002DC7D02E4695FAA5F47F
:10DD6000B4FA84F409FA04F308EB04146FEA030A22
:10DD700025EA0305237B5BB12046FFF77FFF38B917
:10DD8000636804221968204606EA0A060DF02BFF94
:10DD9000002DE3D127B14FF4A47000210BF06EFBEE
:10DDA0003546D8E768DF020048DF0200761A030034
:10DDB000491A0300CF150300881D0020A61A03008E
:10DDC000C71A0300014B53F82000704774E20200A9
:10DDD00008B5034608462BB1044A136000F0D4FA94
:10DDE000002008BD6FF01500FBE700BF58130020AE
:10DDF000144A1548002310B51370144A1360144ACE
:10DE00004FF400411360FFF7E3FF124B124918462D
:10DE10008B4215D91149124A124840F22B130DF0CA
:10DE2000DBFD11480DF0D8FD0D4840F22B110DF02F
:10DE3000CAFD1A1A5C681211013222711033E7E729
:10DE4000F7D310BD0D2F002099BB0200801D0020CC
:10DE5000841D002048DF020068DF0200A61A0300CC
:10DE6000491A0300CF150300C71A030070B5134DFC
:10DE7000297811BB0120FFF71BFF114C114EB44252
:10DE800018D91149114A124840F2CF130DF0A4FDE0
:10DE900010480DF0A1FD0D4840F2CF110DF093FD9B
:10DEA0002046FFF7D3FE18B1236820469B689847A9
:10DEB0001034E4E7F4D301232B7070BD0D2F002044
:10DEC00048DF020068DF0200A61A0300491A0300B7
:10DED000CF150300C71A030010B5044608480DF01B
:10DEE0005DFE5CB1BFF35B8F064B53E8001F013949
:10DEF00043E80012002AF8D1BFF35B8F10BD00BFCA
:10DF0000801D0020841D002070B5124B124C1B6830
:10DF1000124E05469847A860B44219D91049114AD3
:10DF2000114840F20A230DF057FD10480DF054FD42
:10DF30000C4840F20A210DF046FD2046FFF786FE10
:10DF400020B1236829461B68204698471034E3E730
:10DF5000F3D370BD5813002048DF020068DF0200D1
:10DF6000A61A0300491A0300CF150300C71A0300BD
:10DF7000044A054B9B1AB1EBD30F34BF52F8310062
:10DF80000020704778DE020048DF02002DE9F04FE4
:10DF900087B004AFD7E90EBA3E6B054688461446F3
:10DFA0009946BBF1000F2CD0C7F804A0CDF800A013
:10DFB0007A6B5B4610210020FEF702FF00280BDA87
:10DFC00029492A4A2A484FF4B4730DF005FD4FF44D
:10DFD000B47126480DF0F7FCB0F5006F014612D37E
:10DFE00040F2FF730393234B02930023CDE90033E8
:10DFF0002149022218460DF018FE0C37BD46BDE837
:10E00000F08F5946584604F0070205F00704E40073
:10E0100044EA821444EA402444EA065417360E4483
:10E0200026F00706ADEB060D04ADBBF1000F13D0D3
:10E03000CDF800A07A6B5B4605F11000FEF7C0FE3C
:10E04000002809DA0849094A094840F28D130DF001
:10E05000C3FC40F28D11BCE74B46224641462846A0
:10E060000DF0CAFDC9E700BF1F1B0300F31A030030
:10E07000CF150300291B030098DE0200406820B181
:10E08000034BC01A40F3CF0070474FF0FF3070478A
:10E0900078DE02000EB403B503AB014653F8042B3F
:10E0A0000448019302F0B2FD02B05DF804EB03B046
:10E0B000704700BF67BC0200CA0605D48B064CBF80
:10E0C00002490349FFF7E6BF704700BF533F030013
:10E0D000611B03002DE9F04F87B004469DF848808E
:10E0E000DDF850A0169F04920D469946B8F1000F36
:10E0F00000F0A180B8F1040F0BD98B498B4A8C48F2
:10E100004FF415730DF068FC4FF4157187480DF04E
:10E110005AFC07F4807305930DF063FD07F0020BC2
:10E120000246002856D083492046FFF7B3FF064633
:10E13000BBF1000F08D017F0440F4DD17E492A469D
:10E140002046FFF7A7FF064407F0010353B17B4BBE
:10E150007B4953F828207B4B2046002A08BF1A46EB
:10E16000FFF798FF07F48073002B07F0080318BF30
:10E170004FF00009002B5BD0734B744953F82820F3
:10E180002046FFF787FF0546049B2BB170491A46CE
:10E190002046FFF77FFF0544B9F1000F05D06D4918
:10E1A0004A462046FFF776FF05446B483544139BEB
:10E1B000002B46D0694922460DF0C3FB002840DA07
:10E1C00067495A4A5A4840F2B1230DF005FC40F223
:10E1D000B1219BE70646ABE7624B18680028B2D036
:10E1E000614B4FF47A7B1B68B5FBF3F54FF4616329
:10E1F000B5FBF0F100FB11550BFB05F54FF03C0CA6
:10E20000B1FBF3F203FB1211B5FBF0FEB1FBFCF323
:10E2100000FB1E550CFB13110BFB05F50091B5FB24
:10E22000F0F55249CDE901E52046FFF733FF8AE7D3
:10E2300007F00805A8E7012B0CBF47484C484546A6
:10E24000B5E7159B002B54D0DDF854903946B9F151
:10E25000100F204628BF4FF01009FFF72DFF0026B2
:10E26000B54218DC002633461AF8032041492046FF
:10E27000FFF710FF0136102E13D0710703D13E496E
:10E280002046FFF707FFB1453346EDD83B4920460E
:10E29000FFF700FFEEE738492046FFF7FBFE0136A7
:10E2A000DEE7374920460026FFF7F4FE33461AF82A
:10E2B00003203449A2F120035F2B28BF2E222046E1
:10E2C000FFF7E8FE0136102E0DD0720703D12A4960
:10E2D0002046FFF7DFFEB1453346E8D82649204601
:10E2E000FFF7D8FEEEE7159BB3EB0903CA4415937D
:10E2F000AAD1B8F1000F0AD0FB0704D5114A104982
:10E300002046FFF7C7FE39462046FFF7D5FE626874
:10E31000A1682068D2E900230DF097FC6368002211
:10E320001A6007B0BDE8F08F981B0300691B03005B
:10E33000CF150300A31B0300A71B030084E2020008
:10E340004E360300641B030098E20200CC1B03005E
:10E35000D21B0300D61B030067BC02000D0C020099
:10E36000DB1B0300901D00208C1D0020B01B030050
:10E3700083BC0200E41B0300EC1B0300EA1B030048
:10E38000EE1B03006D130300074A00210123904296
:10E3900006D8064A01B901231360054B186070477F
:10E3A00040085B000121F2E740420F008C1D002075
:10E3B000901D0020014B01221A7070470E2F002083
:10E3C000014B002019607047A81D002010B5064BB6
:10E3D00018680C46FFF7F6FC21460346BDE81040DE
:10E3E00002480F22184700BFA81D0020C8E2020003
:10E3F000F8B5094D094B0A4ED5E9004701221A70BC
:10E400000CB92C60F8BD214630463A4600F00AF8B7
:10E41000241A0644F4E700BF9C1D00200F2F0020A3
:10E42000102F0020F8B5194D07460E460424324639
:10E430003946002008F008FCC8B101232B70144BAA
:10E440001B782BB93046F8BD5CB92C704FF0FF3407
:10E45000002008F043FC0028F4D02B78002BF3D1E7
:10E46000F0E7013C41F288300FF04BF8F0E72B78F1
:10E4700013B1013C04D12C702B78002BD7D1E1E7EC
:10E4800041F288300FF03DF8F6E700BF0E2F002074
:10E490000F2F0020F8B5074F0D4604464618B4422A
:10E4A00001D12846F8BD14F8011BBB6801485B6820
:10E4B0009847F4E7ACDB020010B543681C680948D4
:10E4C0000FF023F848B908490848094A99230DF084
:10E4D00083FA074899210DF076FA23685B685C603F
:10E4E00010BD00BFACDB02005E1C0300CF150300B3
:10E4F000201C0300014B0360002070470CE3020066
:10E500002DE9F0471C4CDFF87480DFF87490054665
:10E510000E461746444529D91A491B4A1B484FF451
:10E52000BB630DF059FA1A480DF056FA16484FF42D
:10E53000BB610DF048FA6268D9F824309A4213D3CF
:10E54000A3698BB1A9889078C9B2884205D13A46AF
:10E5500031462846BDE8F04718475279012A03D1D1
:10E560003A463146284698472434D3E7E3D36FF040
:10E570008500BDE8F08700BFBC170020041800200C
:10E58000D01D0020C41C0300921C0300CF15030003
:10E59000C71A03002DE9F041154B164F5E6A164B62
:10E5A000BB421FD91549164A164840F2BB530DF01D
:10E5B00013FA15480DF010FA114840F2BB510DF056
:10E5C00002FA5C68B4420BD31D694DB194F802C0E5
:10E5D0008488E4B2A44503D12B46BDE8F041184736
:10E5E0002433DDE7EDD36FF08500BDE8F08100BF97
:10E5F000D01D002004180020BC170020C41C0300FC
:10E60000921C0300CF150300C71A0300024B00221F
:10E610001A605A60704700BF8B1E00202DE9F04140
:10E62000134CDFF8508005460E46174644451AD96C
:10E630001149124A12484FF4C1630DF0CDF9114847
:10E640000DF0CAF90D484FF4C1610DF0BCF96369D2
:10E650000BB92434EAE73A46314628469847002861
:10E66000F7D1BDE8F081F2D36FF08500F9E700BF84
:10E67000BC17002004180020C41C0300921C0300D7
:10E68000CF150300C71A0300430670B520D0134B03
:10E69000134CA3421ED91349134A14484FF47D73F7
:10E6A0000DF09AF912480DF097F90F484FF47D716B
:10E6B0000DF089F9196A1E7F00220439D5B2AE42E5
:10E6C00001D82433E5E7013211F832508542F5D103
:10E6D000012001E0EED3002070BD00BFBC17002078
:10E6E00004180020C41C0300921C0300CF15030073
:10E6F000C71A030008B509480378C3F341130A3366
:10E7000050F823303BB100F1080200F110019847A6
:10E71000C043C00F08BD1846FCE700BFD01D002055
:10E72000F0B5848887B0E4B220460D468DF81740D6
:10E73000FFF7AAFF0646E0B114F07F0F1A4F02D090
:10E7400097F8BA306BB30394B5B1184B029300231A
:10E750001846CDE90033164903220DF004FB9DF85D
:10E76000170003F04BFDFB691BB10DF117010820E9
:10E770009847304607B0F0BD0E4B0D490095CDE9E6
:10E78000015303222B4628460DF0EDFA9DF81700A1
:10E7900003F06CFDFB69002BEBD00DF11701092094
:10E7A000E6E71E46E5E700BFD01D0020E71C03009A
:10E7B00028DF0200FA1C030010F0700F1FB500F0F4
:10E7C0007F030ED000240A4B039002932046CDE92C
:10E7D00000440849234601220DF0C5FA204604B042
:10E7E00010BD10F0800F18BF103301209840F6E7DD
:10E7F0000F1D030028DF020030B585B005460DF07F
:10E800002DFE10F1780F044616D1134B029300230E
:10E81000CDE9003311490395022218460DF0A3FA01
:10E820002846FFF7C9FF0E4AD2F8C43023EA000396
:10E83000C2F8C43000240CE00028F1D0094B029348
:10E840000023CDE9003305490395012218460DF058
:10E850008AFA204605B030BD2A1D030028DF0200D9
:10E86000D01D00204B1D030004282DE9F74FDFF8D1
:10E87000D89004460F461AD0012834D1DFF8CC8056
:10E8800098F8B9307BB300F071FF314D4D453AD95E
:10E890003049314A314840F2C2430DF09DF83048CA
:10E8A0000DF09AF840F2C2412B480DF08CF8FFF7BA
:10E8B000ADFEE3E702EBC606019230790DF0CEFD26
:10E8C00083463079FFF778FFD8F8C430019A23EAFD
:10E8D0000003BBF1000FC8F8C4300AF1010A16DAD0
:10E8E000002388F8B9301A4D4D451FD919491A4AE5
:10E8F0001A4840F2EE430DF06FF819480DF06CF82D
:10E9000040F2EE41D0E7EBD22A6A4FF0000A2B7FAB
:10E910005FFA8AF6B342CDD82435B7E7EB681BB16E
:10E920003A462146284698472435DDE7F6D3074B7B
:10E930001B6A2BB13946204603B0BDE8F04F18479B
:10E9400003B0BDE8F08F00BF04180020D01D0020E8
:10E95000BC170020C41C0300921C0300CF15030049
:10E96000C71A030070B586B0044680788DF8100091
:10E9700023796279324D43EA0223ADF81230E3780D
:10E9800003F003038DF81430FFF716FFD5F8C430F9
:10E99000184206460CD0A478204600F0C9FE204656
:10E9A000FFF72AFF0EF067FE10B996200AF098FDD7
:10E9B00004A803F0F1FB10F1780F9DF8103027D177
:10E9C0000393204B02930023CDE900331E4902221A
:10E9D00018460DF0C8F99DF8100003F083FC10F103
:10E9E000780F25D19DF810300393184B0293002324
:10E9F000CDE900331449022218460DF0B4F9D5F8D8
:10EA0000C4300120334385F8B900C5F8C4300DE0A7
:10EA10000028E0D003930E4B029300231846CDE963
:10EA20000033094901220DF09EF9002006B070BDA7
:10EA30000028E4D09DF810300393064BECE700BFAC
:10EA4000D01D00206D1D030028DF0200B41D03004F
:10EA5000901D0300D41D03002DE9F047A54DAB69BF
:10EA600004460E46174663B9207800F01F000128BF
:10EA700078D0022800F0DF8040B16FF01500BDE8CB
:10EA8000F08798470028EFD10020F8E794F900209C
:10EA90006378002A28DA062B09D0082B3A681ED0A2
:10EAA000002BEAD15370012313700223FDE0638829
:10EAB000190A0A1F012A8C46DFD90729DDD8DAB2E4
:10EAC0006B6A1C78002CD8D05D78654503D18242F2
:10EAD00000F0E68001302344F3E71B78E5E095F889
:10EAE000BA3013700123E0E0052B16D0092BC4D1F6
:10EAF000638833B1FF276E6AB8463378A3B900281C
:10EB0000BBD0FFF783FD638885F8BA30EB69002B33
:10EB1000BAD0794903209847B6E76088C0B203F0BD
:10EB2000D1FA0028B0D0A8E77378042B0DD0052BBC
:10EB30000ED0022B06D177796388BB4208BF40F024
:10EB40000100C0B233781E44D7E796F80380F9E796
:10EB50006388BB42F6D1B8F1000FF3D13046FFF71E
:10EB600001FFEFE795F8BA30002B86D0A188D5F8E1
:10EB700024805FFA81FC43461A78002A3FF47DAF77
:10EB80005878022804D193F804E0E64500F28F801B
:10EB90001344F1E713705370306075E7984493E0C5
:10EBA0000B2B7FF46AAF0026FF27B946B24608E078
:10EBB00098F80130042B11D0052B21D098F80030A3
:10EBC000984498F80030002BF2D1EB6913B151460C
:10EBD00007209847002E7FF457AF4EE798F8027051
:10EBE000A38898F803909F42E8D163889945E5D1BE
:10EBF000072F1DD8EB19C24683F8BB900126DDE72D
:10EC0000A388BB42DAD16388DBB24B450BD098F8BE
:10EC10000260304600F08CFD3046FFF7EDFDB0FAA3
:10EC200080F67609CAE74046FFF79CFE0646C5E730
:10EC3000C2460026C2E794F900206378002A19DA58
:10EC4000002B7FF41AAFA488E4B22046FFF71CFD26
:10EC500000283FF412AF630604D095F8BA30002BB9
:10EC60003FF40BAF3D682046294603F01FFB00230D
:10EC70006B701AE7012B08D0032B7FF4FEAE63887C
:10EC8000002B7FF4FAAE012103E0618800297FF4B4
:10EC9000F4AE2046FFF744FD00287FF4F5AEECE625
:10ECA00002293B607FF419AF5B883360ECE694F98E
:10ECB00000206378002ABFF673AF3A68002B3FF458
:10ECC00069AF0A2B7FF4D9AE98F80030002B3FF4DF
:10ECD000D4AE98F8010004287FF460AF98F80200E1
:10ECE00081427FF45BAF072996BF4919002391F851
:10ECF000BB30F6E6D01D00208A1E00202DE9F04F23
:10ED0000DFF848B085B005460F4690469946042680
:10ED10004FF0000A4B4642463946284603F00CFBAA
:10ED200010F10B0F04460DD10023CDE902B5CDE95A
:10ED300000AA0749022218460DF015F80AF086FAD3
:10ED4000013EE7D1204605B0BDE8F08FF51D030078
:10ED500028DF020013B5164C237DF3B9E268A168E1
:10ED6000019201AB8020FFF7C9FF019AA368134409
:10ED7000A360E3689B1AE3606BB962B12369E28820
:10ED80009A4208DD94F8C82093FBF2F102FB11339C
:10ED90000BB90123237502B010BD00231A46194692
:10EDA0008020237502B0BDE8104003F0C5BA00BF53
:10EDB000D01D002070B588B000230D46059306468F
:10EDC000002866D100293ED10B46082206A90DF085
:10EDD0005EFB002803DA802003F010FA24E0384CB0
:10EDE000069A2260079A626004F13802A2609DF9D7
:10EDF0001820BDF81E302575002AC4E9035515DB1F
:10EE0000802B0ED92F4B30490095CDE901530122BB
:10EE10002B4628460CF0A7FF802003F0EFF9284688
:10EE2000DAE71BB1C4E9033308B070BDFFF762FC39
:10EE30000028D0D0E28823699A42D4BFE260E36020
:10EE4000FFF788FFF0E71E4CD4E90212002A05AB59
:10EE500005DC02460DF01BFB0028E5DABBE70DF0F0
:10EE600016FB002804DA802003F0C8F93046B3E727
:10EE7000059AA3681344A360E3689B1AE360002B20
:10EE8000D2D104F13803A360FFF734FC0028D7D1B6
:10EE9000A1E7802807D10A4BDA68002AD0D11B7D70
:10EEA000002BCDD1C0E7094909480A4A4FF4C57380
:10EEB0000CF092FD07484FF4C5710CF084FD00BFC3
:10EEC000D01D00201C1E030028DF0200223D03008D
:10EED000CF150300921C0300054B064A9A62064AAE
:10EEE000DA62064A1A63064A58629A61002070473D
:10EEF000D01D002059EA010095E501001DE6010042
:10EF000001E501002DE9F041044686B05C4D5D4805
:10EF10004FF0FF334FF0FF3208F060FB95F8B83048
:10EF200093B1594B02930023CDE900335749022294
:10EF300018460CF018FF6FF07704524808F016FCE2
:10EF4000204606B0BDE8F0816E6A96B900F0F8F888
:10EF5000FFF7C2FF6E6A66B94D4B4C490096CDE98A
:10EF600001630122334630460CF0FDFE4FF0FF34C2
:10EF7000E3E748482C62E86103F030FB03F074F8E3
:10EF8000041EDADB00F014FC041ED6DB7378012BC0
:10EF900001D1F37963B9404B02930023CDE90033EB
:10EFA0003A49012218460CF0DEFE6FF01504C4E762
:10EFB000002604A885F8C830ADF812308DF814602A
:10EFC0008DF8106003F0E8F8041EB6DB802704A873
:10EFD0008DF8107003F0E0F8041EAEDB2F493046C8
:10EFE00003F0E8FA041EA8DB2C49384603F0E2FAE5
:10EFF000041EA2DB2A4CDFF8AC80444521D92A4903
:10F000002A4A2B484FF4C3630CF0E6FC29480CF065
:10F01000E3FC26484FF4C3610CF0D5FC276A0026B8
:10F02000227FF3B29A4201D82434E6E707EBC30209
:10F0300057F83310107903F0BDFA01360028EFD0ED
:10F0400094E7EBD3002003F04DF9041EFFF675AFF3
:10F05000D5F8C430802043F00103C5F8C43003F074
:10F0600041F9041EFFF669AFD5F8C43043F480338C
:10F07000C5F8C430012385F8B83000245DE700BF2F
:10F08000D01D002048160020351E030028DF020096
:10F09000581E030069E801007D1E0300B5ED010064
:10F0A000BC17002004180020C41C0300921C03009D
:10F0B000CF150300C71A030030B51F4B8BB005AA4C
:10F0C00003F1100518685968144603C40833AB42AD
:10F0D0002246F7D11B78237001AC10220021204674
:10F0E0000EF0C2FB1222002114480EF0BDFB1021CD
:10F0F00020460DF07DFA00281ADD0828B8BF082048
:10F1000009380E4A0444002114F8013F0AA800EB14
:10F11000131003F00F0328336B44013110F8140C63
:10F1200013F8143C10700829537002F10202EBD15D
:10F1300002480BB030BD00BFB71E0300132F0020E4
:10F140002DE9F04FA64B93F800908BB0B9F1000F6A
:10F1500003D0A4480BB0BDE8F08FA24C00264FF0BE
:10F16000011805963546374623783BB99E4B023445
:10F170009C42F3D19A4A01231370EAE76378052B86
:10F1800008D8DFE813F0DB000A000600DB003100DE
:10F190007000274623781C44E6E7402308A88DF832
:10F1A0002090ADF822308DF8249002F0B9FFB8B16C
:10F1B000082308A8ADF8223002F0B2FF80B18B49D5
:10F1C0008B4A8C48ADF8229040F28F130CF004FC6F
:10F1D00089480CF001FC40F28F1185480CF0F3FBDC
:10F1E000BDF82230E371D5E7E378002BD2D1A378C4
:10F1F000002B33D1814D03E06B689C4229D024352C
:10F200007F4B9D420CD97F49794A7A484FF49B73D2
:10F210000CF0E2FB7C480CF0DFFB4FF49B71DCE769
:10F22000EAD37A4B02930023CDE900337849039463
:10F23000012218460CF0A6FD0024764B02932046CE
:10F24000CDE900447249234601220CF09BFD204683
:10F2500080E7AB6813B1059920469847059B0133B9
:10F26000DBB2059396E7002D65D16B4B0095CDE998
:10F2700001532B466649012218460CF083FDDBE75B
:10F280002A6A94F802C002EBC3021079844548D17F
:10F290004FF0010AE07800F003008DF82400207997
:10F2A00094F805C040EA0C20ADF8220094F9020061
:10F2B00000285FFA8AFB28DA0AF1100001FA00F050
:10F2C00010EA080F28D14BF080008DF8200008A824
:10F2D000CDE9063202F024FFDDE906320121D8B97A
:10F2E0009DF82030A37013F0800F18BF0BF1100BA6
:10F2F000137118BF5FFA8BFB0B460CBF03FA0AF3BE
:10F3000001FA0BF348EA030844E701FA0AF010EAAD
:10F31000080F01D15846D8E70AF1010ABAF1100FD7
:10F32000B8D101332A7F9342AAD33C4B02930023E6
:10F33000CDE900339EE700230121F3E7032E27D117
:10F34000FFF7BAFE8346B8B1F9F794F8824698B150
:10F35000102809D0324B02930023CDE900332C4909
:10F36000022218460CF00EFD5246102AA8BF1022A9
:10F370005946A01C0EF051FA23786FF002001A19BA
:10F38000001B04EB5303D0420BD50136F6B201E764
:10F39000002EF1D1DFB9234B0097CDE901733B4635
:10F3A00068E7197820395E290AD91F49104A11489F
:10F3B000CB230CF011FB1D480CF00EFBCB210CE70E
:10F3C00002F8019C13F8011902F8021DDBE7E31BA8
:10F3D000BB70C3F30723FB70059B3B71D5E700BFF0
:10F3E000122F0020C0160020B9170020FE1E0300B7
:10F3F000C81E0300CF150300071F0300BC17002021
:10F4000004180020C41C0300C71A03002E1F0300A9
:10F4100020DF0200952003004E1F03008F1F030012
:10F42000AC1F030078200300F71F03002E20030009
:10F4300010B5094B00211A461C78844204D15C683F
:10F4400014B102EB811010BD0131042903F1400316
:10F45000F2D10020F7E700BF9C1E00202DE9F0410B
:10F4600050F8283C10F82C6C103388B004460BD1AF
:10F47000036950F8202C13F0020542D0D2B9590785
:10F4800015D5002344F8283C54F8283C10330BD001
:10F4900054E9077554F8148C0EF0EDF8002862D08A
:10F4A000374821460EF0D7F808B0BDE8F08143F0A8
:10F4B0000403036154F8241C07AB3046FFF71EFC1D
:10F4C00070B1304B02930023CDE90306CDE9003340
:10F4D00018462D4901220CF094FC6FF01503D1E77A
:10F4E000079A54F8243C134444F8243C54F8203C34
:10F4F0009B1A44F8203C54F81C3C134444F81C3C30
:10F50000C2E750F8241C07AB304602F0A3FF38B125
:10F510001C4B0095CDE90153CDE903062B46D7E7F7
:10F52000079D54F8243C2B4444F8243C54F8203CD8
:10F530005B1B44F8203C54F81C3C2B4444F81C3C16
:10F54000002D9ED0304603F04FF8B5FBF0F303FBDF
:10F550001055002D95D154F8203C002B91D0304609
:10F5600002F0D6FF90E744F8180CA4F1100008F060
:10F5700035FB002D98D0424639463046A84793E7E0
:10F5800078180020C320030038DF020070B54B1E3E
:10F59000012B86B006460D4618D8FFF749FF0446F2
:10F5A000B0B9012D12D105AB01220DF11301304686
:10F5B00002F050FF059B002BF5D10F4A0F49009335
:10F5C000CDE90132184601220CF01BFC06B070BDDB
:10F5D0000EF051F804F12C0108B1012D05D10846B7
:10F5E00006B0BDE87040FFF739BF054806B0BDE87A
:10F5F00070400EF030B800BFE020030038DF02009A
:10F60000781800202DE9F04F87B005460591164681
:10F6100098460CF006FC00287AD1EFF3118304938E
:10F62000202383F31288BFF36F8FDFF8EC908346BB
:10F6300000230022484608F04DFB0346B8B9DFF826
:10F64000DCA04FEA8B170AEB8B1BDBF8044014F1AC
:10F65000100F28D1324A33490395CDE901020090B9
:10F6600001220CF0CEFB484608F0B8FA12E00BF18C
:10F67000010BBBF1040F09F14009D9D12A4B0293C8
:10F680000023CDE900332749012218460CF0B9FBCD
:10F690006FF00B04049B83F31188BFF36F8F204638
:10F6A00007B0BDE8F08F109B059ACBF81430119B82
:10F6B000CBF81000CBF8183028466FF00F03CBE9D9
:10F6C00002260AF80750CBF83C80CBF8043002F051
:10F6D0008BFF68B1284602F087FFB6FBF0F303FB0F
:10F6E00010662EB1DBF83C3043F00403CBF83C301D
:10F6F00018F0020F07D007F12C010C4851440DF00F
:10F70000AAFF0024C6E7284602F002FF0446C1E72C
:10F710006FF00F04C3E700BFB81E00209C1E00203E
:10F720001521030038DF0200FA20030078180020BA
:10F7300010B5EFF31184202383F31288BFF36F8F8A
:10F74000FFF776FE50B14368103307D16FF08B039B
:10F75000436000F12C0104480DF07DFF84F3118813
:10F76000BFF36F8F10BD00BF78180020F8B50E4CA6
:10F7700004252027EFF3118687F31288BFF36F8FDC
:10F780006368103307D16FF08B030848636004F19E
:10F790002C010DF060FF86F31188BFF36F8F013DE0
:10F7A00004F14004E6D1F8BD9C1E0020781800202A
:10F7B00038B5094C00250949204608F051FD0122C1
:10F7C000A4F11000114601350DF027FF042D04F1BE
:10F7D0004004F0D1002038BDC81E00205DF40100B7
:10F7E0000169012381F84B300B6833B191F849303E
:10F7F0001BB1024808310DF02EBF70477818002069
:10F800000169012381F84A300B6833B191F848301F
:10F810001BB1024808310DF01EBF70477818002058
:10F8200070B50569EFF31186202383F31288BFF3C7
:10F830006F8FD5F89000FEF7A3F9044686F3118880
:10F84000BFF36F8F30B104480022002305F1180187
:10F8500008F052FE204670BD7818002070B50123D4
:10F8600082F8483013680D4614463BB192F84A308E
:10F8700023B10E4802F108010DF0EDFED4F89030EE
:10F880005A89DB889A4205D17DB904F1180140F606
:10F89000CD4204E004F11801002DF8D00022BDE8AB
:10F8A00070400248002308F027BE70BD7818002081
:10F8B00070B50E4681880446C9B2154815460CF04D
:10F8C0007CFA10B394F900206378002A16DB202B11
:10F8D00004D0222B0ED06FF085000AE02B681A6846
:10F8E00040F8102C9A8820F80C2C9B7900F80A3CE0
:10F8F000002070BD638800F8093CF9E7212BEAD1AC
:10F900001038072328603360F2E76FF01200F0E749
:10F91000A01F002008B5014603480CF05CFA10B1A6
:10F92000012300F8073C08BDA01F00200D4A034634
:10F930000021A0F848101068C3F8940090889279CC
:10F94000A3F8980083F89A2083F89C1083F89B1002
:10F95000A3F89E1083F8A010402203F14C000DF094
:10F9600083BF00BF98DF020010B504690023C4F80C
:10F97000A8300C4BC4F8A400596804F1A80269B976
:10F98000C3E9002204F10800074908F069FC04F10A
:10F990001800064908F084FD002010BD0A605A6076
:10F9A000F0E700BFA01F00204DBE020079FA010061
:10F9B00030B54FF40033426805690D4C85B042F212
:10F9C000A100CDE90103002385F89D30106AADF850
:10F9D0000C1000790A2201A9FFF790F995F89D30E3
:10F9E00023B901200DF08DFD013CF7D105B030BDEC
:10F9F000A186010073B504698DF80710002384F80F
:10FA000048302025EFF3118685F31288BFF36F8FFE
:10FA10000122D4F890000DF10701FEF7B1F886F34A
:10FA20001188BFF36F8F012810D00DF024FEB0B104
:10FA30000F4BBFF35B8F012253E8001F002903D156
:10FA400043E800200028F7D1BFF35B8F2122002379
:10FA500004F11801074808F04FFD02B070BD94F89A
:10FA6000A130002BE4D00021212009F007FDC9E7D7
:10FA70009C1F002078180020F0B5D0F88C305B680F
:10FA80001B6A1F7D85B0054638460CF0CAF906464C
:10FA900050BB95F886303BB3A86F0146C38831F858
:10FAA0000A2F9B1A9BB2B3F5806F28BF4FF4806377
:10FAB00003AA0CF01FF80446B0B18306A5F11803A1
:10FAC00008BF00F1FF3485F830600193074B0399BC
:10FAD0000093224602233846FFF794FDA86F224682
:10FAE00000F10A010CF03CF805B0F0BD5DF8010032
:10FAF00037B514460A1E054621DDD4F88C0004F102
:10FB00004C01FEF73DF8012384F8493023683BB1EE
:10FB100094F84B3023B1114804F108010DF09BFD1E
:10FB2000D4F88C209388918912695B1A9BB2D31AFE
:10FB30003F2B04D8012384F8A03003B030BD94F8E3
:10FB40009E30002BF9D0064B0093019401234022F4
:10FB500004F14C012846FFF755FDEEE77818002028
:10FB6000F1FA010073B50D4601461D480CF019F974
:10FB7000044610B3691EA0F1A40605291DD8DFE8CC
:10FB800001F01E1C031E242810F8061CA9B90368E6
:10FB90005D68012300F8063C2B6A3246187BFFF7AC
:10FBA000A7FF14F85C2C42B92B6A187D0D4B00930B
:10FBB000019602231146FFF725FD02B070BD3046C5
:10FBC00002B0BDE87040FFF7B1BE012304F8053C68
:10FBD000F3E710F8053C002BEFD00023F6E700BF59
:10FBE000A01F00205DF8010013B500240749084854
:10FBF00000944FF0FF334FF4806208F0E1FB0549B9
:10FC000003480DF03EFD204602B010BD802F0020BD
:10FC1000781800207821030008B504480BF0C6FED0
:10FC200003480BF0C3FE002008BD00BF8121030084
:10FC3000B621030008B50348034A0021121A0CF04C
:10FC4000F9F908BD08180020442F00200748084A89
:10FC5000084908B5121A0CF0EFF90748074A084995
:10FC6000BDE80840121A0CF0E7B900BFC01100202F
:10FC700004180020BC490300A8110020C011002076
:10FC8000A449030070B5064686B00D46002938D059
:10FC90008B6805934B6804930B6803930024244BF3
:10FCA00024490293012223462046CDE900440CF06A
:10FCB000C5F96B6905932B690493EB6803931E4B9D
:10FCC0001C490094CDE901430122234620460CF053
:10FCD000B5F9EB690393194B16490094CDE901433B
:10FCE0000122234620460CF0A9F9AB690393144B7B
:10FCF00010490094CDE901430122234620460CF02F
:10FD00009DF9012E0DD1EFF30583103B03930D4BAD
:10FD100002930023CDE900330649324618460CF021
:10FD20008DF92946304606B0BDE8704007F06CB842
:10FD3000E3210300E8DE0200122203004122030057
:10FD4000502203007E22030030BFFFF7FDBF00BF3B
:10FD50002DE9F0410B4EDFF8308006EB0807CC1B95
:10FD600005463246094920460DF057FDA019424686
:10FD70000021083C0DF078FD2C6707F10800BDE874
:10FD8000F08100BF00000000040000006CDF0200F2
:10FD90002DE9F04385B00024564B0293CDE9004491
:10FDA00023468046894620465349164601220CF0D8
:10FDB00060F9524B9B6AD80640D5514B0094CDE96F
:10FDC0000143204623464C4901220CF052F91124EC
:10FDD0004A4B9B6A19070AD54A4B02930023CDE987
:10FDE00000334549012218460CF043F91224434DD3
:10FDF000AB6A9A0724D50024434B0293CDE9004413
:10FE000023463D49012220460CF033F96F6BAB6A63
:10FE10001B0659D53D4B38490397CDE90143009462
:10FE20002346012220460CF024F9B9F1000F03D03B
:10FE3000AB6A23F08003AB62132403E01024C7E70E
:10FE40006FF015072D4B9B6AD8070AD5304B0293EC
:10FE50000023CDE900332849012218460CF009F9A6
:10FE60001424264B9B6A99060AD52A4B0293002339
:10FE7000CDE900332049012218460CF0FAF8152488
:10FE80001E4DAB6ADA0602D4AB6A9B070AD56B68D3
:10FE9000180507D54146384600F0E4FBB8B180F3B9
:10FEA00009880224154B9A6A920642BF5A6A22F4C4
:10FEB00000525A629A6A42F0FF029A622046002378
:10FEC000337005B0BDE8F0836FF01507B4E7AB6A97
:10FED000D906E7D51049114A114840F227130BF013
:10FEE0007BFD10480BF078FD0C4840F227110BF019
:10FEF0006AFD00BF91220300E8DE020000ED00E091
:10FF0000A7220300DA220300ED22030005230300E9
:10FF10001B2303003A2303009B23030069230300F0
:10FF2000CF150300E52303001FB50024374B0293D0
:10FF300001222346CDE90044354920460CF099F8CA
:10FF4000344B9B6A9A015ED5334B31490094CDE91D
:10FF500001432046234601220CF08BF81E202D4B36
:10FF60009B6ADB010AD52D4B029300231846CDE98D
:10FF70000033274901220CF07CF81F20254B9B6A97
:10FF80001C030AD5264B029300231846CDE9003303
:10FF90001F4901220CF06DF821201E4B9B6A59036A
:10FFA0000AD5204B029300231846CDE900331849A7
:10FFB00001220CF05EF82220164B9B6A9A030AD5A8
:10FFC000194B029300231846CDE900331049012252
:10FFD0000CF04FF823200F4B9B6ADB030AD5134B21
:10FFE000029300231846CDE90033094901220CF0A1
:10FFF00040F82420074A936A6FEA03436FEA1343E9
:020000040002F8
:10000000936204B010BD1D20A9E700BF08240300BF
:10001000E8DE020000ED00E02024030033240300AA
:100020004D2403006B24030090240300AA24030042
:10003000F0B585B00024434B0293CDE9004423463C
:1000400007460E460122404920460CF012F83F4B6D
:100050009B6ADB0465D53E4B3B490094CDE90143E7
:100060002046234601220CF004F81720374B9B6AE8
:100070001D050AD5374B029300231846CDE90033FE
:10008000314901220BF0F5FF1820304DAB6A9C0579
:100090001FD50024304B0293012223462046CDE990
:1000A000004429490BF0E5FFAB6BAA6A10040FD599
:1000B00003932A4B24490094CDE9014301222346AE
:1000C00020460BF0D6FF1FB1AB6A23F40043AB62AE
:1000D00019201E4B9B6A59050AD5214B0293002318
:1000E0001846CDE90033184901220BF0C2FF1A204F
:1000F000164A936A13F4807315D01A4B02930023A7
:100100001846CDE90033104901220BF0B2FF1B2045
:100110000E4A936A43F47F4393620023337005B021
:10012000F0BD1620A2E7926A9204F1D50E4A064964
:100130000093CDE90132184601220BF09AFF1C20F2
:10014000E6E700BFD5240300E8DE020000ED00E092
:10015000EB240300DA220300FC240300152503002E
:100160002A250300452503003A2303002DE9F04129
:100170008D4B0446586890B0C0F30806002383F303
:100180001188BFF36F8F02F07F45B5F17F4F0CD11F
:1001900002F00C05082D17D1844A85490093CDE95A
:1001A0000132184601220BF064FF8249824A8348DB
:1001B00040F21B430BF010FC81480BF00DFC40F2A9
:1001C0001B417D480BF0FFFB120746BF0C461D4646
:1001D0000125002CE9D00027F31E8DF81F70092B94
:1001E00000F2CA80DFE803F005BEC2A1C8C8C8C8D3
:1001F000C8C6744B6E49DFF8B0810097CDE9017332
:100200000023012218460BF034FF8DF81F70D8F838
:100210002C6016F0020604D06B4B0097CDE90173F9
:1002200007E0D8F82C30002B0BDA684B0096CDE9AC
:10023000016300235E49012218460BF01AFF0022D9
:1002400039E0D8F82C305B007FD5614B58490096D7
:10025000CDE901630122334630460BF00AFFD8F89E
:100260001430A26943F48073C8F81430BFF34F8F81
:10027000BFF36F8F32F8023CD8F8142022F480725A
:10028000C8F81420BFF34F8FBFF36F8F03F47F4282
:10029000B2F55F4F2FD1DBB2022B2CD12368039331
:1002A0004C4B43490096CDE9016301223346304669
:1002B0000BF0DFFE22689DF81F30CBB908AE04F1C9
:1002C000200720686168334603C30834BC421E46D9
:1002D000F7D10F9B002D63D0C3F3080121B96FEA5A
:1002E00053236FEA43230F9308A91046FFF7CAFC74
:1002F00010B0BDE8F0812C4B9A6AD2B23AB10DF140
:100300001F0201212046FFF743FD0246D3E79A6A08
:1003100012F47F4F05D00DF11F010120FFF788FE79
:10032000F3E79B6AB3F5803F02D3FFF7FDFDECE7EF
:100330002949214A214840F2ED230BF04DFB274883
:100340000BF04AFB40F2ED213BE723491A4A1B48D8
:100350004FF43C730BF040FB21480BF03DFB4FF496
:100360003C712EE70DF11F020021CBE70DF11F01BB
:100370000020D3E71B4B50E71B4A1C4B0C4910F4E1
:10038000F87F08BF1346103ECDE90336184B0293A1
:100390000023CDE90033012218460BF06AFE4EE738
:1003A0006FF308039FE700BF00ED00E08B2503001B
:1003B000E8DE0200B625030069230300CF15030021
:1003C000C9250300072603001E2603003F2603005D
:1003D0004D2603006C260300223D030088260300FF
:1003E000AC260300DC2603005D2503007225030014
:1003F00000270300044B5A6942F010025A615A69FF
:1004000022F008025A61704700ED00E0EFF3088027
:10041000EFF3098101B57246FFF7A8FE01BD00BFE9
:10042000002080F31488BFF36F8F0F4880F3088893
:1004300004F0CCFE00200D490860BFF34F8F00F0A0
:100440002BF8202080F3118809484FF404614018EC
:1004500080F30988EFF314800221084380F31488A5
:10046000BFF36F8F00F0CEF8005A002094ED00E04B
:10047000404000200749D1F890200023C2F3072212
:100480001846934200DB7047C1F89830C1F8A000CD
:100490000133F6E700ED00E008B572B6002383F300
:1004A0001388FFF7E7FF144B4FF0FF32C3F88020AB
:1004B000C3F88420C3F88820C3F88C20C3F89020A8
:1004C000C3F89420C3F89820C3F89C20C3F8802177
:1004D000C3F88421C3F88821C3F88C21C3F8902184
:1004E000C3F89421C3F89821C3F89C2162B6BFF3E6
:1004F0004F8FBFF36F8F08BD00E100E01EF0040FC7
:100500000CBFEFF30880EFF30980816911F8021C3A
:100510000229FFD001B572460BF0A0FD01BD00BF5E
:1005200040B2002807DB044A4109012300F01F0004
:10053000834042F82130704700E100E040B20028DB
:100540000CDB4309064900F01F00203301228240E2
:1005500041F82320BFF34F8FBFF36F8F704700BF69
:1005600000E100E0054B420900F01F0053F8222093
:10057000012303FA00F01040704700BF00E100E0E3
:1005800038B54B1C072B04460D460FD9114A1249AA
:1005900012486B230BF020FA114829460723224604
:1005A0000BF01AFA0B486B210BF00DFA40B2002841
:1005B000ACBF00F160400B4A4FEA4313B8BF00F0F4
:1005C0000F00DBB2AABF00F56140135480F800337E
:1005D00038BD00BF132703004A270300CF150300CF
:1005E0006527030014ED00E0044B054A23F07F0368
:1005F0009360BFF34F8FBFF36F8F7047008201008E
:1006000000ED00E008B5FFF7EFFF074AD2F88830A9
:1006100023F47003C2F88830FFF70CFBFFF716FBDA
:1006200000F0B0F806F040FD00ED00E042F8203C9C
:10063000009B42F81C3C0A49019B42F8183C029B73
:1006400042F8143C21F001014FF0807342F8043C61
:1006500042F8081C0023203A02654367704700BF38
:100660009DD10100094A0346906870B113F1160F3D
:10067000006E05D0A0F14002934205D3834203D21D
:10068000814228BF0020704700207047AC2B00201B
:1006900008B515460B4A0C4B9060026F1A600E4667
:1006A00000F0A0F82C4686F309880020034B9847F9
:1006B0002046002100220023014C2047A1C0020057
:1006C0009DD10100AC2B0020A81F0020014B10225F
:1006D0001A61704700ED00E0054B5A699B689A4229
:1006E0001FBF044A536843F080535360704700BFF4
:1006F000AC2B002000ED00E0084B9B6883420BD13F
:10070000EFF3058343B1064B5A6842F080525A60BA
:100710005A6A22F400425A6208F05EBFAC2B0020F5
:1007200000ED00E014498A684FF030001044EFF308
:10073000098C80E8F01F202080F31288BFF36F8FB0
:100740000E4F4FF000664A698A603E60106F0C4C95
:100750002060506F0023536780F3118804B5104662
:1007600000F040F8BDE8044002F1300090E8F01FCE
:100770008CF3098870470000AC2B002004ED00E0EA
:10078000A81F0020044800232021C2180133302B69
:1007900082F80013F9D1704700E100E008B5EFF3EB
:1007A0000583064A103B02EBC30152F83300496847
:1007B0008847BDE80840FFF78FBF00BF38DC020064
:1007C0000148006870470000A81F0020024B034A40
:1007D0000348012100F096B800000220000000202C
:1007E0000CE30200036E054A403B1360044B4021BA
:1007F000C2E901131046012100F0AAB8AC1F002085
:1008000000000B151FB5144AD2F89030C3F307232C
:10081000013B98420FD9114B029300230390CDE97D
:10082000003318460E4901220BF06DFC6FF01500E5
:1008300005B05DF804FBC2F898000B6823F01F03B5
:10084000034343F01003C2F89C308B6843F001036C
:10085000C2F8A030ECE700BF00ED00E0A9270300DC
:10086000C8DE0200F0B50E4689B01F4604460025DA
:10087000B54212DA606838B3BFB1431E18420FD0D8
:10088000134B02930023CDE9003312490395012253
:1008900018460BF038FC6FF01502104609B0F0BD99
:1008A0001F28EDD921680B42EAD1236805930BF08C
:1008B0001AFCA36805A90343D0B20793FFF7A2FF70
:1008C00010F1160FE7D0421C01350C34D0E700BF01
:1008D000CF270300C8DE0200044B0522C3F8942092
:1008E000BFF34F8FBFF36F8F704700BF00ED00E085
:1008F000BFF35F8F024B0022C3F89420704700BF04
:1009000000ED00E038B50D4D01232A780C46FFF7C5
:10091000A9FF287016300FD1094A0A490A4840F247
:1009200089130BF059F8094821460BF055F8044893
:1009300040F289110BF047F838BD00BF252F002089
:10094000F5270300223D0300CF15030024280300F0
:1009500010B5144A002312780C46FFF783FF10F1FC
:10096000160F08D0104A0021D2F89030C3F30723A5
:10097000984210DB10BD0D4A0D490E484FF4D47358
:100980000BF02AF80C4821460BF026F807484FF4E4
:10099000D4710BF018F8C2F89800C2F8A01001301A
:1009A000E2E700BF252F002000ED00E0F52703005F
:1009B000223D0300CF150300502803002DE9F04F1E
:1009C000834C8449D4F890300D68C3F307239D42CB
:1009D00085B013D9804A8149814840F202230AF048
:1009E000FBFFD4F890207F482946C2F307220AF083
:1009F000F3FF40F2022178480AF0E5FFFFF778FFA5
:100A000049680022954201F10C012DD1764F774CB7
:100A10003D706846FDF76EFD754D764E81464FF090
:100A20000008C14533D13B7869490020D1F89020B6
:100A3000C2F307229342C0F2C180FFF74DFFD1F805
:100A4000903003F47F43B3F5006F00F0BD806A4936
:100A5000614A634840F27D230AF0BEFF67480AF00E
:100A6000BBFF40F27D21C6E7C4F8982051F80C3C4A
:100A700023F01F03134343F01003C4F89C3051F8D4
:100A8000043C43F00103C4F8A0300132BAE7009AF5
:100A900002EB08134FEA0811D3F80CA00AEA04008D
:100AA000B0F5000F66D00BD8B0F5001F3CD0B0F504
:100AB000800F52D0B0F5801F16D008F10108B0E7C2
:100AC000B0F1007F61D0B0F1805F69D0B0F1807F7C
:100AD000F3D19868D3F804A052580BF004FBCDE989
:100AE00001A240F088700BE09868D3F804A0525837
:100AF0000BF0F9FACDE901A240F0885040F4302023
:100B00000390387801A9FFF77DFE002852DA3349B7
:100B1000314A334840F235230AF05EFF38480AF084
:100B20005BFF40F2352166E79868D3F804B052586D
:100B30000BF0D9FA1AF0010F40EA0600CDE901B234
:100B40000390DED02F49244A254884230AF044FF2D
:100B50002D480AF041FF84214DE79868D3F804A09E
:100B600052580BF0C0FA40F0C060CDE901A240F449
:100B70000030C5E79868D3F804A052580BF0B3FAD8
:100B8000CDE901A240F08270BAE79868D3F804A0DA
:100B900052580BF0A8FACDE901A240F48020AFE74B
:100BA0009868D3F804A052580BF09DFACDE901A241
:100BB0002843A5E73B7801333B707EE7C1F89830C6
:100BC000C1F8A000013331E7002005B0BDE8F08F87
:100BD00000ED00E018E30200F5270300223D0300CA
:100BE000CF1503007D280300252F00200000F0FF13
:100BF00000000211000008113029030080290300C1
:100C000006290300B1280300D7280300F0B587B0F8
:100C100007460E4614460021102268461D460CF079
:100C200023FE02238DF802302A46054B019321460C
:100C30006846CDE9047609F09BFC07B0F0BD00BF23
:100C400027C1020008B5024B1B689847002008BD69
:100C5000B81F0020034B044A1860937843F0020346
:100C600093707047B81F0020E413002008B50649B0
:100C7000064821F00701C1F1005202F50032FCF7ED
:100C80000DF8002008BD00BF87780020BC1F0020A1
:100C900070B54169867A0B4D044659B1437ADB073A
:100CA00006D42C2303FB06535B6A1B689B6898479A
:100CB000002363612C20214600FB0650BDE87040F4
:100CC0000CF0A1BC94160020827A064B2C2101FB6B
:100CD00002339A6A1B7F1B33801A23F00303B0FB95
:100CE000F3F070479416002038B5074B827A2C2415
:100CF00004FB02335B6AD3E901240C601568FFF73B
:100D0000E3FF04FB005038BD9416002008B543688B
:100D10004BB107490748084A5A230AF05DFE0648C6
:100D20005A210AF050FE03824369C36008BD00BF28
:100D3000D5290300CF150300B02903002DE9FF4793
:100D400005466846039117461C460CF018FDDDE980
:100D5000008955B95C495D4A5D4840F201130AF0CB
:100D60003BFE40F20111594818E005F11406EFF37B
:100D7000118A202383F31288BFF36F8F304608F067
:100D8000A3FE68B9534A5449514884230AF024FE0B
:100D9000314652480AF020FE84214E480AF013FEE4
:100DA000304608F0B5FE6B8B002B5AD02A8B9A4246
:100DB00039D900220023284606F086FE0446002882
:100DC00031D0304608F08EFE68B9424A4449404866
:100DD0004FF499730AF000FE314642480AF0FCFDD8
:100DE0004FF49971D9E78AF31188BFF36F8F039D90
:100DF000002D59D042464B4668460CF0E5FCA27ADD
:100E0000394B2C2101FB023320465B6A1B6803A986
:100E10001E68DDE90023B0476061002837D1204615
:100E2000FFF736FF2EE06C8B631E6B83304608F0B5
:100E300059FE0028C9D08AF31188BFF36F8F2B7F2A
:100E40002A8B1B33121BAC6A23F0030302FB0344FF
:100E5000254B264AEB1A9B105343A3722B7FE37258
:100E6000C5E7304608F03EFE0028AED08AF3118870
:100E7000BFF36F8F23463A46284606F025FE044608
:100E80000028B4D10024204604B0BDE8F087039BBD
:100E90009D420BD916490D4A0D484FF4AB730AF029
:100EA0009BFD4FF4AB715EE765612B46002101228B
:100EB00022816160E27A638204F118000CF0D4FCB4
:100EC0002046FFF723FFDEE7EF290300B0290300E8
:100ED000CF15030097180300F0180300051903004D
:100EE000C4180300DB18030094160020A38B2EBA4D
:100EF000F4290300F8B5054698B1194E2C272C4665
:100F00006D68237ACBB9174A1749184840F2C113C4
:100F10000AF062FD214616480AF05EFD40F2C1115A
:100F200008E014490F4A114840F2BB130AF054FD7F
:100F300040F2BB110B480AF046FD013BDBB22372C5
:100F400053B9E3606360A37A07FB036320461B6A1F
:100F50001BB19847002DD2D1F8BDFFF799FEF9E7F4
:100F600094160020B02903000A2A0300CF150300BD
:100F7000132A03002C2A030008B582888A420346FC
:100F80000BD2094909480A4A40F2C3130AF024FD6A
:100F9000074840F2C3110AF016FD521A8280006819
:100FA0000844186008BD00BF6B2A0300CF1503007A
:100FB000302A0300024B0122C3F84025002070476D
:100FC00000E0014048B1054B054A1B68B3FBF2F352
:100FD0005843044B43F0010318477047A415002001
:100FE00040420F00A0DF0200BFF34F8F0549064BC0
:100FF000CA6802F4E0621343CB60BFF34F8F00BFB7
:10100000FDE700BF00ED00E00400FA0538B50D4C27
:101010000D4DAC4212D90D490D4A0E48F9230AF084
:10102000DBFC0D480AF0D8FC0948F9210AF0CBFC9A
:1010300054F8043B002BECD09847EAE7F8D30020A3
:1010400038BD00BF68DF02006CDF0200C42A030065
:101050008E2A0300CF150300C71A0300084B02466F
:10106000186808B1036800B9704741899142FBD004
:101070001BB1196818460B46F5E71946FAE700BF99
:10108000C81F0020094B0246186868B1036800B900
:1010900070474189914206D01BB1196818460B462A
:1010A000F5E71946FAE7C068704700BFC81F00207F
:1010B00000230360044B5A6812B9C3E9000070476B
:1010C00010605860704700BFC81F00202DE9F04F26
:1010D000002391B0CDE90C3301F10C0305460E4617
:1010E0000B93348A64B9A346296830460BF0F5F8AF
:1010F000204629680BF0F1F8584611B0BDE8F08F92
:10110000072C40F23781F368186859680CAA03C2AB
:101110009A8809929A790A92DA795B880B980592F3
:101120005BBA9BB20793099B5BBA9BB208210893F9
:10113000FFF722FF338A079A9342C0F01F819DF880
:101140003030069313F0050740F01B8129683046C4
:101150000BF0AFF80446002800F01681686840F8EC
:10116000046B338ACDE9017701220092F2680421F1
:101170000CF014F9A86821460AF0FEFF9DF83090A3
:10118000D5F808A0C9F3C109B9F1010FCAF84C702C
:1011900000F2EA800898FFF761FF002800F0D38092
:1011A00005990AF0D9FF002800F0CD809DF8307035
:1011B00017F0070752D0022F6BD04FF0030BA8682F
:1011C00021460AF0D9FFD5F8088008F1040702216A
:1011D00038460CF082F9002840F0B8804FF0000942
:1011E000022138460CF081F910EA090F3FF47CAF78
:1011F000D8E90031DA68891A9DF83020198212F096
:10120000070FC2F3C10214BF4FF0030E4FF0010EDF
:10121000012A28BF01224EEAC20E089AA1F1080055
:1012200052BAA968ADF83C200A9A09688DF83E20A8
:101230000027059AADF8387040BA8DF83F208DF838
:1012400038E0ADF83A000EAACB6803CA18605960BE
:101250002A682046526A90473C4645E7D0F800800D
:10126000B8F1000F6FD0A8680F2104300CF035F9E9
:1012700060B12846C0478346A8680F2104300CF0AF
:1012800034F9804640B9BBF1000F98D14FF0070BFD
:1012900095E7D0F80480E3E7BBF1000F8FD1BAF8EF
:1012A0004EB0BBF1000F19D0069B13F0180F15D1EB
:1012B000BAF84C00FFF7E6FE0346002857D0584620
:1012C00098478346002833D0B8F1000F3FF40CAFA5
:1012D000002C7FF474AF3446002670E7DAE900137F
:1012E000C8681B1A0B82DAF80030002F1B8A14BF63
:1012F00003210121083B002269F3C401ADF8382025
:101300008DF83810C3F3072141EA0323ADF83A30D2
:10131000099BAA68ADF83C300A9B8DF83E30059BCE
:1013200012688DF83F300EAB03CBD268106051606D
:101330002B6820465B6A9847834640BB07990B9809
:10134000FFF71AFECDE64FF0080B38E711490222ED
:1013500038460CF0B9F800283FF440AF59463846FB
:101360000CF0A5F881463BE74FF00D0B27E74FF057
:10137000010B24E74FF0090B0024B5E64FF0090BF1
:10138000A9E74FF0080BA6E74FF0020BA3E70024F4
:101390009AE700BFE82A03000148FFF789BE00BFB3
:1013A0007814002008B54FF400520023024807F0DB
:1013B00027F9002008BD00BF20130020F0B589B038
:1013C000D0E90145134A0392134A0023012701AED5
:1013D000CDE90133CDE905268DF81C30201D6B4683
:1013E0003A4603A904970AF0E0FE044678B90435AA
:1013F0000A493A4628460CF067F820B1314628469B
:101400000CF05FF800B90724204609B0F0BD0324B2
:10141000FAE700BF2A0C0300E3D1020006360300FE
:1014200007B5084806F0B2FF074B00930749054887
:1014300003234FF4006206F0C3FF002003B05DF801
:1014400004FB00BF1819002088E30200C03300200D
:101450000248002200230AF072BE00BF941600204A
:1014600010B5436A044663B90A490B4A0B48AC23DA
:101470000AF0B2FA0A480AF0AFFA0748AC210AF0BB
:10148000A2FA084906F0ECFE04F110000CF0A7F8EF
:10149000002010BD332B0300F92A0300CF150300F1
:1014A0005B2B030081C2020010B5044610300CF023
:1014B0009FF821460248BDE810400CF0CCB800BFB0
:1014C00018190020074A084B10B510465362074B05
:1014D0009362FFF7C5FF044610B9054802F0C2FC4D
:1014E000204610BDD01F0020FBC20200F5C2020042
:1014F000F514020008B5014603480CF079F8BDE880
:101500000840024806F03CBF6C16002088140020FA
:1015100038B50C480022002306F0D6FA044600B97C
:1015200038BDD4F884200848211D0AF0FBFE05468A
:10153000204602F0F3FB002DEBD004482946FFF7CC
:10154000B3FFE6E76C1600200C200020D01F00201F
:1015500010B586B003461446009103AA052104A8DD
:10156000FBF768FE48B10C490C4A0D48E5230AF028
:1015700033FAE52109480AF026FA0399042907D02D
:101580000849064A0648E6230AF026FAE621F1E76A
:1015900004A8A04706B010BDEF2B0300AD2B03003D
:1015A000CF150300F72B03002DE9F04F064685B059
:1015B0000F4615460A46014600200AF015FF002492
:1015C000804640F606124FF05D0AA14601230DF158
:1015D0000C0BBC42ADF80A2001DB00205CE001935B
:1015E00002210DF10A00A847002855D1019B93B1B3
:1015F000BB1C5BBAADF80A30ADF80C302A46337824
:101600008DF80E30032103A8FFF7A2FF002843D175
:101610000134AAF1030A3A1B52451346AAEB02020F
:10162000A8BF5346012A04D8013B4FF000092344C8
:1016300013E0C8BF49F00109F9E73219315B92782C
:10164000ABF800108BF8022003212A46584601937C
:10165000FFF77EFF00BB019B0334191B02292246C2
:10166000EBDCB9F1000F0FD03B1B012B17D0022B85
:1016700022D04BB998FA98F3ADF80C302A460221E3
:1016800003A8FFF765FF38B917480121A8470023D1
:1016900041F2044200289CD005B0BDE8F08FB35C55
:1016A0008DF80C304FEA182301348DF80D308DF889
:1016B0000E802A460321E3E7631C325DF35C8DF85C
:1016C0000C208DF80D302A464FEA1823032103A879
:1016D00002348DF80E30FFF73BFF0028DCD18DF887
:1016E0000C802A460121CBE7533F030000F07F0323
:1016F000082B42B204D010F0780F01D000207047C0
:10170000002A00F00F0300F0080004DA30B90548A1
:1017100000EB4310704718B90348F9E703487047D6
:1017200003487047602000208021002060210020B5
:1017300080220020014902480BF08DBF3C20002090
:10174000B8190020014601480BF052BF8016002056
:1017500010B51049BFF35B8F002351E8002F012A19
:1017600003D141E800300028F7D1BFF35B8F0CBFF5
:10177000012018460DD151F8044C14392046FCF7CD
:1017800075F910F1780F04D12046BDE81040FCF740
:1017900001B910BD3420002002480022002306F0C9
:1017A00093B900BF8016002013B5114801F020F94D
:1017B0000446C8B90F4804F057FC0F4804F08CFCED
:1017C0000E490F4800944FF0FF334FF4806206F04B
:1017D000F7FD0C490A480BF054FF0B490B4806F083
:1017E0003FFD204602B010BD6FF00404F9E700BFD2
:1017F0009D1A02007049030094E30200003C00209F
:10180000B8190020042C0300251C02003C200020F5
:1018100038B5002464F07F00C0B2FFF767FF58B905
:101820001C491D4A1D4840F27A230AF0D5F840F2BF
:101830007A2119480AF0C7F801340AF0E9FD082CAA
:10184000E8D1174D0024E0B2FFF750FF48B9114925
:10185000114A12484FF420730AF0BEF84FF4207179
:10186000E7E7036903B9056101340AF0D1FD082CEB
:1018700005F14005E7D10B480AF0CAFD0A4BD3F841
:101880007C2212B9094AC3F87C22BDE838400848D6
:101890000AF0BEBD432C03000F2C0300CF1503003C
:1018A000A42600206021002014200020A422002073
:1018B0008022002008B5FFF76FFF20B14168024881
:1018C00005F0ACFDF7E708BD0816002030B587B07D
:1018D00020480022002305A905F014FD002835D07A
:1018E00000251D4B1D49029301222B462846CDE9B8
:1018F00000550AF0A0FDFFF7DDFF16480022002387
:1019000005A905F0FFFC0446A8B1154B1349009545
:10191000CDE9015301222B4628460AF08CFD1149DE
:101920001148124A4FF4E3730AF056F80F484FF487
:10193000E3710AF048F80598042340600374FFF748
:1019400001FFFFF7F7FE204607B030BD0598406065
:10195000FAE700BF081600204A2C030030DF02001F
:10196000682C0300223D0300CF1503000F2C030059
:1019700002281FB512D8104B1C5CFFF7A7FFC0B19F
:10198000002202740472FFF7DDFE0C4B93F8243042
:101990007BB104B0BDE81040FFF7CCBE084B02930A
:1019A00000230390CDE900330649012218460AF0CE
:1019B00042FD04B010BD00BF6D490300142000209B
:1019C000842C030030DF020070B58178064686B0B3
:1019D0000846FFF78BFE0B06F478054622D57CB14E
:1019E000032C0BD02A4B02930023CDE90341CDE910
:1019F00000332849012218460AF01DFD06B070BDCB
:101A0000FFF764FF03460028F8D00122AC77027488
:101A1000032202739D60FFF795FE06B0BDE870409B
:101A2000FFF788BE54B1012CDCD1FFF74FFF03460E
:101A30000028E3D06C7704740473EBE7FFF746FFEC
:101A40000028DBD0B278144B12F0800F02F00801AE
:101A500011D041B1D3F8A836EB60012303740223FF
:101A600003738560D7E702F00F02142101FB0233F4
:101A7000D3F80836F0E711B1D3F8A837ECE702F055
:101A80000F02142101FB0233D3F80837E4E700BF4B
:101A90009F2C030030DF0200007002402DE9F0416E
:101AA00006468EB01422002109A80BF0DDFE337823
:101AB000013B052B21D8DFE803F0A2031414921692
:101AC00003238DF82C300024FFF700FF0346A0B15C
:101AD000047400F10802DDE90B0182E803001846F6
:101AE0002BE00423EDE7B1780846FFF7FFFD837A8A
:101AF00005462BB1013B022B6BD90EB0BDE8F0813E
:101B00000A06F47820D56CB1032CF6D03D4A009338
:101B1000CDE90341CDE901323B49012218460AF0E3
:101B20008AFCEAE7FFF7D2FE03460028E5D001224F
:101B3000AC770274032202739D60FFF703FE0EB0C0
:101B4000BDE8F041FFF7F6BD54B1012CDED1FFF73F
:101B5000BDFE03460028D0D06C7704740473EBE715
:101B6000FFF7B4FE07460028C7D04FF00108022354
:101B700080F8108003738560B07805F10C010AF0DD
:101B800095FCB0B1214B20490390CDE90143424679
:101B90002346204600940AF04EFC1D491D481E4A6B
:101BA00040F29D3309F018FF1B4840F29D3109F0C7
:101BB0000AFF1A4AE968B2F88C328B4206D95B1ADE
:101BC000A2F88C3201F06EFB3846B6E7A2F88C0220
:101BD000FAE730460EB0BDE8F041FFF7F5BE07A8C2
:101BE00001F03EFB9DF81D30052B04D19DF81C3003
:101BF00013F0600F81D00A4B0B93012464E7022499
:101C000062E700BF9F2C030030DF0200CB2C0300F3
:101C1000223D0300CF1503000F2C030014200020E9
:101C2000802100202DE9F041994D88B08046FFF7D2
:101C3000B3FD074610B908B0BDE8F08195F825203E
:101C40003B7C3AB9002B00F0BD807968914805F0E3
:101C5000E5FBECE7042B00F2E781DFE813F0B300CB
:101C6000050084019A01BF0118F8043C5BB9BA6809
:101C70008949527A0392894A0093CDE90132184684
:101C800001220AF0D8FBBC685CB98549854A8648C0
:101C90004FF44B7309F0A0FE4FF44B71814809F0EB
:101CA00092FE3B7B032BD0D8DFE803F0024A747925
:101CB000A27A62B17D497B4A7B484FF4397309F0BF
:101CC0008BFE7B4809F088FE4FF43971E6E76669C0
:101CD000784B32607260D3F880143170D3F884147A
:101CE0007170D3F88814D3F88C0441EA0021718014
:101CF000D3F89014D3F8940441EA0021B180D3F8CA
:101D00009814D3F89C3441EA0323F3800823E3605A
:101D100030687168684B03C311462368607A98473E
:101D200096F90030002B07DBF3889AB222B1A5F8B0
:101D30008C3201F0B7FA88E70023A5F88C3284E7EB
:101D4000637F002B81D0237F002B3FF47EAF0026E2
:101D50005A4866774FF0FF3326774FF0FF320AF08C
:101D600079FB636905936368CDE9063605A9607A56
:101D700000F0BAFE50B1524B0390CDE901634649E1
:101D800000963346012230460AF055FB4B480AF0D4
:101D900063FB5AE723680121607A984755E7A37AE5
:101DA0006BB9E37F5BB945484FF0FF324FF0FF332B
:101DB0000AF050FB01F07CFA40480AF04DFB236822
:101DC0000221E9E73B7A042B3FF63FAFDFE803F05F
:101DD0009B0331B5C10000F081FD044600287FF46B
:101DE00034AF00F0D3FCBFF35B8F3649012351E8D9
:101DF000002F002A03D141E800300028F7D1BFF3BB
:101E00005B8F7FF422AF41F8084C41F8104CE86931
:101E10006B611439FBF728FD0028BFF616AF2A497D
:101E2000204A214840F2AA2309F0D6FD40F2AA2117
:101E300034E7002464F07F00C0B2FFF757FC48B9D4
:101E40001749184A184840F2312309F0C5FD40F2FD
:101E5000312123E7037A13B1407A01F0E5FB013425
:101E6000082CE7D195F854311BB195F8550101F0D4
:101E7000DBFB0024E0B2FFF739FC38BB0849094A14
:101E8000094840F2432309F0A7FD40F2432105E74A
:101E9000142000200816002030DF0200EB2C030085
:101EA000432C03000F2C0300CF150300112D03005A
:101EB000372D030000700240182000204C20002025
:101EC000532D030034200020DB1B0300037A13B1E1
:101ED000407A01F0A9FB0134082CCBD195F874327B
:101EE0001BB195F8750201F09FFB002000F0C2FCC9
:101EF000012385F825302B68002B3FF4A6AE002186
:101F000002209847A1E6002485F8254001F0CEFA8A
:101F1000FFF71EFCA04209DA49494A4A4A4840F202
:101F2000C22309F059FD40F2C221B7E62B68002B0D
:101F30003FF48BAE21460420E3E7002A3FF485AE50
:101F400000F0D6FC2B68002B3FF47FAE002105206B
:101F5000D7E72B68002B3FF478AE002A3FF475AE2C
:101F600000210620CDE708F110044FF0FF334FF0B9
:101F7000FF3220460AF06EFAFFF74AFC20460AF0CC
:101F80006BFA58F8283C002B3FF45FAE002101208B
:101F9000B7E795F8743283B1012485F8894285F852
:101FA0008842FFF793FC034678B9284A28490090F5
:101FB000CDE9010222460AF03EFA58F8283C002BEF
:101FC0003FF443AE00210A209BE7224A04740473C5
:101FD0008260FFF7B7FBFFF7ADFBEEE71E4B029306
:101FE00000231846CDE90033194901220AF023FAEB
:101FF0000AF07FFE01F05AFA00F0A8FBFFF75AFC46
:10200000FFF706FC0AF06EFE144800F0F1FC002811
:102010003FF41BAE12490B4A0B4840F28D4309F0C6
:10202000DBFC40F28D4139E603930E4B0293002313
:10203000CDE900330649012218460AF0FCF904E60E
:10204000DB1B03000F2C0300CF150300792D0300C9
:1020500030DF0200802200208D2D03009D1A020037
:10206000223D0300A42D030038B5144C94F82450ED
:102070000DBB04F138000BF09FFA284601F0AAFCD2
:102080002A460121E0612720FEF77AFA0AF02AFEAB
:10209000FFF7BEFB012384F82430094B1B680BB10A
:1020A000FFF748FB4FF08043D3F83834DB0702D505
:1020B0000020FFF75DFC002038BD00BF1420002089
:1020C0008016002008B5104B93F82420BAB193F87D
:1020D0002530A3B10D4BD3F87034DBB2834211D05D
:1020E0000B490C4A0C4840F2595309F075FC0B4857
:1020F00009F072FC074840F2595109F064FC6FF096
:10210000120008BD0020FCE71420002000700240EF
:10211000BC2D03000F2C0300CF150300F62D030088
:102120001FB5034602781B7902F00F0073B950B156
:10213000144A0292CDE900330122184612490AF0EE
:102140007AF94FF0FF3005B05DF804FB082803D999
:102150000E4B02930023EDE7012B02F0080208D199
:1021600002F0FF0362B90A4A0093CDE9013202226C
:10217000E3E702F0FF000023002AE4D0054AF3E77A
:102180000020E0E70F2E030030DF02002E2E0300B8
:102190004D2E0300632E03001FB5154B93F824301A
:1021A000014613B304782046FFF7A0FAA8B14472A1
:1021B0000B7983724B8843600878498810F00803D4
:1021C0000FD14A1E0A420CD00A4A0B490093CDE9AE
:1021D0000132184601220AF02EF96FF0150004B002
:1021E00010BD00F0BBFB0020F9E76FF01200F6E72E
:1021F00014200020802E030030DF02001FB5184B92
:1022000093F8242001463AB393F8253023B3FFF71F
:102210006DFA044618B96FF0150004B010BD827A4B
:10222000012A0FD007D9023A012A07D96369A361AD
:102230000020E060F1E701F041F8F7E7084600F020
:10224000B7FFF3E7074B02930023CDE900330649BC
:1022500018460AF0F0F8DEE76FF01200DDE700BF85
:1022600014200020A82E030030DF020038B50E4BEA
:1022700093F82420054682B193F825306BB1FFF71F
:1022800035FA68B115F008040AD1284600F0C8FFF5
:10229000284601F001FA204638BD6FF01200FBE736
:1022A0006FF01500F8E700BF1420002038B50C4B84
:1022B00093F8242005460C4662B193F825304BB1C3
:1022C000FFF714FA48B141B1284600F08FFF2070A3
:1022D000002038BD6FF01200FBE76FF01500F8E743
:1022E0001420002070B5134E96F824300446C3B174
:1022F000FFF7FCF90546B8B1230705D4204600F0E6
:102300008FFF204601F0C8F92B7A83B901232B7285
:1023100096F825300BB9002070BD204601F084F9F5
:10232000F9E76FF01200F7E76FF01500F4E76FF0D0
:102330007700F1E7142000202DE9F043DFF8008159
:102340001F4698F8243089B0054689461646002B6A
:1023500072D098F82530002B6ED003060FD5FFF70A
:10236000C5F9044658B1037A7BB9364A3649039514
:10237000CDE901320093012218460AF05CF86FF0B3
:102380001505284609B0BDE8F0834FF0FF334FF044
:10239000FF3208F138000AF05DF8A37F33B108F18D
:1023A00038000AF059F86FF00A05EAE716B9E37F3A
:1023B00003B1E677A37ABBB95EB1B8F80A30B3428D
:1023C00007D96268B6FBF2F302FB13630BB9012372
:1023D000E37700F079FFA84206D000F069FF1B48C0
:1023E0000AF03AF80025CCE701232846A3774FF0FE
:1023F000000805A9CDE90596CDF81C8000F074FB16
:102400000546A8B184F81E800FB1C7F80080104BB4
:10241000029300230395CDE900330B4901221846AE
:102420000AF009F86FF0040508480AF015F8A8E763
:10243000002FF9D03E60F7E76FF01205A1E700BF6B
:1024400014200020CA2E030030DF02004C200020A0
:10245000E92E03002DE9FF411D46294B174693F84D
:10246000242080460E46002A47D093F82530002BC2
:1024700043D010F0800F01D129B927B16FF01500BA
:1024800004B0BDE8F0814046FFF730F9044600286B
:10249000F4D0037A5BB91B4A1B49CDF80C80CDE917
:1024A000013200930122184609F0C5FFE6E74FF01C
:1024B000FF3316484FF0FF3209F0CCFFE368BB4210
:1024C000984628BFB8463EB937B905B12B600F48CA
:1024D00009F0C2FF0020D3E7A169424630460BF065
:1024E0009CF9A3694344A361E368A3EB0803E36099
:1024F000002DECD0C5F80080E9E76FF01200BFE7CF
:1025000014200020CA2E030030DF02004C200020DF
:102510007FB5244D95F824300146002B3FD095F827
:102520002530002B3BD003060FD4FFF7DFF804461D
:1025300058B1037A6BB91C4A0391CDE901321B49AA
:1025400000930122184609F076FF6FF0150004B0E1
:1025500070BD4FF0FF334FF0FF3205F1380009F046
:1025600079FFE368B3B9012663692677A361637FC6
:1025700083B1FFF7ABF930B905F1380009F06CFF12
:102580006FF00B00E3E7067484600673FFF7DAF878
:10259000FFF7D0F8064809F05FFF0020D7E76FF09B
:1025A0001200D4E714200020CA2E030030DF0200FE
:1025B0004C20002008B5084B93F824302BB1FFF7CE
:1025C00095F828B10160002008BD6FF01200FBE70C
:1025D0006FF01500F8E700BF14200020014B1860D1
:1025E000704700BF1420002008B5074B93F8243033
:1025F00023B1FFF77BF820B1406808BD6FF01200EF
:10260000FBE76FF01500F8E714200020EFF31180CE
:10261000202383F31288BFF36F8F0A4BD3F8001C7B
:10262000032261B949F27531C3F8001CC3F8142DB7
:10263000C3F8001C80F31188BFF36F8F7047C3F895
:10264000142DF7E700E00640EFF31180202383F319
:102650001288BFF36F8F0A4BD3F8001C61B949F29F
:102660007532C3F8002CC3F8141DC3F8002C80F396
:102670001188BFF36F8F70470022C3F8142DF6E75F
:1026800000E0064000F00F02082A08B50BD90B49FC
:102690000B480C4A40F29F1309F09EF9094840F29A
:1026A0009F1109F090F9084B10F0800F03F1D80149
:1026B00018BF0B46182000FB023008BD532F030043
:1026C000CF1503000B2F0300E428002008B500F00D
:1026D0000F03082B0BD9094909480A4A4FF4D9734B
:1026E00009F07AF907484FF4D97109F06CF9C04341
:1026F000C0F3C01003EB001008BD00BF532F030050
:10270000CF1503000B2F030008B54FF08053D3F80B
:1027100030310D2B01D1FFF779FF0B4B0122C3F8AC
:102720000025D3F800241205FBD54FF40062C3F84E
:1027300000244FF08053D3F830310D2B03D1BDE886
:102740000840FFF781BF08BD0070024008B50A4B82
:102750001A78012A0BD0094909480A4A40F2654310
:1027600009F03AF9074840F2654109F02CF90649A9
:1027700000220A601A7008BD2A2F0020AD2F030026
:10278000CF1503000B2F03009C2A0020F8B52D4C19
:102790002378012B0BD02C492C4A2D4840F26D4355
:1027A00009F01AF940F26D41284809F00CF9294B5B
:1027B0004FF400624FF08055C3F80024FFF7A4FFE8
:1027C000D5F83021234B0D2A04D1234E3278FAB9A3
:1027D000FFF71CFF1F4B8022C3F81C250122C3F802
:1027E00030251E4B40F2FF121A601D4A0023136071
:1027F0001C4A13701C4A9268012A14D01B49134AC0
:10280000134840F2994309F0E7F840F29941CBE7C9
:102810000027C3F80075FFF777FF3770D5F8303120
:102820000D2BD5D0D6E7124A1370022323704FF038
:102830008053D3F830310D2B03D1BDE8F840FFF7BA
:1028400003BFF8BD2A2F0020AD2F03000B2F03007C
:10285000CF15030000700240BA150020982A00200E
:10286000942A0020262F00205C160020D72F03007A
:10287000282F002010B5114B1B78022B0BD01049CC
:102880001048114A40F2CD4309F0A6F80E4840F234
:10289000CD4109F098F80D4B0D4C00221A700D4AED
:1028A0000D4B002808BF1346C4F800332720FDF75E
:1028B00037FE0123C4F8043510BD00BF2A2F0020C5
:1028C000FC2F0300CF1503000B2F0300292F00203E
:1028D00000700240FDFFDF01FDFFFF01034B187890
:1028E000012894BF00200120704700BF2A2F00203C
:1028F00010B54FF0FF324FF0FF33154805F0EAF9FD
:10290000EFF31181202383F31288BFF36F8F114BF4
:102910001B7803F0FF0483B10F4BD3F8002412F4AB
:1029200000720AD10120C3F82C05D3F82C05D3F886
:102930000004800502D5C3F82C25002481F31188FA
:10294000BFF36F8F024805F049F9204610BD00BF64
:102950005C160020292F0020007002404B1E0B4205
:1029600010B50C460DD0010718D11B491B4A1C4855
:1029700040F25A5309F030F840F25A51174809F022
:1029800022F859B9020709D11649144A144840F2ED
:102990005C5309F021F840F25C51EFE703070BD4D8
:1029A000402C15D910490D4A0D4840F25E5309F0EC
:1029B00013F840F25E51E1E70C4BD3F81C1540F2DE
:1029C000FF3240F2FF13802918BF13469C42E8E70C
:1029D000FFF758FE848210BD253003000B2F030043
:1029E000CF15030057300300783003000070024019
:1029F000F8B558B922492348234A40F23E4308F02B
:102A0000EBFF214840F23E4108F0DDFF1F4B1C78F0
:102A100094BB1F4A106001221A7040F2FF1726462D
:102A200064F07F0514F0080FEDB214BF3946402161
:102A30002846FFF793FF2846FFF724FE0134092CB0
:102A4000867506730661EBD1002440F2FF17254618
:102A500014F0080FE6B214BF394640213046FFF7A4
:102A60007DFF3046FFF70EFE0134092C8575057396
:102A70000561EDD10020F8BD6FF07700FBE700BFE6
:102A8000DA300300CF1503000B2F03002A2F00209C
:102A90009C2A002008B543B200F00F0008280BD98B
:102AA0000D490E480E4A40F2725308F095FF0C484B
:102AB00040F2725108F087FF002B0A4BB4BFD3F8E5
:102AC0001025D3F81425012303FA00F01040003834
:102AD00018BF012008BD00BF532F0300CF1503000E
:102AE0000B2F0300007002402DE9F84381460C468D
:102AF000FFF7ECFDEFF31187202383F31288BFF378
:102B00006F8F5CB929492A4A2A4840F2AD5308F030
:102B100063FF40F2AD51264808F055FF19F00F0F42
:102B200003D1254B1B784B453AD1244BDFF89080DD
:102B30001B68D8F80050DB4301269BB286402B432C
:102B4000334230D14846FFF79DFD19F0800F034610
:102B500010D1226872B102F06042B2F1005F09D078
:102B60001849134A134840F2C15308F035FF40F2A8
:102B7000C151D0E701221A7394E8070083E80700E7
:102B8000002018619875104B35438022C8F800501A
:102B9000C3F8042187F31188BFF36F8FBDE8F88372
:102BA0006FF00D00F6E76FF00F00F3E7E830030079
:102BB0000B2F0300CF150300282F0020982A002098
:102BC000942A00200231030000E100E010F0080F19
:102BD000074B06D0D3F8C00410F4803F18BF002084
:102BE000704700F00F0000F5947053F82000704714
:102BF000007002402DE9F04F9B4BDFF87092D3F844
:102C0000542185B0EAB10022C3F85421D3F804134B
:102C1000890216D58DF80C20D3F82025ADF80E20AA
:102C2000D3F8C034002BD9F8003014BF4FF0012284
:102C30004FF480721343C9F800308D4B03A81B6812
:102C40009847894BD3F8604134B10022C3F8602122
:102C5000D3F86C44C3F86C44D3F828214AB100225D
:102C6000C3F82821834B1878FFF730FD01238340F8
:102C70001C43DFF804A29AF800509AF9006005F0AE
:102C80000F02082A0BD97D497D4A7E484FF4917383
:102C900008F0A2FE4FF49171794808F094FE15F007
:102CA000080036D1002EB4BF774B784B91000B440F
:102CB0001968DFF8DC8141B3002119606A4B78BBE9
:102CC0008E424FF0140101FB0233B4BFD3F8083633
:102CD000D3F808376F4A117803F001034B401370A3
:102CE0006D4804F07BFF2846FFF7CCFC837D032B67
:102CF0001DD12846FFF7EAFC012303FA00F0D8F8BB
:102D0000003023EA0003C8F80030594F0125062699
:102D100058E0624B624933EA260328BF0B46C7E7F7
:102D2000002EB4BFD3F8A836D3F8A837D2E7037B78
:102D3000E3B92846FFF7CAFC012303FA00F0D8F8EC
:102D40000030002E23EA0003C8F8003001DA882D95
:102D5000DBD106238DF80C3000238DF80F30444B67
:102D60008DF80E501B6803A89847CEE7002DCCD1F4
:102D70003D4B0122DA64C8E794FAA4F3B3FA83F373
:102D80000F2BD9F800201946C8BFA3F1100105FA8E
:102D900003F342EA0302C9F80020D8F80020CCBFB0
:102DA000C9B241F0800124EA030413400A0651D558
:102DB00043B98DF80C608DF80E108DF80F303B681C
:102DC00003A89847002CD7D1274BD3F800215AB13C
:102DD000C3F80041334B1C70264B1C700123039336
:102DE000234B03A81B6898471F4BD3F85821002A90
:102DF00067D00022C3F85821D3F80044C3F8004438
:102E0000E50508D5274B01221A7002230393184BBE
:102E100003A81B689847A00508D5224B00221A700A
:102E200003230393124B03A81B689847610548D5F9
:102E30001C4A1378002B44D00B4BD3F82C15A9B3A4
:102E400019490F4A0F4840F2E62308F0C5FD40F249
:102E5000E62121E7002BB5D18DF80C608DF80E101E
:102E60008DF80F50ABE700BF00700240982A002099
:102E70009C2A0020282F0020272F0020532F0300FA
:102E80000B2F0300CF150300087102403071024080
:102E9000942A0020262F00205C160020507102404A
:102EA0002C710240292F00206D3103001170012286
:102EB000C3F808259A6504230393AF4B03A81B6846
:102EC0009847AE4BD3F85C3123B3AD4B9B681BB92D
:102ED0009AF800305A061DD0A84B0022C3F85C2196
:102EE000D3F88034A74A23F07F031370D8F800305A
:102EF00023F00113C8F80030D9F8003023F48033F0
:102F000043F00103C9F80030052303939A4B03A84B
:102F10001B689847D8F80020D9F800301A4200F012
:102F2000188197480022002304F0D4FE002840F0C6
:102F30001081924BD3F82C35002B00F099809048EB
:102F400005B0BDE8F04F04F049BE4FFA87FBBBF176
:102F5000000F2FDA4268858A0168954228BF15461E
:102F600001F06042B2F1005F10D0402D09D98649CE
:102F7000864A87484FF4C17308F02EFD4FF4C171A3
:102F80008AE684482A460AF048FC8249206862683A
:102F900028442060A068521BC307626008D52A1E1F
:102FA00018BF0122002A40F09F80002222739BE07C
:102FB000003AF5E73846FFF709FEB4F814C060455B
:102FC00009D97549714A724840F2631308F004FD4B
:102FD00040F2631160E6226872B102F06042B2F121
:102FE000005F09D06D49694A69484FF4B27308F02F
:102FF000F3FC4FF4B2714FE66268D4F800E09042FF
:103000009CBF121A00EB0E05A0EB0C0C97BF2560BD
:10301000002562600546DCF1000343EB0C03002A47
:10302000714608BF0023BEF1000F0BD1002D58D010
:103030005B49564A564840F2593308F0CDFC40F2FD
:10304000593129E6A84241D900990123B34021EA28
:1030500003030222C8F800300623A2758DF80C3055
:10306000454B8DF80E701B688DF80F2003A898470C
:10307000D8F800300093D9F800300193DDE9003230
:1030800013EA02063FF45BAF16F0012314BF93FA74
:10309000A3F696FAA6F6B6FA86F6F7B20F2EC6BFD4
:1030A000103FFFB247F080073846FFF7EBFA037B8B
:1030B0000446002B7FF449AF3A49344A34484FF470
:1030C000527308F089FC4FF45271E5E509D0364996
:1030D0002E4A2F4840F26A3308F07EFC40F26A31F3
:1030E000DAE5002B3FF461AF2269019B8AF800709A
:1030F00001202A4400FA06F6226107F00F0423EAB1
:103100000606082CC9F8006009D928491F4A20483A
:103110004FF4A47308F060FC4FF4A471BCE517F001
:10312000080F164A18D1BBF1000F4FF0140303FB30
:103130000423A9BF0A3402EB8402C3F80017C3F8C2
:103140000457AFBF42F82400C3F80016C3F8045672
:10315000506005B0BDE8F08FBBF1000FB5BFC2F8FD
:10316000A016C2F8A017C2F8A456C2F8A457B4BF5C
:1031700050629064EDE700BF9C2A0020007002407E
:103180005C160020282F0020A93103000B2F03001C
:10319000CF150300A4280020B7310300CC31030071
:1031A0001C3203008E3103002F320300532F030023
:1031B00008B503070BD5094909480A4A4FF4BF630C
:1031C00008F00AFC07484FF4BF6108F0FCFB064B0F
:1031D00040F48070C3F8180508BD00BF48320300F2
:1031E000CF1503000B2F030000700240030713D418
:1031F00000F00F0310F0800F084A0BBF03F588732F
:1032000003F5847302EB830252F8230008BF506871
:10321000003818BF0120704700207047007002403E
:1032200008B503070BD50A490A480B4A40F21A634E
:1032300008F0D2FB084840F21A6108F0C4FB074BC3
:10324000C3F80C0540F48070C3F80C0508BD00BF3E
:1032500048320300CF1503000B2F0300007002401B
:103260000023036043600E4BD3F880240270D3F830
:1032700084244270D3F88824D3F88C1442EA0122C3
:103280004280D3F89024D3F8941442EA0122828039
:10329000D3F89824D3F89C3442EA0323C3807047C0
:1032A00000700240014B0122DA6470470070024056
:1032B000014B01221A65704700700240014B012248
:1032C0005A65704700700240014B1878704700BF84
:1032D000282F002038B50446EFF31185202383F30F
:1032E0001288BFF36F8F03060BD512491248134A99
:1032F00040F2446308F070FB104840F2446108F06B
:1033000062FBFFF7E3F90E4A012303FA00F01368AA
:1033100023EA0003136014F0080201BF04F00F0455
:10332000084B04F5947443F8242085F31188BFF307
:103330006F8F38BD5B320300CF1503000B2F0300E6
:10334000982A0020007002402DE9F04F044685B015
:10335000EFF31187202383F31288BFF36F8FFFF7FA
:1033600091F914F0800F414E05462BD12046FFF70E
:10337000ADF9D6F800804FF0010909FA00F030EA03
:1033800008000BD02046FFF7A5FF0323AB7587F39A
:103390001188BFF36F8F05B0BDE8F08F287320460A
:1033A000FFF794F909FA00F028EA0000306020469F
:1033B000FFF78CF92E4A136809FA00F923EA09038A
:1033C0001360E2E7230715D4802C2A4B41D004F088
:1033D0000F0202F2DA325200C3F80028D3F80428B0
:1033E000D3F80418D2B242F002020A43C3F8042808
:1033F000D3F80438DFF87890D6F800B0D9F800A0F8
:1034000020466BEA0A030193FFF760F94FF00108C9
:10341000019B08FA00F00342B9D02BEA00003060AB
:103420002046FFF753F900232B73032308FA00F813
:10343000AB758DF80F30104B8DF80E4048EA0A003E
:103440000622C9F800001B688DF80C2003A89847D5
:103450009DE740F2B472C3F80028D3F80428D3F8EB
:103460000418D2B242F00402BFE700BF942A002041
:10347000982A0020007002409C2A002010B50446C3
:103480004FF0FF324FF0FF33064804F023FC204694
:10349000FFF75AFF034804F0A1FB034B8022C3F857
:1034A000042110BD5C16002000E100E02DE9F04190
:1034B0003A4D2B785BB93A493A4A3B4840F2AB4324
:1034C00008F08AFA40F2AB41364808F07CFA4FF037
:1034D000FF3336484FF0FF3204F0FCFB2B78022B11
:1034E00009D033492F4A304840F2ED4308F074FACE
:1034F00040F2ED41E8E72F4B8022C3F884212720DA
:10350000FDF730F8A0B12C4F2C4B3C681B686FF3D3
:103510000F041C434FF0010854BB294E40F2FF1327
:103520003B602720C6F80445FDF708F8C6F80043BD
:10353000244A13788BB1224B0021C3F808110121D2
:10354000C3F80026C3F804165960D3F808110029FF
:10355000FBD00021C3F808111170194B0022C3F8E9
:103560000025124804F03AFB01232B70BDE8F081DE
:1035700094FAA4F6B6FA86F60F2E3046C6BFA6F128
:103580001000C0B240F08000030701D4FFF7DCFE5A
:1035900008FA06F624EA0604BEE700BF2A2F002038
:1035A0006E3203000B2F0300CF1503005C160020C2
:1035B000FC2F030000E100E0982A0020942A00205C
:1035C00000700240262F002010B504464FF0FF3255
:1035D0004FF0FF33114804F07DFB2046FFF7B4FEA7
:1035E00004F00F02012393400D4A14F0800F14BF22
:1035F000D2F81015D2F814156FEA030315BF0B406B
:103600000B40C2F81035C2F81435044804F0E6FA4D
:10361000044B8022C3F8042110BD00BF5C160020BB
:103620000070024000E100E070B50446FFF732FA96
:1036300068B904F00F02012514F0800F144B05FA4D
:1036400002F205D0D3F810150A43C3F8102570BD57
:10365000D3F814150A43C3F81425631E062BF6D8B5
:10366000EFF31186202383F31288BFF36F8F204678
:10367000FFF730FE2046FFF729F8064A1368854019
:1036800023EA0503136086F31188BFF36F8FDEE72B
:1036900000700240942A0020020710B504460BD5A2
:1036A0000B490C480C4A4FF4C06308F095F90A48DE
:1036B0004FF4C06108F087F9030605D4FFF796FDC3
:1036C00010B12046FFF706FE044BC3F8184510BDA5
:1036D00048320300CF1503000B2F03000070024097
:1036E00037B50C460A490B4A411A40230093491149
:1036F00005462346084808F0F0FE014628B1284652
:10370000234603B0BDE83040184703B030BD00BFCA
:10371000B42A002047C5020058DB0200C9B20129C3
:1037200008B509D908490948094A7E2308F054F91F
:1037300007487E2108F047F903690C2201FB023398
:10374000986C00F0070008BDE7320300CF150300B6
:10375000AA32030070B5C9B20129034600690BD92A
:1037600018491948194A4FF4E87308F035F9174811
:103770004FF4E87108F027F9EFF31186202484F361
:103780001288BFF36F8F0C2505FB0104A46C14F0A5
:10379000C00401D0A24211D105FB010001228264C4
:1037A000002086F31188BFF36F8F30B95B680C225D
:1037B00002FB01335B689847002070BD4FF0FF307B
:1037C000EFE700BFE7320300CF150300AA32030082
:1037D00070B50D460649411A044649110548402274
:1037E000FFF7B8FF2B4601462046BDE8704018475A
:1037F000B42A002058DB02000022F8B5012105465A
:103800001046FCF7BDFE114801F05EFD0446D0B93C
:10381000286900F025FA01F077FD2F690C49384638
:1038200008F044F9031E09DB0126BE642D6908492E
:1038300005F1200008F03AF9031E02DA1C46204682
:10384000F8BD6E65FBE76FF00404F8E70539020088
:1038500098E302001FB500220123CDE902236C4644
:10386000074A6B46CDE9004408F066FE28B94FF4DC
:1038700080420023684604F02DFA04B010BD00BF5A
:1038800053C5020010B5EFF31184202383F312888F
:10389000BFF36F8F074A136823F00201DB07116043
:1038A00002D4012001F084FD84F31188BFF36F8FEF
:1038B00010BD00BF0C2B002030B4104B0C2202FBBB
:1038C000003301460020D3E910521864EFF3118051
:1038D000202484F31288BFF36F8F9C6C04F0C00423
:1038E00044F002049C6480F31188BFF36F8F1DB114
:1038F0002B46034830BC184730BC7047B42A002020
:1039000058DB0200012810B504460AD003280CD069
:1039100078B90E4B9B6C5B0717D1BDE81040FFF7E1
:10392000CBBF00F0ABF92046F7E7BDE8104000F050
:10393000B3B907490748084A4FF4417308F04CF8F7
:1039400005484FF4417108F03EF810BDB42A00203C
:10395000223D0300CF150300AA32030010B4EFF399
:103960001180202282F31288BFF36F8F17490B68F2
:1039700043F0020413F001030C601AD04FF08043AF
:10398000D3F80C14D3F80C3413F0010311D0EFF377
:10399000118182F31288BFF36F8F0D4A936C03F08D
:1039A000C00343F00203936481F31188BFF36F8F68
:1039B000012380F31188BFF36F8F1BB110BC00206F
:1039C000FFF77ABF10BC012001F0C2BC0C2B002015
:1039D000B42A0020024BC0B203EB4010704700BF76
:1039E000B42A0020F8B53549BFF35B8F06460122A3
:1039F00051E8003F41E800200028F9D1BFF35B8F78
:103A0000A3B92F492F484B60CB608A60F9F72CFF90
:103A100000280BDA2C492D4A2D4840F2A32307F049
:103A2000DBFF40F2A321294807F0CDFF7EB3731ED0
:103A3000012B38D809F01FFE044650B1EFF3118571
:103A4000202383F31288BFF36F8F01244FF0804748
:103A50000EE0204B1B78002BF0D04FF08043022269
:103A6000C3F808230546F1E794B1284608F02CFB7B
:103A7000D7F81824D7F81834D203F5D59B0701D00E
:103A8000012EF1D14CB185F31188BFF36F8FF8BDD2
:103A90000021212005F0F2FCEAE74FF080430222EA
:103AA000C3F80423F3E70C49084A094840F2B52358
:103AB00007F092FF40F2B521B5E700BFB02A002021
:103AC000A02A0020D42A0020DB1B0300AA32030016
:103AD000CF1503003F2F0020223D030008B5144BF3
:103AE000BFF35B8F012253E8001F002903D143E895
:103AF00000200028F7D1BFF35B8F17D10D4A0023B8
:103B0000D3600D4B5360032393600C4B1146186830
:103B1000F9F7AAFE002809DA09490A480A4A4D239A
:103B200007F05AFF08484D2107F04DFF08BD00BFC0
:103B30002C2B0020142B0020353C0200102B0020E1
:103B4000DB1B0300CF1503003433030007B500224D
:103B50000023CDE900230E484FF40032002306F085
:103B600035FB0C4B1868F9F715FF002809DA0A49EC
:103B70000A480B4A552307F02FFF0948552107F043
:103B800022FF084B00221A6003B05DF804FB00BF5F
:103B9000D0150020102B0020DB1B0300CF150300E5
:103BA000343303002C2B002073B51D4D1D4CAE6823
:103BB0004C21F3682846984770B1002323701A46B9
:103BC000217809B1012A1FDD174A138008F02BFF65
:103BD0000123237002B070BD0C2133696A46284668
:103BE00098470028E9D1114A019B93FBF2F3009A10
:103BF00003EB82030C4AB2F900201BB29A1A002A86
:103C0000B8BF524212B2DBE7094A136801390133E7
:103C10002170136002B0BDE87040FFF797BF00BF8E
:103C20001CDC02002B2F0020FC2B002090D0030076
:103C3000242B002008B5074809F067FC28B908F0D4
:103C4000F2FE054B01221A7008BDBDE8084003488A
:103C500004F096BB1CDC02002B2F002098140020DF
:103C6000034B044A186000231360034A1360704733
:103C7000102B0020282B0020242B0020024B002298
:103C80001A70FFF72BBF00BF2B2F0020014806F052
:103C90000BBB00BFD0150020024A1368013313602C
:103CA000FFF754BF282B002008B5074809F02DFC6A
:103CB00038B10648FCF7CEFF0448F9F769FA00204E
:103CC00008BD6FF01200FBE7ACDB0200D13C020044
:103CD0000A2838B5074D044604D1AB680D215B684E
:103CE00028469847AB6803485B68E1B2984720468E
:103CF00038BD00BFACDB020070B5074E0446451866
:103D0000AC4201D1002070BD14F8011BB368024819
:103D10005B689847F4E700BFC8DB02000146014832
:103D200003F07CBB281600202DE9F047424F8EB0EF
:103D3000424CA66802E02046984748B9F36B002B36
:103D400067D1A568AB6B002B6AD1EB6A002BF2D16F
:103D50002B6913B96FF0570506E03848202206A9F1
:103D6000984705460028E9D0354C06AE4FF00008CC
:103D7000A845DDDA3B7816F8019B8BB9D4F800A092
:103D8000BAF1000F22D12F480022002305A903F029
:103D9000B9FA58B9059B2360C3F884003B78ABB1EE
:103DA000B9F10A0F32D100233B702FE0264BC4F843
:103DB00000A02649CDF800A0CDE901A30222534678
:103DC000504608F0D7FB01233B70E9E72068D0F8A4
:103DD00084307F2B11D94FF0000A1D4B1B490293F1
:103DE000022253465046CDE900AA08F0C3FB2068E2
:103DF000FFF794FFC4F800A0E5E75A1C0344B9F1AB
:103E00000A0FC0F8842083F804900ED008F101084E
:103E1000AEE720469847002893D10EB0BDE8F08762
:103E200020469847002890D1F7E700232360094BEC
:103E30001B689847EAE700BF2C2F0020C8DB020070
:103E4000302B0020281600207533030018DF0200F5
:103E50009C330300342B0020014AFDF7A5BB00BFB3
:103E6000F93C02000F4B70B518600F4C204609F06A
:103E70004CFBB0B1A3685B6A0BB120469847A568BC
:103E8000AB690BB1084898472B6C1BB10749064832
:103E900000229847A3681B6A1BB1BDE87040024826
:103EA000184770BD342B0020C8DB0200293D0200FA
:103EB00038B5036961B92149214A2248642307F0D2
:103EC0008BFD214807F088FD64211D4807F07BFD2C
:103ED000486850B91D491A4A1A48652307F07CFD05
:103EE0001B4807F079FD6521EFE7586800B300240F
:103EF000884219D108688CB99C685860A14200D1E9
:103F00009860002008602AB15A680A609A6859606F
:103F100002B9996000200FE02846E9E72060986820
:103F2000814208BF9C60ECE705680446002DF3D190
:103F3000002AE9D16FF0150038BD00BF043403003A
:103F4000C8330300CF1503000D3403001C340300F5
:103F50002E34030008B50368590914D0012906D18D
:103F600040F2FF3203F01F03DA40D2070ED40B49B0
:103F70000B480C4A4FF4826307F02EFD09484FF4BA
:103F8000826107F020FD4FF0FF32EBE7036001296B
:103F9000054818BF4FF0A04008BD00BF78340300AB
:103FA000CF150300453403000003005070B544688A
:103FB000207C01F01F0545EA4015A06886B0002866
:103FC00073D0B2F5001F04D1294601F039FF00205B
:103FD0004FE06068667CC0F8246501A80026B2F551
:103FE000800F0196466033D1B3F1007F14BF0523E3
:103FF00004238DF804300023CDE904030393E36820
:10400000CB4013F0010F6E4635D1B2F1A07F32D113
:1040100068460095FFF79EFF009B03F5E07350F89C
:104020002330DB0727D4A0686A46294601F0AEFD9D
:10403000163018D00296A06803AA294601F046FC63
:10404000002816DBA0680122294601F077FEBEE7B2
:10405000B3F1C06F05D0B3F1007F14BF0123022379
:10406000C7E70323C5E7A068694601F047FE0028BB
:10407000E0DA06B070BDA0683246294601F086FD40
:104080000028D8D19DF80010A06801F01BFE002880
:10409000D1D007490748084A40F2F11307F09CFCC9
:1040A000054840F2F11107F08EFC6FF08500E0E763
:1040B000F1190300CF1503009B3403002DE9F043F1
:1040C000466840F20635337CD00687B001F01F0702
:1040D00002EA050547EA431754BFC2F3401303231E
:1040E000B5F5837F14468DF8033044D00DD8062DE6
:1040F00016D005D8A5B1022D3FD06FF0150037E0DE
:10410000B5F5807FF9D101250AE040F202229542FF
:1041100035D0B5F5407F34D0B5F5007FEDD102251F
:10412000220330D5726801238B40C2F80835B0688D
:1041300088BB03A80397FFF70DFF039B00EB8300E9
:10414000C4F3004383F00103C4F34044D0F80027D4
:1041500044EA43049DF8033022F4E16244EA830414
:1041600022F0070244EA05231343C0F80037002079
:1041700007B0BDE8F0830725D2E70425D0E7052581
:10418000CEE70325CCE7630341BF012372688B4070
:10419000C2F80C35CBE70DF10202394601F0F6FC0E
:1041A00014F4403F804617D1B068394601F072FDE3
:1041B000B8F1000FDBD19DF80210B06801F082FD6C
:1041C0000028D4D01E491F481F4AFC2307F004FCD6
:1041D0001D48FC2107F0F7FB4FF0000901ABCDE9CA
:1041E0000199CDE90439CDF80C90B06803AA39469D
:1041F00001F06CFB4845BADB14F4003314D0C4F36F
:1042000000449DF803308DF80E3084F001048DF8E1
:104210000C508DF80D40B0684B4603AA394601F0AA
:1042200017FC0028C4DAA2E7CDE904330DF103033B
:104230000393B06803AA394601F048FBF1E700BFD9
:10424000F1190300CF1503009B340300420970B538
:10425000034602D0012A1ED070BD144E3269516847
:104260000029F9D003F01F0301250C689D400029A7
:10427000F2D08A682A4012D04B6873B90C490D4AB3
:104280000D48892307F0A8FB0C4807F0A5FB094857
:10429000892107F098FB0A4EE0E7304698471CB1A9
:1042A000236821461C46E2E72346FAE790DB02003A
:1042B000AB3B0300C8330300CF1503002E340300CB
:1042C00074DB020038B54568A86890B101F0C8FCFD
:1042D000014670B9A86801F08DFC044658B9024641
:1042E0000649A86801F03AFC224605210620FCF7A1
:1042F00047F9002038BD6FF00400FBE74D42020093
:1043000008B50368590914D0012906D140F2FF32DB
:1043100003F01F03DA40D2070ED40B490B480C4AB6
:104320004FF4826307F058FB09484FF4826107F0AD
:104330004AFB4FF0FF32EBE703600129054818BF45
:104340004FF0A04008BD00BF78340300CF15030034
:1043500045340300000300502DE9F04F904685B02E
:10436000074600EB810940F2FF1AB94501D1002050
:1043700019E03968C1F3C72313F0080BC1F3C32058
:10438000C1F3080468D1364B090E544508BF4FF0FD
:10439000FF3406291D5C56D008D8042918D00529F9
:1043A0004DD06FF0850005B0BDE8F08F4E29F8D1F3
:1043B000621CC8F814454AD003A80394FFF7A0FF75
:1043C0000399012606FA01F1C0F8081530460FE0FE
:1043D000C8F808455E46631C39D003A80394FFF76C
:1043E0008FFF03998446012000FA01F1CCF80C15E7
:1043F0003968019101F4004CBCF1000F08BF8346FD
:1044000003A818BF01260394FFF77AFF039C0199C4
:1044100000EB8400C1F34121D0F800472D0224F4C1
:10442000413445EA810524F4437445EA0B0324F042
:104430000304234343EA4603C0F8003707E0C8F803
:104440000C450126C7E7611CC8F8104501D10437A7
:104450008BE75E465846CBE76FF01500A3E700BF39
:1044600071490300014B01221A60704700C00040EF
:104470000C2903690BD15B6A064907484B4393FB40
:10448000F0F100FB113311605360002070476FF0B2
:104490008500704790D0030040420F00044B006934
:1044A0000022C3F80021D3F8003103F097BB00BF0E
:1044B00000C000407FB50569AB6A002B42D021F0F7
:1044C00040010C2941D105F110064FF0FF324FF0A9
:1044D000FF33304603F082F81D4B01930024032381
:1044E000A86A039469460293F9F7BEF9A04209DA73
:1044F0001849194A19483D2307F06EFA3D2116481C
:1045000007F061FA4FF0FF324FF0FF33284603F017
:10451000E1FBA86AF9F73EFA002807DA0D490E4ACE
:104520000E48422307F058FA4221E8E70C4BD3F833
:1045300008256A6201225A60304603F017F92046C6
:1045400004B070BD6FF00A00FAE76FF08500F7E77E
:1045500065440200DD1B0300E3340300CF150300B4
:1045600000C0004010B504690020FFF733FAA062D4
:1045700048B911491148124A772307F02DFA10481B
:10458000772107F020FA4FF0FF320021204609F092
:1045900044F804F1100009F00FF8002201210C206A
:1045A000FBF7EEFF0C20FBF7BBFF064B0122C3F825
:1045B0000423002010BD00BF1D350300CF150300EC
:1045C000E334030000C00040F0B50746446C4FF4EC
:1045D000FA535C4357F8203B00261B68B4FBF3F406
:1045E0004FF4004C0546C834314640F2E73085B000
:1045F0004FF47A720023E4FB0C01F3F721FF02462B
:104600000B46384603F066FB68B1084B0849009634
:10461000CDE9016330463346012208F028F86FF0F7
:10462000730005B0F0BD286BFBE700BF4335030006
:1046300000DF020010B50368044623B31A7D12B3ED
:10464000186908F05EFF236898681B7B02690121E6
:10465000994043681B6819420ED11049104A11480D
:1046600040F2A26307F0B8F90F4807F0B5F90C481B
:1046700040F2A26107F0A7F91368194283680CBFE2
:104680001B69DB689847A36933B9636004F11000C4
:10469000BDE8104003F0A2BA10BD00BF9A35030078
:1046A00069350300CF150300D83503007FB50D1E13
:1046B000046906460BDAE16D08F0EAF8C4F88C509C
:1046C00004F17C0004B0BDE8704003F087BAD4F870
:1046D000A8305BB19D421ED9304B02930023CDE937
:1046E00000332F490122184607F0C1FFD4F8B0303B
:1046F0005BB19D4230D9294B02930023CDE90033B1
:1047000027490122184607F0B2FF304604B0BDE841
:10471000704007F0E9BF5B1BC4F8A830A3B9D4F818
:1047200090300833C4F89030D4F89430013BC4F88A
:10473000943004F1A80204F1940104F1900007F010
:1047400083FFC4F8A400D1E7D4F8A430002BCDD067
:104750002B44C4F8A430C9E75B1BC4F8B030A3B93C
:10476000D4F898300833C4F89830D4F89C30013B22
:10477000C4F89C3004F1B00204F19C0104F19800EB
:1047800007F062FFC4F8AC00BFE7D4F8AC30002BF0
:10479000BBD02B44C4F8AC30B7E700BFEA35030008
:1047A00000DF02002DE9F04198468B8804690E462F
:1047B00099040746154600F182804FF0FF324FF012
:1047C000FF3304F16C0003F085FA2666002D7FD1DB
:1047D000C4F890500023C4F8943004F1A80204F106
:1047E000940104F1900007F02FFF0546C4F8A400DF
:1047F000B8F1000F74D1C4F898800023C4F89C303D
:1048000004F1B00204F19C0104F1980007F01CFFD0
:104810000023D4F894C0C4F8AC00C4F88C301A4615
:10482000624566D10022D4F89CE01146714568D1FA
:1048300093422CBFC4F8A030C4F8A02015B1D4F81E
:10484000A8302BB900286FD0D4F8B030002B6BD033
:104850003146384600F00AF9054610BB04F15C0801
:10486000E66504F1B405284603F0AEFA304938464F
:1048700007F0F7FF4FF0FF324FF0FF33284603F009
:1048800029FA3146384607F0EDFF384607F02CFF8D
:104890004046FFF799FE054600283BD1B3889A04AD
:1048A0000AD4E36D13B19B889B0405D400232366CF
:1048B00004F16C0003F092F92846BDE8F081636FC3
:1048C000002B7FF47AAF236E9E427FF476AF7DE7B4
:1048D0002B68C4F89030002B3FF47CAF6B687AE70C
:1048E000D8F80030C4F89830002B86D0D8F80430BF
:1048F00084E7D4F8901001EBC201013249680B44FF
:104900008EE7D4F898C00CEBC10C0131DCF804C080
:1049100062448BE710F1740FC3D1384607F0DAFF19
:104920004046FFF751FEBCE76FF01505B9E700BF41
:104930005DC7020008B50368590914D0012906D1E2
:1049400040F2FF3203F01F03DA40D2070ED40B49C6
:104950000B480C4A4FF4826307F03EF809484FF4C5
:10496000826107F030F84FF0FF32EBE70360012976
:10497000054818BF4FF0A04008BD00BF78340300C1
:10498000CF150300453403000003005010B5012388
:1049900003FA01F1436804691B6819420ED10E49FC
:1049A0000E4A0F4840F2A26307F016F80D4807F0D0
:1049B00013F80A4840F2A26107F005F8236819428B
:1049C00018BF82F0010222B18368DB68BDE81040A5
:1049D000184783681B69F9E79A35030069350300B6
:1049E000CF150300D835030002461248824210B5A5
:1049F00017D21148824214D21048824211D2104B71
:104A00009A420FD80F4B9A420ED80F4B9A420DD8AC
:104A10000E4B9A420CD80E4C0E4B0F48A24298BF38
:104A2000184610BD0D48FCE70D48FAE70D48F8E7B9
:104A30000D48F6E70048E8010024F40000127A006F
:104A4000FF083D007F841E003F420F001FA10700AA
:104A50008FD0030048E8010090D0030000093D001A
:104A600080841E0040420F0020A10700F0B50569B8
:104A700095F828308FB006460C460BB3EA6A0B68EF
:104A80009A421DD12A6B4B689A4219D195F8403051
:104A9000097D994214D1B5F84420238B9A420FD155
:104AA0006A6BA368F9B19A420AD1AB6BE2685340D2
:104AB00033F47F4304D1EA6B23699A4200F0B48057
:104AC000A28812F4006313D0584B02930023CDE95F
:104AD000003357490122184607F044FE6FF085065F
:104AE00030460FB0F0BD9A42EAD1AA6BE368E4E722
:104AF00012F001010DD0326803924E4A4C490093E6
:104B0000CDE901321846012207F02CFE6FF01506A0
:104B1000E6E712F008030AD0474B0091CDE90113F4
:104B20000B4643490122184607F01CFEEEE702F44B
:104B3000FC61B1F5807F04D0404A0093CDE9013299
:104B4000EFE720683E49884201D83E4AF5E72B68E6
:104B50007768D3F80835591C0AD00493930704A842
:104B600044D4FFF7E7FE049A01239340C0F80C35C4
:104B70004FF0FF330793BB7F20688DF82230FFF79B
:104B800033FFBB69834294BF09930990A3889907B7
:104B900003F0040232D5002A0CBF02220322C3F321
:104BA00000138DF829304FF0FF338DF828200B9338
:104BB00097F820308DF8303001238DF833308DF8A0
:104BC000343095F82830DBB104A9284601F026FDE1
:104BD0000646E0B11C4B029300230390CDE900335D
:104BE00013490122184607F0BDFD79E7FFF7A2FE41
:104BF000049A01239340C0F80835B9E79208CEE73C
:104C0000124A334604A9284601F0D4FCE0E705F136
:104C10002C0304F11C0254F8041B43F8041B9442B7
:104C2000F9D1012385F82830002659E7153603000D
:104C300000DF02002F3603005136030070360300F8
:104C400047E801009F360300D03603002DC802005C
:104C50002DE9F843436804461B6898476368DE7F84
:104C6000DC6800250127B54202D30020BDE8F883A7
:104C700020682179E38803F03002302AD0E901C9A5
:104C8000D0F810800ED12549254A264840F2F73346
:104C900006F0A2FE244806F09FFE40F2F7312048BD
:104CA00006F091FE03F00602042A09D11F491C4AAE
:104CB0001C4840F2FE3306F08FFE40F2FE31EEE774
:104CC000DCF800C0DA0707FA01FE54BF43F4B01362
:104CD00083F4D0131EEA0C0F23F480120CD1144974
:104CE0000F4A104840F2114306F076FE114806F0D4
:104CF00073FE40F21141D2E7D8F800C0DB074CBF89
:104D00004CEA0E032CEA0E03C8F80030D9F8003044
:104D1000984708340028A9D10135A4E7F4360300E8
:104D200069350300CF1503002D3703006A370300F0
:104D30009A350300D835030038B51149D1E9003060
:104D4000D41AE31840F1000022F07F45C1E9003099
:104D5000A5F50013B3F5400F09D20A4B1B681A0AD8
:104D60001B065819084B42F10001C3E9000105F088
:104D7000E7F801462046BDE8384005F047B800BFD7
:104D8000681A0020842B0020701A00200D4B186830
:104D9000010A0006BFF35F8F0B4BD3F804351818D8
:104DA00041F10001B3F5801F0AD2084BD3E900237B
:104DB000904271EB030303D210F1807041F10001C6
:104DC000704700BF842B002000100140701A0020A3
:104DD0002DE9F7432E4CD4F8043399070BD5D4F8BA
:104DE000043143B12B4A0023C4F80431D4F8043110
:104DF000136801331360D4F80433DA0343D5BFF3E7
:104E00005B8F254B53E8002F22F0010143E800108F
:104E10000028F7D1BFF35B8FD30702D4D4F8403119
:104E20008BB30025C4F84051D4F84031FFF7AEFFF2
:104E3000EFF31182202383F31288BFF36F8F174B98
:104E4000D3E90267B042B94120D34FF0FF304FF0B1
:104E5000FF31C3E90201D3E900981D604FF48033AC
:104E6000C4F84833C4F84051D4F8403182F3118873
:104E7000BFF36F8FB9F1000F05D0CDF80080324637
:104E80003B460020C84703B0BDE8F083A946EDE7E4
:104E900000100140842B00207C2B0020581A002099
:104EA0002DE9F84F4B4DBFF35B8F06460F4655E893
:104EB000008F28F0010345E80032002AF7D1BFF344
:104EC0005B8F454C4FF48039C4F80893BFF35F8F74
:104ED000BFF36F8FFFF75AFFB04271EB070308F083
:104EE000010840D23D4B301A67EB0101984271F145
:104EF00000014CD23A4BD3E902239F4208BF9642AD
:104F00003ED04FF0000CC4F84893C4F840C126F0DE
:104F10007F40D4F84031DFF8CCA0834603216FF006
:104F2000020E2BF07F43C4F84035C4F84493D4F804
:104F30000425AEEB02035B4423F07F4353451FD9A6
:104F4000D4F840315BB1D4F80425131A23F07F4321
:104F5000B3F5000F14D9C4F840C1D4F8403101EBC7
:104F6000020B0131DDE7204BBFF35B8F53E8001FDD
:104F700041F0010143E80012002AF7D1BFF35B8F33
:104F8000174B1A4A1A60C3E9026700225A60B8F147
:104F9000000F1CD0BFF35B8F55E8003F43F00103C7
:104FA00045E80032002AF7D1BFF35B8F4FF480331E
:104FB000C4F804330C4BBFF35B8F1B68BFF35B8FEC
:104FC000DB0742BF0A4B4FF40032C3F80021BDE8B3
:104FD000F88F00BF802B00200010014001008000EE
:104FE000581A0020FDFF7F007C2B0020394D020065
:104FF00000E100E070B5194C194BC4F80833C4F84F
:105000004833184B00254FF0FF304FF0FF31C4F804
:105010000855C3E902014FF48033C4F80433124B3E
:1050200002264FF40032C4F804630121C3F8802142
:1050300011202A46FBF7A4FA1120FBF771FA01238D
:105040000A4AA3600021236009481360FFF728FF84
:105050003046FEF7C7FC284670BD00BF0010014077
:1050600003000F00581A002000E100E0802B002010
:10507000FFFF7F00431C10B50F4C05D08442A8BF32
:105080000446012CB8BF0124FFF780FE0B4AD2E989
:105090000031C01AB0F5000F074A0AD220449042EE
:1050A00028BF1046C018BDE8104041F10001FFF7CD
:1050B000F7BE1046F6E700BFFFFF7F00681A00202A
:1050C00008B5FFF763FE024B1B68C01A08BD00BF9E
:1050D000681A002010B5084C012363601120FBF70B
:1050E0002DFA064BC4F80833C4F84833044B4FF488
:1050F0000032C3F8802110BD0010014003000F00F2
:1051000000E100E037B5046994F835300D464BBB3B
:105110000B7B022B29D10B680BBB94F834204B6816
:10512000D2B9134A591E914219D823630DF10701D0
:10513000204601F0C7FC10F10C0F0BD0AB689DF8B6
:10514000070013B1021D44F8223094F834300133C3
:1051500084F8343003B030BD226B9A42E6D06FF051
:105160001500F7E76FF00F00F4E76FF08500F1E747
:10517000FEFFCF0710B50022046901211020FBF7C4
:10518000FFF900232046034ABDE81040194601F00C
:105190003BBC00BF99510200F8B50A4E0C460127EE
:1051A00004B9F8BD94FAA4F5B5FA85F52B1D56F8A7
:1051B000233013B104482946984707FA05F524EA35
:1051C0000504EDE76C150020E4DB02004FF080538E
:1051D000D3F830210D2A55D14FF080410022C1F87B
:1051E0000C21C1F81021C1F83825304AD3F8040445
:1051F000C2F82005D3F80804C2F82405D3F80C043B
:10520000C2F82805D3F81004C2F82C05D3F814040A
:10521000C2F83005D3F81804C2F83405D3F81C04DA
:10522000C2F84005D3F82004C2F84405D3F824049A
:10523000C2F84805D3F82804C2F84C05D3F82C046A
:10524000C2F85005D3F83004C2F85405D3F834043A
:10525000C2F86005D3F83804C2F86405D3F83C04FA
:10526000C2F86805D3F84004C2F86C05D3F844349A
:10527000C2F87035D1F80034DB0709D56FF00103AF
:10528000C1F800344FF08053D3F830310D2B0CD1DE
:105290004FF08053D3F834313BB14FF01023D3F8A3
:1052A00008224FF08043C3F85825704700C00040E3
:1052B000014B00201B681847882B0020014B1B68FE
:1052C000184700BF882B002010B50C4C237993B9E8
:1052D000012323710A4B2060002818BF184600F0F4
:1052E00097F850B923680748002BBDE8104008BF65
:1052F000184600F0FBB86FF0770010BD882B002037
:10530000B1520200BD52020008B50C4B1A794AB9DD
:105310000B490C480C4AB12306F05EFB0A48B12148
:1053200006F051FB1B682BB10020FBF71BF908B9F5
:10533000FBF7F6F8054B01221A7008BD882B0020F8
:1053400003380300CF150300C63703003D2F0020AC
:1053500008B5124B1B795BB91149124A124840F249
:10536000051306F039FB40F205110E4806F02BFB41
:1053700058B101280DD00D490A4A0B484FF49273D9
:1053800006F02AFB4FF49271EFE7BDE8084000F009
:10539000BFB8BDE8084000F049B800BF882B002026
:1053A00003380300C6370300CF150300223D030076
:1053B00008B5124B1B795BB91149124A124840F2E9
:1053C0002B1306F009FB40F22B110E4806F0FBFAF6
:1053D00028B1012807D1BDE8084000F055B8BDE864
:1053E000084000F0E1B80949064A07484FF4A573A0
:1053F00006F0F2FA4FF4A571E7E700BF882B002012
:1054000003380300C6370300CF150300223D030015
:10541000054B0246187918B91A6001221A717047B3
:105420006FF07700704700BF902B002008B512493D
:105430000B794BB911491248124A772306F0CCFA7E
:105440001048772106F0BFFA4FF080430022C3F8DE
:105450000021D3F8002101221A60096811B1C3F8B4
:10546000042308BDD3F80021002AFBD00022C3F892
:105470000021D3F80031F4E7902B0020033803001B
:10548000CF1503002138030008B5084B1B794BB931
:1054900007490848084A892306F09EFA06488921E8
:1054A00006F091FABDE8084007F0C6BA902B00203C
:1054B00003380300CF150300213803004FF0804369
:1054C000D3F80423D2070DD5D3F8002152B100221E
:1054D000C3F80021D3F800210122C3F80823024BAE
:1054E0001B681847704700BF902B0020074A1379AC
:1054F0004BB901215371106011714FF08042184671
:10550000C2F8183570476FF077007047982B00206D
:1055100010B5214C23794BB920492148214AE52374
:1055200006F05AFA1F48E52106F04DFA4FF0804385
:10553000D3F81814D3F81824C90315D5900701D04F
:1055400007F096FA4FF080430022C3F81825C3F8FD
:105550000421D3F8042101229A60226872B9D3F899
:105560000421002AFBD011E0D3F81424D107E9D597
:10557000D3F81C249207E3D122681AB10222C3F89F
:10558000042310BDD3F80421002AFBD00022C3F865
:105590000421D3F80431F4E7982B002003380300EA
:1055A000CF1503006438030008B5094B1B795BB9BC
:1055B00008490948094A4FF4917306F00DFA074863
:1055C0004FF4917106F0FFF9BDE8084007F050BABA
:1055D000982B002003380300CF1503006438030024
:1055E0004FF08043D3F80C14D3F80C24C80322D511
:1055F000D10720D5D3F81824D2031CD5114A5179EC
:1056000001F0FF00D1B9C3F80C01D3F80C1101214E
:1056100051711961126822B10822C3F804230020D5
:105620007047D3F80C21002AFBD00022C3F80C21CC
:10563000D3F80C31F3E76FF0760070476FF00F008E
:10564000704700BF982B0020F8B54FF080431C4EE8
:10565000D3F80443012704F01A04002504B9F8BD67
:10566000B4FA84F0C0F11F00830003F580739BB28D
:1056700003F1804307FA00F2196892B224EA0204A7
:105680000029EBD01D601B684FF08043082AC3F847
:1056900008230FD0102A0ED0022A0CD009490A483C
:1056A0000A4A4FF4F57306F097F908484FF4F5717C
:1056B00006F089F975713368C0B29847CEE700BF2C
:1056C000982B0020223D0300CF150300643803000F
:1056D000034A430900F01F00D35C1844C0B270476E
:1056E0007949030010B504460846FFF7F1FF04EBC3
:1056F0004000838ADA051CD5C3F3432123F4F85311
:10570000838204F1120204F1660032F8023F13F4BE
:10571000807F03D0C3F3432399420AD09042F4D14F
:1057200004EBC10300225A6004F16C0007F05EF93B
:1057300000B910BD05490648064A4FF4DB7306F070
:105740004BF904484FF4DB7106F03DF9F119030001
:10575000CF150300A738030008B5026801461046BC
:1057600007F09FF958B91149114A12484FF4826362
:1057700006F032F94FF482610D4806F024F902F088
:105780001F0352090B600BD0012A0CD00A49084AAA
:10579000084840F2194306F01FF940F21941EBE7BF
:1057A0004FF0A04008BD0548FCE700BF7834030077
:1057B00045340300CF150300223D030000030050D1
:1057C000072808B50BD908490848094A40F2A73309
:1057D00006F002F9064840F2A73106F0F4F880001E
:1057E00000F5807008BD00BF1A390300CF15030013
:1057F000E5380300024611F0010030B515D18B07E2
:10580000C1F3400022D51249D1F8200550604FF075
:105810008052C1F82005D2F830210D2A08BFD1F8F6
:105820002025003818BF012010E04FF0A0444FF0B1
:105830008055D4F820351360C4F82035D5F83051A0
:105840000D2D08BFD4F82045002BD8D030BD00BFA7
:1058500000030050F7B504460846FFF739FF04EB94
:1058600040060D46B38ADB072AD5204607F00CFA1E
:105870002946204607F027F950B1204607F052F993
:10588000276807EB80000023C0F81035C0F81035FA
:10589000204629460024FFF725FFB48201A8019580
:1058A000FFF75AFF019B00EB8300074BD0F800275E
:1058B000134043F00203C0F80037204603B0F0BDA8
:1058C0006FF01500FAE700BFF0F8FCFF2DE9F04398
:1058D0000E4685B01746044658B95A495A485B4A9D
:1058E00040F25E4306F078F8584840F25E4106F018
:1058F0006AF80846FFF7ECFED7F800800546B8F1D5
:10590000000F19D0204607F002F918BBCDE90000BE
:105910008DF80E008DF80F0043460DF10F020DF1CA
:105920000E01304607F027F904EB4502938A23F075
:10593000020343F0010393827B689BB33146204608
:1059400093F80080D3F8049007F0D6F828B1B9F1A5
:10595000000F1FD06FF0150027E004EB4500838A8D
:1059600023F4604323F020038382B9F1000F11D0A8
:10597000B8F1030FEED87B6821685B6893F800C02C
:105980004FEA8C031944B8F1000F11D1C1F810850A
:10599000C1F8108504EB4502938A23F01C0343EA07
:1059A00088039382BB6843BB002005B0BDE8F08349
:1059B000D1F8102522F00302C1F810252268134403
:1059C000D3F8102522F44F3222F44072C3F8102588
:1059D0003202D3F8101502F47C5242EA08420A431C
:1059E000C3F8102504EB4C03A3F87060838A43EAE4
:1059F0004C3343F020038382CCE7D3E9007831466F
:105A00002046FFF76FFE002FCED063689F4206D07E
:105A100004F16C0006F0CCFF002804DAC5E7A368A7
:105A20009845F5D1002004EBC003C3E9017804EBED
:105A30004505C0B2AB8A43EA402343F48073AB828E
:105A4000B2E700BF24390300CF150300A7380300D5
:105A50002DE9FF410C4616461F46054658B93C49FC
:105A60003C483D4A4FF48D6305F0B6FF3A484FF489
:105A70008D6105F0A8FF0846FFF72AFE804616B3A1
:105A8000284607F039F818B9284607F01CF808BB73
:105A90002146284607F022F810B17378012B19D05F
:105AA00001238DF80F300023CDE90063721CB31C75
:105AB0000DF10F01204607F05EF805EB4802938ACE
:105AC00043F003039382002F3FD02146284607F07E
:105AD00013F820B96FF0150004B0BDE8F0813E78EE
:105AE0002B6803EB8603002205EB4800C3F8102562
:105AF000C3F81025838A23F4604323F020038382B4
:105B000079784FEA860C01B32A68BF7862440904A9
:105B1000D2F8103523F4991323F4F853C2F8103552
:105B2000230201F4403103F47C530B433905D2F8CE
:105B3000105501F480110B432B43C2F81035838AB2
:105B400043EA463343F0200383820020C4E700BFCA
:105B500024390300CF150300A738030008B558B94E
:105B600007490848084A40F2714305F035FF0648E6
:105B700040F2714105F027FFC0E9031208BD00BFE4
:105B800024390300CF150300A738030070B515466C
:105B9000044658B91349144A144840F27A4305F0B0
:105BA0001BFF40F27A41104805F00DFF4AB9104939
:105BB0000D4A0E4840F2233305F00EFF40F2233128
:105BC000F1E706F080FF48B10846FFF781FD04EBDE
:105BD00040040020A38A5B0B2B7070BD6FF0150092
:105BE000FBE700BF24390300A7380300CF150300EB
:105BF0002F39030070B5044658B916491648174A9C
:105C00004FF4916305F0E8FE14484FF4916105F0FC
:105C1000DAFE90F88050D5B954222946143007F0A6
:105C200023FE2668E8B20135FFF7CAFD082DF9D139
:105C30000025C6F87C5146F30730D6F87C31FAF7D8
:105C40006FFC012384F88030E366284670BD6FF056
:105C50007700FBE724390300CF150300A7380300C2
:105C600008B558B908490948094A40F28F4305F078
:105C7000B3FE074840F28F4105F0A5FE90F8800082
:105C8000003818BF012008BD24390300CF150300D8
:105C9000A738030008B558B907490848084A40F230
:105CA0009D4305F099FE064840F29D4105F08BFEAC
:105CB000BDE80840FFF7CEBD24390300CF1503002F
:105CC000A738030008B558B908490948094A40F2FD
:105CD000A44305F081FE074840F2A44105F073FE9D
:105CE000BDE80840044806F081BE00BF2439030027
:105CF000CF150300A7380300A815002010B50C46E7
:105D000058B90A490A480B4A40F2AB4305F064FE11
:105D1000084840F2AB4105F056FE074806F048FE41
:105D20000028A4BF2070002010BD00BF243903004C
:105D3000CF150300A7380300A81500202DE9F34173
:105D40000D461646044658B93849394A39484FF481
:105D5000A56305F041FE4FF4A561354805F033FE1B
:105D600006F0BCFE48B93449314A324840F2354366
:105D700005F032FE40F23541EFE7204606F0A3FE83
:105D80002768F8B1204606F0B7FE8046D0B9204615
:105D900006F0C8FE0546FFF713FD47F800803B58A4
:105DA000236803EB8503D3F8102542F00102C3F802
:105DB000102526B122680123AB40C2F8043302B09B
:105DC000BDE8F081D7F80433002BA4BF4FF00043A7
:105DD000C7F804334EB91949154A164840F24F43E3
:105DE00005F0FAFD40F24F41B7E72846FFF770FC97
:105DF00004EB4004A38AC3F38203042B12D0052BC7
:105E000012D001A80195FFF7A7FC019BD0F810154F
:105E1000D94001F001010231284602B0BDE8F0414D
:105E200006F0F6BE0321F7E70221F5E72439030067
:105E3000A7380300CF150300393903005A3903008E
:105E400008B558B907490848084A40F22F5305F0E9
:105E5000C3FD064840F22F5105F0B5FDBDE80840EE
:105E600006F012BF24390300CF150300A738030042
:105E70002DE9F04F07468BB058B975497548764AF9
:105E800040F25C6305F0A8FD734840F25C6105F0E8
:105E90009AFD8046082258F804ABDAF80413C9B218
:105EA00041F00041504606F0C2FE051E2FDA0023E5
:105EB000032108A8CDE90833FFF79CFC674B029348
:105EC0000DF120094FF0000B029A654912F8013BD1
:105ED0000292DA0803F007038A5C22FA03F3DB0775
:105EE0001CD40BF10103022B09F104094FF0010B43
:105EF000EAD14FF000410022504606F098FE0321FF
:105F000008A8FFF777FC0028D8D125F00045012428
:105F1000002D40F086800BB0BDE8F08F514B5B4404
:105F20000393D9F800100029DBD0039B91FAA1F16B
:105F30001C78B1FA81F141EA44142046FFF7C8FB0E
:105F400007EB40000794828AC808C2F3820319F85D
:105F500000600193CDE9042301F00701012303FA56
:105F600001F126EA010109F8001007A8FFF7F4FB88
:105F70000799049A059B01F5E07112F0100F50F893
:105F80002160C6F3014633D0019A2146404606F00F
:105F9000D3FD07A80794FFF7DFFB079B03F5E0732A
:105FA000F6B250F82330C3F301439E4207D10021DB
:105FB000204606F02DFE3146204606F029FE07A8B1
:105FC0000794FFF7C9FB079B012202FA03F3C0F80D
:105FD00020354FF08053D3F830310D2B01BFD0F86E
:105FE0002035D0F82035D0F82035D0F8203598E786
:105FF000022E14BF022103212046049306F008FE5E
:10600000049B032B03D0022E07D1012BD7D1019A79
:106010002146404606F090FDD1E7032ECFD1022B5A
:10602000F4E795FAA5F3B3FA83F304FA03F225EA49
:10603000020503F5A27207EB43035AF82220B3F8D6
:106040007010C2F30142404606F076FD60E700BFE3
:1060500024390300CF150300A73803008949030042
:1060600034E402008949030010B5034648B91049D9
:106070001048114A722305F0AFFC0F48722105F059
:10608000A2FC0E4C207878B91B784FF0804203F0C8
:106090000103C2F87835FAF765FA08B9FAF740FA59
:1060A00001232370002010BD6FF07700FBE700BFD5
:1060B000673A0300CF150300653903003E2F002027
:1060C0004FF080434FF46072C3F80823014B002265
:1060D0001A607047A02B002008B558B909490A4832
:1060E0000A4A40F2431305F077FC084840F2431196
:1060F00005F069FCFFF7E4FF03680BB1044A136085
:1061000008BD00BFA2390300CF15030065390300A5
:10611000A02B002010B54FF08043D3F80443620752
:1061200014D54FF4847006F0D1FD78B1404B1B6854
:106130005BB94049404A414840F26F1305F04CFCBE
:1061400040F26F113C4805F03EFC9847A30613D57A
:106150004FF48A7006F0BAFD70B1394B1B684BB929
:106160003849354A35484FF4BC7305F035FC4FF4D7
:10617000BC71E7E700209847600613D54FF48C7098
:1061800006F0A4FD70B12E4B1B684BB92D492A4A6D
:106190002A4840F27F1305F01FFC40F27F11D1E73F
:1061A00001209847210613D54FF48E7006F08EFD1E
:1061B00070B1254B1B684BB924491F4A1F484FF447
:1061C000C47305F009FC4FF4C471BBE70020984785
:1061D000E20513D54FF4907006F078FD70B11A4BBC
:1061E0001B684BB91949144A144840F28F1305F043
:1061F000F3FB40F28F11A5E701209847A30515D5C1
:106200004FF4927006F062FD80B10F4B1B684BB9E2
:106210000E49094A09484FF4CB7305F0DDFB4FF4F2
:10622000CB718FE7BDE810400220184710BD00BFBA
:10623000A82B0020BA39030065390300CF150300ED
:10624000A42B0020DB390300A02B0020FD39030024
:1062500008B50368590914D0012906D140F2FF326C
:1062600003F01F03DA40D2070ED40B490B480C4A47
:106270004FF4826305F0B0FB09484FF4826105F0EA
:10628000A2FB4FF0FF32EBE703600129054818BF7E
:106290004FF0A04008BD00BF78340300CF150300C5
:1062A0004534030000030050F7B51746421C1C4656
:1062B0000646089B0D4618D0012902D1BBB106F055
:1062C00091FD01A80196FFF7C3FF019B00EB83003E
:1062D0002402D0F80027074B44EA87042C431340DC
:1062E0001C4344EA4504C0F8004703B0F0BD06F083
:1062F00086FDE6E7F0F8FCFF104B98421BD011D862
:106300000F4B984217D008D80E4A0F4B984218BF2F
:1063100090420CBF0120002070470C4BC31A58421A
:10632000584170470A4B984205D002D8094A0A4B97
:10633000ECE70A4BF2E70120704700BF80841E00A3
:1063400020A1070090D0030048E8010040420F0060
:106350000024F40000127A0000093D000048E80122
:106360002DE9F74F91F8213005460C46FBB191F825
:1063700022806369774A934237D021D8764A934284
:1063800000F0C38016D8754A934200F0C180744A69
:10639000934200F0C08073497348744A4FF4B67357
:1063A00005F01AFB71484FF4B67105F00CFB4FF085
:1063B0000208DEE76E4A9342EDD14FF0805616E0B8
:1063C0006C4A934200F0AA8009D86B4A934200F0CD
:1063D000A8806A4A9342DED14FF0004607E0684A3F
:1063E0009342D8D14FF0A05601E04FF0005694F8F8
:1063F000232095F8223062F3000385F82230227CB6
:10640000DBB262F3410385F8223094F82370002F49
:1064100032D162695A4B9A420CBF4FF003094FF0D8
:106420000009237E012B94BF0023012300932068E1
:106430004B463A460121FFF737FF009760684B460D
:106440003A460121FFF730FF0097A27EA0684B4635
:106450003946FFF729FF237C83F001030093E068AE
:106460004B463A460121FFF71FFF01210091E069E9
:106470004B463A46FFF718FF94F82130002B53D0D3
:106480004FF0FF336B6294F8211094F812E0207EF5
:10649000627E002952D0E768217C94F8249094F819
:1064A00020C02B68B9F1000F12D1D4E900BAD4F89A
:1064B0000890E469C3F808B5C3F80CA5C3F81095B3
:1064C000C3F86C45C3F81475C3F86815C3F8648540
:1064D000003A18BF01220228C3F8C0E5C3F82465BA
:1064E0002FD0032830D0012801D142F00202C3F896
:1064F0005425C3F860C56B684BB3286840F3073078
:1065000003B0BDE8F04FFAF70BB84FF000666EE746
:106510004FF000766BE74FF0806668E74FF020663B
:1065200065E74FF0804662E7E3686B62227C95F88E
:10653000223062F3410385F82230A4E74FF0FF37A1
:10654000ABE742F00402D2E742F00602CFE703B025
:10655000BDE8F08F80841E0020A1070048E80100FC
:1065600090D00300223D0300CF1503001D3A030025
:1065700040420F000024F40000093D0000127A00A0
:106580000048E801431C07B50ED0019001A8FFF7B1
:106590005FFE019B00EB8300054BD0F80027134002
:1065A00043F00203C0F8003703B05DF804FB00BFFE
:1065B000F0F8FCFF2DE9F04190461F46044600B17B
:1065C00059B913491348144A40F21B2305F004FA41
:1065D000114840F21B2105F0F6F990F8205085B9DA
:1065E0004869FFF789FE78B12046C4E90187FFF7C3
:1065F000B7FE012384F8215084F820302846BDE8F6
:10660000F0816FF07700FAE76FF01500F7E700BF51
:10661000593A0300CF1503001D3A030038B505466B
:1066200058B913491348144A40F2532305F0D4F9DA
:10663000114840F2532105F0C6F990F820206AB1C4
:1066400090F8212002F0FF045AB94869FFF754FE80
:1066500050B12846FFF784FE204638BD6FF0760023
:10666000FBE76FF00F00F8E76FF01500F5E700BFEC
:1066700024390300CF1503001D3A030070B504460A
:1066800058B92649264A274840F27A2305F0A4F94A
:1066900040F27A21224805F096F990F820304BB963
:1066A00021491F4A1F4840F27E2305F095F940F228
:1066B0007E21EFE7006840F30730F9F73FFF63689A
:1066C00043B12146194A51F8043BC3F80823206816
:1066D00006F06FFB2368D3F80805D3F80C55D3F800
:1066E000106594F82230DB0714D4FFF74BFF3046D7
:1066F000FFF748FF2846FFF745FF606AFFF742FFB4
:106700002368D3F86C05D3F81455FFF73BFF2846F0
:10671000FFF738FF002384F8203070BD24390300D0
:106720001D3A0300CF150300703A03005201080020
:106730002DE9FF410E461746054658B95A495B4AAE
:106740005B4840F28D3305F047F940F28D315748F0
:1067500005F039F990F820306BB10B680BB94B6834
:106760004BB9B3680BB9F3682BB917F008080CD014
:106770006B6A013309D04F494C4A4D4840F291337E
:1067800005F02AF940F29131E1E795F82130002B2C
:1067900040F086806B682BB117F0140F04BF012303
:1067A00085F8213096E80F0005F1100484E80F0009
:1067B000686A441C05D095F82230990718D506F070
:1067C00011FB33682C6823B103F06043B3F1005F21
:1067D00006D1B3687BB103F06043B3F1005F0AD028
:1067E000002385F821306FF00C0004B0BDE8F08183
:1067F00006F005FBE5E717F0010318BF0123C4F815
:10680000503517F0020318BF0123C4F84035D6E90C
:1068100000C1D6E902230020C4F844C5C4F84815D5
:10682000C4F83425C4F83835C4F81801D4F8180170
:106830000720C4F80005B8F1000F10D168680126E0
:10684000266160B9D4F818010028FBD0CDE900C159
:10685000CDE9022340216A46204606F06CFA6B68B7
:10686000A3B9686A421C05D095F822309B070AD567
:1068700006F0C5FAB8F1000F03D1291D204606F035
:1068800098FA0020B1E706F0ADFAF3E717F0040F2D
:106890004FF0400314BFC4F80833C4F80433F0E7E2
:1068A0006FF00F00A1E700BF243903001D3A030079
:1068B000CF1503009C3A030008B558B90F49104A98
:1068C000104840F2BE3305F087F840F2BE310C4864
:1068D00005F079F890F82030011D4BB90A49084AB3
:1068E000084840F2C23305F077F840F2C231EEE7D3
:1068F000BDE80840006806F05CBA00BF2439030018
:106900001D3A0300CF150300703A030070B504462A
:1069100058B91E491E4A1F4840F2C93305F05CF8B9
:1069200040F2C9311A4805F04EF80246402152F8AB
:10693000105B284606F0FFF938B363684BB9164977
:10694000134A14484FF4806305F046F84FF4806111
:10695000E8E7606A421C05D094F822309B0711D505
:1069600006F04DFA94F821301BB1211D284606F09F
:1069700020FA2046002300F80C3FD4E90131BDE89D
:106980007040184706F02EFAECE770BD243903007A
:106990001D3A0300CF150300A93B030070B5044660
:1069A0004868460C0D46C0034FF47A720023314606
:1069B000F1F746FDB6F57A7F09D310491048114A20
:1069C0002C2305F009F80F482C2104F0FCFF236864
:1069D0002A68C3F80C25C3F80405A36863B12468CA
:1069E0000023C4F8003144F30730D4F80031F9F73C
:1069F00097FD0123C4F8043370BD00BFF23B0300D0
:106A0000CF150300B73B030038B548B90B490C4814
:106A10000C4A542304F0E0FF0A48542104F0D3FF49
:106A2000C0E90223437933B90123437109B1FFF768
:106A3000B5FF002038BD6FF07700FBE72439030075
:106A4000CF150300B73B030008B500B149B90C49A5
:106A50000C480D4A862304F0BFFF0B48862104F042
:106A6000B2FF43792BB1022B06D0FFF797FF00202E
:106A700008BD6FF07600FBE76FF00F00F8E700BF8E
:106A8000593A0300CF150300B73B030008B520B106
:106A9000037913B14379012B09D007490748084A04
:106AA000BB2304F099FF0648BB2104F08CFF026869
:106AB00013600223437108BD0A3C0300CF15030095
:106AC000B73B030010B548B919491A4A1A48D223EE
:106AD00004F082FFD221174804F075FF11B1437909
:106AE000012B07D01549134A1348D72304F074FF2C
:106AF000D721F0E7EFF31184202282F31288BFF34D
:106B00006F8F0279072A10D80A7001320271026869
:106B10000978D2F808058B400343C2F808350020F5
:106B200084F31188BFF36F8F10BD6FF00B00F7E790
:106B300024390300B73B0300CF150300723C030068
:106B400008B548B90E490F4A0F48FF2304F044FF27
:106B5000FF210C4804F037FF4379022B09D00B4981
:106B6000084A094840F2011304F036FF40F20111CF
:106B7000EFE70368064A01F5C07143F8212008BD1C
:106B800024390300B73B0300CF150300AE3C0300DC
:106B90003546526E10B558B90F491048104A4FF497
:106BA000927304F019FF0E484FF4927104F00BFF3A
:106BB0000368D3F80414D3F800215AB10022C3F8B3
:106BC0000021D3F80031BDE81040D0E902324FF483
:106BD0008070184710BD00BF24390300CF15030093
:106BE000B73B030008B5134BA8220021184606F056
:106BF0003BFE0322026110494261104A8161C26179
:106C00004FF480520262002282624262C2620166D6
:106C10000B4941664FF4807181660A490267034659
:106C2000C266426711F8010D98540132102AF9D159
:106C300008BD00BF00110020E03C0300000100205F
:106C4000000000209B4903002DE9F74FDFF8888002
:106C5000182606FB008700FB066646447D6AD7F8C7
:106C600028C07368AC4581468B46144603EB05008B
:106C700025D83B6AA3EB050A0AF1FF3E724507D807
:106C80002C4406F0CAFD7C62012003B0BDE8F08F01
:106C9000E64472451ED85246019306F0BEFD019BA4
:106CA0002C44E41A05D0706822460BEB0A0106F06A
:106CB000B4FD182303FB0988C8F82440E4E70CF16D
:106CC000FF3CACEB050C944504D3254406F0A5FD30
:106CD0007D62D9E70020D8E700110020034B18227D
:106CE00002FB00339A6A586A801A7047001100202C
:106CF00010B4084A08490023C85C12F8014D8442C8
:106D000004D10133102BF7D110BC704710BCFFF732
:106D100069BF00BF9B4903000011002070B51646F3
:106D20001D465A1C03681344C2689A42044605D2A1
:106D3000006A082106F034FB002070BD65B9327886
:106D4000204606F030FB0028F6D03544B5420CD181
:106D5000A3680133A360F0E7AB1E062B9ABF064A77
:106D6000D35C00231833DAB2EAE723685A1C2260A6
:106D700015F8012D1A70E9E79C49030038B54369FD
:106D800005463BB90024EA68537843F00103537089
:106D9000604238BD984704460028F3D000F1FF0355
:106DA000FE2B0ED9094A0A490A48212304F014FE91
:106DB00029680948224604F00FFE0448212104F006
:106DC00002FEEB6844421C70DDE700BFE93C0300B3
:106DD0000C3D0300CF150300243D03001FB50446FE
:106DE000F7F744F8064B029300231846CDE9003329
:106DF0000449012206F094FB204606F0A1FB00BFE7
:106E0000493D0300E8DE02002DE9F041044686B06A
:106E10000E46EFF31188202383F31288BFF36F8FA0
:106E2000042898BF2B4B2C4A98BF53F82030976802
:106E300088BF2A4B127C2A4903900025CDE90432F1
:106E4000284B0293CDE900552B460122284606F037
:106E500067FB6EB1F369C3F308034BB1224B2049C2
:106E60000095CDE9015301222B46284606F058FB38
:106E70002FB1384606F008FC08B1037803B91B4867
:106E80001B4B02930023CDE90370CDE90033184674
:106E90001349012206F044FB31462046FFF79EFFCE
:106EA000042C0CD11349144A1448872304F094FD90
:106EB000134804F091FD1048872104F084FD88F305
:106EC0001188BFF36F8F384606B0BDE8F041F9F77F
:106ED00013BC00BF38E40200AC2B0020583D030077
:106EE000E8DE0200663D03008E3D03002E13030022
:106EF000AF3D0300E93D0300C73D0300CF1503008C
:106F0000063E030038B50A4B53F82040013053F8D1
:106F10002050A54200D838BD606830B1037EDB0741
:106F200001D4FFF72BFF0834F3E723689847FAE70B
:106F30004CE4020070B5374B374C384D86B0012217
:106F400003201A70FFF7DEFF06F066FC0420FFF74F
:106F5000D9FFAC42264628D93149324A3248442327
:106F600004F03AFD314804F037FD44212D4804F087
:106F70002AFD54F80C3C059354F8103C049354F843
:106F8000143C039354F8183C029354F81C3C0193AE
:106F900054F8203C009354E90A2354E90C0101F011
:106FA00035FB54F8303C5E65D3E7AE4204F1300463
:106FB000DFD302F017F8184CAC421FD91849194A10
:106FC0001948682304F008FD184804F005FD6821FD
:106FD000CCE7D4E90A23B3F1FF3F08BFB2F1FF3F8A
:106FE00005D052EA0301206803D102F097FA303449
:106FF000E2E70F49183002F0C1FDF8E7E9D302F0EB
:1070000063F8F2F73BFF0B4A938923F00103938166
:1070100006B070BD3F2F0020B8DD0200B8DD0200D1
:10702000A63E0300853E0300CF150300C71A0300E8
:10703000D18B0200F81A002070B5002386B001221F
:10704000CDE90423134E144D01930F22CDE90232F2
:107050001249142303FB005506EBC01604464FF4F7
:10706000C07000FB04110E4B00954FF4A072304627
:1070700001F0CCFA337C0B4AEE6023F00403337446
:107080004FF4046304FB033313442C746B6006B0A9
:1070900070BD00BF781A0020AC2B00208048002073
:1070A00095750200404000207FB50020FFF72AFFC1
:1070B000334B83F30888334C636943F40073636193
:1070C000E02384F822300023E37723766376A376E7
:1070D00084F82030626A42F4E022626284F823304D
:1070E000F9F788F9F9F7F2FA4FF0FF33A362E36298
:1070F000F9F764FCF9F76AFBF6F77AFE224801F02B
:107100003DFB224B224A93420ED92249224A234870
:10711000CC2304F061FC224804F05EFC1E48CC2124
:1071200004F051FC1C33EEE7FCD30120FFF7EAFE2C
:107130000220FFF7E7FE02F081F81A4B1A4C5C615F
:107140001A4B059300250123194900954FF48052ED
:10715000CDE90353CDE90155164B204601F056FA0F
:10716000237C064623F004032046237401F0A2FC8E
:107170002846FFF761FF0F4A31462046F9F788FAA3
:107180008048002000ED00E0781B002058DB020062
:1071900038DC0200D33E0300853E0300CF15030018
:1071A000C71A0300AC2B0020F81A0020BF0B030005
:1071B000004A0020356F020038B50D4C0D4DAC4231
:1071C00013D90D490D4A0E48252304F005FC0D483E
:1071D00004F002FC0948252104F0F5FBD4E9011272
:1071E000204606F0B5F91834E9E7F7D3002038BD9A
:1071F0004816002048160020553F0300EB3E0300D0
:10720000CF150300C71A0300F8B505460E4600F176
:107210001404EFF31187202383F31288BFF36F8FD9
:10722000204602F051FC68B91B4A1C491C488423C3
:1072300004F0D2FB21461B4804F0CEFB8421164803
:1072400004F0C1FB204602F063FC28463146F5F706
:1072500083FC05F10C0001F0A9FF28B13946204656
:10726000BDE8F84006F054BA204602F03BFC68B98D
:10727000094A0D490A484FF4997304F0ADFB2146C1
:107280000A4804F0A9FB4FF49971D8E787F31188F5
:10729000BFF36F8FF8BD00BF97180300F01803000D
:1072A000CF15030005190300C4180300DB18030001
:1072B00038B50E4C0E4DAC4212D90E490E4A0F484D
:1072C000A22304F089FB0E4804F086FB0A48A221A1
:1072D00004F079FB204606F045F920B92034EAE7AE
:1072E000F8D3002038BD6FF01500FBE7081600202A
:1072F00048160020933F03006E3F0300CF150300A4
:10730000C71A03002DE9F74305460F4691461C4670
:1073100000F10806EFF31188202383F31288BFF3EE
:107320006F8F304602F0D0FB60B9324A32493348A1
:10733000842304F051FB3146314804F04DFB842195
:107340002C4826E0304602F0E3FB2B691BB33B6080
:107350001C68EB692C610133EB6114B96A699342D3
:107360001FD0EB68E41A09D4D5E905235A43A24299
:1073700004D9B4FBF3F203FB124494B12149224A2D
:107380001E48F72304F028FB204804F025FB1E4884
:10739000F72104F018FB59EA040214D13B606FF0A6
:1073A0000B04304602F09EFBF0B9124A184913480C
:1073B0004FF4997304F010FB3146164804F00CFBAF
:1073C0004FF49971BCE7CDE900942A464146304616
:1073D00001F046FC044618B90F4B9B685B693B60A3
:1073E000204603B0BDE8F08388F31188BFF36F8FA8
:1073F000F6E700BF97180300F0180300CF1503004D
:1074000005190300B03F03006E3F03002C4003004A
:10741000C4180300DB180300AC2B00202DE9F8434F
:10742000C368CB1A05460E4623D4D0E90512514352
:1074300099421ED9B3FBF2F102FB1133CBB900F133
:107440000807EFF31189202484F31288BFF36F8FAC
:10745000384602F039FBD8B9414A424942488423B0
:1074600004F0BAFA3946414804F0B6FA84213C489F
:107470000CE03F493F4A3C4840F21F1304F0ACFA8D
:107480003D4804F0A9FA3B4840F21F1104F09BFA72
:10749000384602F03DFBD5F81080B8F1000F40D11E
:1074A000EFF3118384F31288BFF36F8F83F3118896
:1074B000BFF36F8F5BB93149314A2B48BB2304F0CE
:1074C0008BFA304804F088FABB212D48DEE72C689F
:1074D000A54226D02CB3A3683BB92B49284A2248A1
:1074E000A42304F079FAA421EFE7D4E90032136071
:1074F0005A60237CC4F8088023F002032374C4E993
:10750000008804F1180002F015FC2046C4F87880C9
:10751000666101F0CFFA49463846BDE8F84306F007
:10752000F7B82B693360EB692E61013BEB6138469C
:1075300002F0D8FA68B90A4A14490B484FF4997313
:1075400004F04AFA3946124804F046FA4FF49971A9
:107550008DE789F31188BFF36F8FBDE8F88300BF13
:1075600097180300F0180300CF1503000519030056
:10757000223D03006E3F0300474003009440030098
:1075800069400300523F0300AC400300C4180300ED
:10759000DB18030008B50D4B9B6893F90E30002BE8
:1075A00009DB2024EFF3118384F31288BFF36F8F7C
:1075B00004F07DFDF6E706490648074A1C2304F05F
:1075C0000BFA05481C2104F0FEF900BFAC2B00208B
:1075D000E4400300CF150300C34003002DE9F3414D
:1075E000044617461E46EFF3058565B15449554AD2
:1075F0005548732304F0F0F9544804F0EDF951486C
:10760000732104F0E0F9EFF31188202383F312884B
:10761000BFF36F8F4E4802F057FA60B94D4A4E499A
:107620004948842304F0D8F949494C4804F0D4F976
:1076300084214848E5E7464802F06AFA484BE26888
:107640009B6892B1A068984227D057EA06022CD1D5
:107650003F4802F047FA90B188F31188BFF36F8F6B
:107660006FF00F0002B0BDE8F08193F90E103848BA
:1076700021610132C4E9023202F034FA78B9354AA4
:10768000384931484FF4997304F0A6F93049364827
:1076900004F0A2F94FF49971CBE72169E7E788F389
:1076A0001188BFF36F8F0020DCE793F90E1090F97B
:1076B0000E30994205DA9942A8BF194605F074FFC9
:1076C0000546CDE9007622482246414601F0C8FA37
:1076D0000028E8D0EFF31186202383F31288BFF34C
:1076E0006F8F1B4802F0F0F9002897D0184802F07D
:1076F0000FFAA068C0B1236821699C420AD04BB13F
:1077000093F90E309942A8BF19466FF07F03994252
:10771000B8BF194605F048FF30B10D48314605F0B5
:10772000F7FF6FF00A009DE7002DF6D1084802F040
:10773000D9F90028A3D086F31188BFF36F8FF0E743
:107740002E4103000C410300CF150300404103000C
:10775000CC2B002097180300F01803000519030034
:10776000AC2B0020C4180300DB180300F8B5054655
:10777000EFF3058363B15549554A5648EA2304F0AF
:107780002BF9554804F028F9EA21514804F01BF977
:107790008368002B00F09480504A9268934240F036
:1077A0009280C3684BB94E49494A4A484FF48173A5
:1077B00004F012F94FF48171E7E7012B03D0013B8C
:1077C000C3600020F8BDEFF31187202484F31288F2
:1077D000BFF36F8F434802F077F960B9424A4349DB
:1077E0003C48842304F0F8F83E49414804F0F4F89A
:1077F00084213D48CAE73B4802F08AF92969A86814
:1078000005F0D2FEEFF3118384F31288BFF36F8F7C
:1078100083F31188BFF36F8F5BB93649364A2D4821
:10782000BB2304F0D9F8354804F0D6F8BB21324820
:10783000ACE72C68A54215D10023C5E902332948DD
:1078400002F050F9002836D1274A2D4921484FF43B
:10785000997304F0C1F823492A4804F0BDF84FF4A5
:107860009971C6E7002CE7D0A3683BB92649224AA4
:107870001848A42304F0B0F8A421D8E7D4E90032D2
:1078800013605A60237C002623F002032374C4E9AA
:107890000066A66004F1180002F04CFAAC6094F99E
:1078A0000E302B612046A66701F004F90D483946D9
:1078B00005F02EFF85E787F31188BFF36F8F80E710
:1078C0006FF015007EE74FF0FF307BE72E4103009D
:1078D0000C410300CF15030040410300AC2B0020F6
:1078E00065410300CC2B002097180300F01803001B
:1078F000051903009440030069400300523F030050
:10790000C4180300DB180300AC40030008B583680B
:107910004BB90B490B480C4AA42304F05DF80A4804
:10792000A42104F050F8D0E9003213605A60027CC0
:107930000023C0E9003322F002020274836008BD14
:10794000AC400300CF150300694003002DE9F04768
:1079500004469DF820600D4691469A4600F10807BE
:10796000EFF31188202383F31288BFF36F8F38461B
:1079700002F0AAF860B94B4A4B494C48842304F002
:107980002BF839464A4804F027F8842145481BE083
:10799000384602F0BDF806B16568EFF31183202286
:1079A00082F31288BFF36F8F83F31188BFF36F8F59
:1079B00063B94049404A3D48BB2304F00DF83F48B5
:1079C00004F00AF83C48BB2103F0FDFF234653F8BE
:1079D0000C6F9E4215D0A6B13046FFF797FF0024EA
:1079E00006F1180002F0A6F93046B467C6F8149004
:1079F00001F060F84146384605F08AFE2046BDE8B1
:107A0000F087BAF1000F14D0082002F049FD0028D9
:107A10003FD00122C0F804900260016801F0030128
:107A20005DB922680A430260626820606AB96060DA
:107A30000BE0C9F800A04846EFE72A68032A1DD8E2
:107A400001606168A1B9C4E900000024384602F071
:107A500049F808BB134A1A4914484FF4997303F0C4
:107A6000BBFF3946174803F0B7FF4FF499718DE714
:107A70000A6802F0030202430A60D8E722F0030218
:107A80000A4302602A6802F0030240EA02032B6004
:107A9000DBE76FF00B04D9E788F31188BFF36F8F32
:107AA000ACE700BF97180300F0180300CF150300E0
:107AB000051903009440030069400300523F03008E
:107AC000C4180300DB1803002DE9F743064690466F
:107AD0001F4600F10805EFF31189202383F3128874
:107AE000BFF36F8F284601F0EFFF68B9244A25499C
:107AF0002548842303F070FF2946244803F06CFFD7
:107B000084211F4803F05FFF284602F001F8346823
:107B1000F4B12368726823F0030394422046336073
:107B200008BF7360012105F04EFD0446284601F0B0
:107B3000D9FFE8B9124A164913484FF4997303F074
:107B40004BFF2946134803F047FF4FF49971D8E7DC
:107B500058EA0703EAD0CDE9008706F10C0249464E
:107B6000284601F07DF838B90B4B9B685C6903E04F
:107B700089F31188BFF36F8F204603B0BDE8F0830F
:107B800097180300F0180300CF1503000519030030
:107B9000C4180300DB180300AC2B002008B5836871
:107BA0004BB90B490B480C4AA42303F015FF0A48B4
:107BB000A42103F008FFD0E9003213605A60027C70
:107BC0000023C0E9003322F002020274836008BD82
:107BD000AC400300CF1503006940030070B50446B4
:107BE000EFF31186202585F31288BFF36F8F2F489E
:107BF00001F06AFF60B92E4A2E492F48842303F012
:107C0000EBFE2A492D4803F0E7FE8421284818E0BE
:107C1000264801F07DFFEFF3118385F31288BFF34F
:107C20006F8F83F31188BFF36F8F63B92449254A9F
:107C30002148BB2303F0D0FE234803F0CDFE2148AA
:107C4000BB2103F0C0FE2568AC4212D08DB128469E
:107C5000FFF7A4FF05F1180002F06CF80023284696
:107C6000AB6700F027FF31461048BDE8704005F0D3
:107C70004FBDD4E902329A4218BF01330B48A360CA
:107C800001F030FF68B90A4A10490B484FF4997364
:107C900003F0A2FE05490E4803F09EFE4FF49971D1
:107CA000B4E786F31188BFF36F8F70BDD02B00202F
:107CB00097180300F0180300CF15030005190300FF
:107CC0009440030069400300523F0300C4180300BE
:107CD000DB180300F7B5044616461D46EFF305838F
:107CE0007BB152EA05030CD02D492E4A2E48882339
:107CF00003F072FE2D4803F06FFE2A48882103F03E
:107D000062FEEFF31187202383F31288BFF36F8F96
:107D1000274801F0D9FE60B9264A27492248842322
:107D200003F05AFE2249254803F056FE84212148DB
:107D3000E5E71F4801F0ECFEA368D3B1013B1C4806
:107D4000A36001F0CFFE68B91A4A1D4916484FF4E6
:107D5000997303F041FE16491A4803F03DFE4FF4B3
:107D60009971E4E787F31188BFF36F8F002003B0A8
:107D7000F0BD56EA05030BD10D4801F0B3FE002813
:107D8000E2D087F31188BFF36F8F6FF00F00EEE73B
:107D9000CDE9006522463946054800F061FFE6E777
:107DA0009C4103007C410300CF150300523F0300B8
:107DB000D02B002097180300F018030005190300CA
:107DC000C4180300DB1803002DE9F0410546EFF36A
:107DD0001188202787F31288BFF36F8F304801F096
:107DE00073FE064660B92F4A2F493048842303F0BA
:107DF000F3FD2B492E4803F0EFFD8421294819E0BB
:107E0000274801F085FE0023EFF3118287F31288E3
:107E1000BFF36F8F82F31188BFF36F8F62B925496B
:107E2000254A2248BB2303F0D7FD244803F0D4FDA4
:107E30002148BB2103F0C7FD2C68A5420FD074B1C7
:107E40002046FFF7ABFE04F1180001F073FF6FF05E
:107E50000A03A367204600F02DFE3346D4E7002234
:107E6000AA608BB90E4801F03DFE98B90D4A14493D
:107E70000E484FF4997303F0AFFD0949114803F020
:107E8000ABFD4FF49971B9E741460548BDE8F041B3
:107E900005F03EBC88F31188BFF36F8FBDE8F08119
:107EA000D02B002097180300F0180300CF15030013
:107EB000051903009440030069400300523F03008A
:107EC000C4180300DB1803002DE9FF41794E044676
:107ED000EFF31187202383F31288BFF36F8F764867
:107EE00001F0F2FD68B9754A75497648842303F0BC
:107EF00073FD7149744803F06FFD84216F4803F0EE
:107F000062FD6D4801F004FED4F88450F5B90221F9
:107F100004F19C0005F08DFB002840D004F194058D
:107F200000220121284601F08BFC0028F8D1002313
:107F300002934FF0FF324FF0FF33CDE90023394673
:107F400004F18C025C4801F0D9FCC1E7D4F8882028
:107F50002B68C4F88430954208BFC4F88830D4F840
:107F60009C30554843F00203C4F89C30EB68D5F8C8
:107F7000048023F0040343F00103EB6001F0B2FD41
:107F8000F8B94E4A51494F484FF4997303F024FD14
:107F900049494F4803F020FD4FF49971AEE7D4F8FA
:107FA0009C30DD06C3D5C4F89C00434801F09AFD1F
:107FB0000028E6D087F31188BFF36F8F04B0BDE8C7
:107FC000F08187F31188BFF36F8FB8F1000F0AD1EA
:107FD00040493C48404A40F2F32303F0FDFC3E4850
:107FE00040F2F3218BE72846C047EFF311872023A7
:107FF00083F31288BFF36F8F2F4801F065FD0028CF
:108000003FF471AF2C4801F083FDEB68D90623F0F3
:10801000010236D4EA60EB689A0716D5306823F07F
:108020000203EB6088B10368002270B141688D42A1
:1080300035D103686ABB72683360904200D17360C7
:10804000002340F8083BFFF7C9FDD4F89C3023F02B
:108050000203C4F89C30DB0529D4D4F88450003DD9
:1080600018BF0125144801F03DFD002889D087F391
:108070001188BFF36F8F002D3FF42AAF01F0E6F8AF
:1080800026E723F01103EB6005F11000FFF7A6FDD2
:10809000C1E713607368984208BF7260D0E7024678
:1080A0001BB1196818460B46BFE71946FAE70025C9
:1080B000D8E700BFD42B0020DC2B0020971803004A
:1080C000F0180300CF15030005190300C4180300BE
:1080D000DB1803002B420300E9410300F8B5C36835
:1080E0009A0704460E46C3F340054FD45F074FD4AA
:1080F0000B680BB983680B60E368D80736D5A368B3
:108100005BB925492548264A40F2571303F064FC21
:10811000234840F2571103F056FC336002253768BC
:1081200067B3204B9A68D7F880309A4220D105F087
:10813000A2FA80F00100C0B2D7F89C30D907C3F38F
:1081400080021ED502B308B300232360D7F888301D
:1081500083B9C7E92144384605F076FAE36843F06D
:108160000403E3603368A3602846F8BD0125D6E721
:108170000020E1E71C60C7F88840ECE76FF01505C8
:1081800006E06FF0120503E01B07DDD56FF00F0569
:1081900000233360E8E700BF0A420300CF15030065
:1081A000E9410300AC2B002073B50446EFF31185C1
:1081B000202383F31288BFF36F8F224801F084FCE1
:1081C00068B9214A21492248842303F005FC1D494E
:1081D000204803F001FC84211B4803F0F4FB1948FC
:1081E00001F096FC00230193D4E90423B3F1004F7E
:1081F00008BF012A11D0134801F074FCE0B9124AFB
:10820000154913484FF4997303F0E6FB0D491348E1
:1082100003F0E2FB4FF49971DEE70321201FA4F184
:10822000100605F006FA0028E5D0A369019301A91C
:108230003046FFF753FFDEE785F31188BFF36F8FFA
:1082400002B070BDDC2B002097180300F01803006B
:10825000CF15030005190300C4180300DB18030041
:1082600038B50D46044648B90C490D4A0D489C23C3
:1082700003F0B2FB9C210A4803F0A5FB39B90A4977
:10828000074A08489D2303F0A7FB9D21F3E710222E
:10829000002105F0E9FA656038BD00BF7D420300AA
:1082A000E9410300CF1503002B42030037B50C460C
:1082B000019059B92849294A294840F27D1303F011
:1082C0008BFB40F27D11254803F07DFB4B684BB9D9
:1082D0002449224A22484FF4BF7303F07DFB4FF438
:1082E000BF71F0E7EFF31185202383F31288BFF30A
:1082F0006F8F1D4801F0E8FB60B91C4A1C49184803
:10830000842303F069FB18491A4803F065FB8421B4
:108310001648D9E7144801F0FBFB204601A9FFF7F6
:10832000DDFE0446104801F0DDFB68B90F4A124932
:108330000B484FF4997303F04FFB0B490F4803F0C0
:108340004BFB4FF49971E3E785F31188BFF36F8F0F
:10835000204603B030BD00BF7D420300E941030069
:10836000CF15030025420300DC2B002097180300E3
:10837000F018030005190300C4180300DB180300FC
:108380000146014805F067B9181C002008B558B926
:1083900008490948094A40F2263303F01DFB074803
:1083A00040F2263103F00FFBA022002105F05CFA19
:1083B00008BD00BF10420300CF150300E9410300D0
:1083C000F0B589B004460E9D58B92F492F4A304860
:1083D00040F2533303F000FB40F253312B4803F0DB
:1083E000F2FA49B92B49294A29484FF4557303F049
:1083F000F3FA4FF45571F1E7D0F89C0010F001004A
:1084000009D02549214A224840F2553303F0E4FAC5
:1084100040F25531E2E7C4E9210004F18C00C4E9DF
:10842000230004F19400C4E9250055B328790028FD
:1084300040F2011008BF0120C4F89C0000204FF05A
:10844000FF364FF0FF37CDE90330CDE90100CDE92C
:108450000667124B0094204600F04AF955B129688E
:1084600011B1204605F00DF96B791BB1A38943F0DA
:108470000103A381204601F051F8C4F8804009B0FF
:10848000F0BD0120D8E700BF76420300E9410300B8
:10849000CF150300771E030042420300C97E02008D
:1084A00038B50D46044658B90F49104A104840F2F5
:1084B0000F4303F091FA40F20F410C4803F083FAA6
:1084C00049B90C49094A0A484FF4826303F084FA17
:1084D0004FF48261F1E73022002105F0C5F94FF435
:1084E00080736560E36038BD7C420300E9410300AE
:1084F000CF1503002B420300F7B50C46019016463A
:108500001D4658B93349344A344840F2864303F093
:1085100063FA40F28641304803F055FA49B93049D0
:108520002D4A2E4840F2874303F056FA40F2874125
:10853000F1E7EFF31187202383F31288BFF36F8FE6
:10854000284801F0C1FA60B9274A28492348842302
:1085500003F042FA2349264803F03EFA84212248D8
:10856000DAE7204801F0D4FAE36813F01E0F27D1B0
:1085700055EA060216D1204601A9FFF7AFFD0446D1
:10858000184801F0AFFAE8B9174A1A4913484FF4EE
:10859000997303F021FA1349174803F01DFA4FF4B9
:1085A0009971DCE743F00803E360019BA36204F1E7
:1085B0001000124932462B4601F0E0FA0124DFE7B1
:1085C0000024DDE787F31188BFF36F8F204603B0E7
:1085D000F0BD00BF10420300E9410300CF150300C6
:1085E0007C420300DC2B002097180300F0180300E6
:1085F00005190300C4180300DB180300A981020059
:1086000001460148FFF778BF181C00202DE9F04310
:1086100085B005460F9C0F2C0E461F4645D12E4BAC
:108620009F4246D1073222F007027F321099A9817A
:1086300005F1580322F03F02C5E916330421002357
:108640003F2AC5E90633AB602974AC73EB7306F1BE
:108650004009A2F1400805D883F31188BFF36F8F5A
:10866000084602DFB41821462846F7F771FB0730A9
:108670000E9B20F00700A866C5E9189802930D9B91
:108680000193241A0C9B009322463B463146284610
:10869000F7F7CCFF00236B65104B9B6803B1DB6ED3
:1086A000EB66204605B0BDE8F08304F110031E2BF5
:1086B000B8D90B4A0B490C4840F24B2303F08CF914
:1086C0000A4821466FF00F030E2203F085F9044893
:1086D00040F24B2103F077F995750200AC2B002096
:1086E00091420300B4420300CF150300344303005A
:1086F000F0B587B0DDE912760446EFF3058575B174
:1087000019491A4A1A4840F2173303F065F9194813
:1087100003F062F9154840F2173103F054F905955A
:10872000109D04950F9D03950E9D02950D9D01953D
:108730000C9D0095FFF76AFFB6F1FF3F08BFB7F148
:10874000FF3F05D056EA070305D1204600F0E6FEBC
:10875000204607B0F0BD3A46334604F118000649FA
:1087600001F00CFAF4E700BF2E4103009142030030
:10877000CF15030065430300D18B0200012303746E
:1087800083810023C0E91833C366014B98607047AA
:10879000AC2B002070B590F91020037C002A49DB37
:1087A000D90647D163F07F030374264B984209D161
:1087B00025492648264A522303F00EF9244852211F
:1087C00003F001F9234C2246E16952F8183F934225
:1087D00007D1C0E900210860E0610FE08B42F8D0CA
:1087E0001B68002BF5D093F90E6090F90E50AE4245
:1087F000F4DD5968C0E9003108605860A569954208
:1088000000D005B9E568A3685BB91349134A0F485E
:10881000EA2303F0E1F8124803F0DEF80F48EA21FA
:10882000CEE71A7CD20606D1DA897F2A03D9AA6953
:108830000AB9636170BDAB4202D0284601F0BEF8B0
:108840006561F7E7781A0020AC430300CF150300F9
:108850008A430300AC2B0020F9430300CD430300FF
:10886000523F030038B590F91020037C002A0146DE
:108870001BDA224A03F07F039042037409D1204996
:10888000204A21485A2303F0A7F85A211D4803F033
:108890009AF8DC0707D51D491A4A1B485B2303F0E9
:1088A0009BF85B21F2E704F0F1FE194D2A46AB6814
:1088B00052F8184F944200D004B9EC688B4214D09F
:1088C0005BB91449144A1048EA2303F085F81348A9
:1088D00003F082F81048EA21D9E71A7CD20604D1C5
:1088E000DA897F2A01D9A2692AB1A34202D020469F
:1088F00001F064F823466B6138BD00BF781A002090
:10890000AC4303008A430300CF1503002044030057
:10891000AC2B0020F9430300CD430300523F03007A
:1089200008B5124A936880B1197C11F0090F0CD177
:108930000F49104A1048D92303F04EF80F4803F0AE
:108940004BF80C48D92103F03EF86FF00A01996703
:108950000B4958674B6843F080534B60002383F307
:108960001188BFF36F8F9368986F08BDAC2B002000
:108970006344030039440300CF150300CC440300D3
:1089800000ED00E070B504460D46F9B9EFF3058639
:10899000E6B91A4B5A699B689A4217D001F0A2F8BF
:1089A00078B9174A1749184840F26D1303F014F8C4
:1089B0002146164803F010F840F26D11104803F0FC
:1089C00002F83046BDE87040FFF7AABF204601F02C
:1089D00089F868B90A4A0B490B484FF4997302F0B9
:1089E000FBFF2146094802F0F7FF4FF49971E5E7D4
:1089F00085F31188BFF36F8F70BD00BFAC2B0020D3
:108A000097180300C4180300CF150300DB180300F8
:108A100008B583684BB9094909480A4AA42302F0FA
:108A2000DBFF0848A42102F0CEFF04F02FFE037CF8
:108A300023F0020303740023836008BDAC400300ED
:108A4000CF1503006940030038B5184CA168E069F0
:108A50000B68814214BF1A46002249680B605960B6
:108A6000A368E1692AB9124AC3E900210B60E361F6
:108A70000AE092F90E5093F90E00854212DD51681A
:108A8000C3E900210B605360A569094B9D4200D0EA
:108A900005B9E568A3689D4202D0284600F08EFF24
:108AA000656138BD8A42DED01268DBE7AC2B00205E
:108AB000C42B002038B50446EFF31185202383F33F
:108AC0001288BFF36F8F174800F0FEFF68B9164A8F
:108AD00016491748842302F07FFF1249154802F017
:108AE0007BFF8421104802F06EFF0E4801F010F861
:108AF0002046FFF74FFE0B4800F0F4FF68B90A4A22
:108B00000D490B484FF4997302F066FF05490B4875
:108B100002F062FF4FF49971E4E785F31188BFF327
:108B20006F8F38BDE02B002097180300F01803006A
:108B3000CF15030005190300C4180300DB18030058
:108B400038B50446EFF31185202383F31288BFF371
:108B50006F8F184800F0B8FF68B9174A17491848CE
:108B6000842302F039FF1349164802F035FF8421AF
:108B7000114802F028FF0F4800F0CAFFA36813B1A4
:108B80002046FFF745FF0B4800F0ACFF68B90A4AE2
:108B90000D490B484FF4997302F01EFF05490B482D
:108BA00002F01AFF4FF49971E2E785F31188BFF3E1
:108BB0006F8F38BDE02B002097180300F0180300DA
:108BC000CF15030005190300C4180300DB180300C8
:108BD00038B5A0F11804EFF31185202383F3128830
:108BE000BFF36F8F174800F06FFF68B9164A174937
:108BF0001748842302F0F0FE1249164802F0ECFEFA
:108C00008421114802F0DFFE0E4800F081FF20466B
:108C100004F06AFD0B4800F065FF68B90A4A0E4986
:108C20000B484FF4997302F0D7FE06490B4802F047
:108C3000D3FE4FF49971E4E785F31188BFF36F8F8A
:108C400038BD00BFE02B002097180300F018030088
:108C5000CF15030005190300C4180300DB18030037
:108C60002DE9F047DFF8D4A0354D364B1746A84222
:108C7000DAF808201A60DDE9089804460E460BD1A0
:108C800031493248324A40F2B92302F0A5FE304859
:108C900040F2B92102F097FEEFF31183202383F312
:108CA0001288BFF36F8F284600F00EFF60B9294A83
:108CB00029492648842302F08FFE2946274802F0DE
:108CC0008BFE84212348E5E7284600F021FFDAF8EF
:108CD00008503946284604F0E1FCB8F1FF3F08BFD0
:108CE000B9F1FF3F06D01E494A46434605F1180038
:108CF00000F044FF204600F0F5FE68B91949154A16
:108D0000124840F26D1302F067FE2146164802F049
:108D100063FE40F26D11D5E7094800F0E3FE40B96B
:108D200010490C4A094840F26D1302F055FE0449FF
:108D3000ECE73046BDE8F047FFF7F2BDAC2B002072
:108D4000E02B0020E42B0020F4440300CF150300A7
:108D50008A43030097180300F01803000519030065
:108D6000D18B0200C4180300DB18030070B5054660
:108D7000EFF31186202383F31288BFF36F8F1B4814
:108D800000F0A2FE68B91A4A1A491B48842302F06F
:108D900023FE1649194802F01FFE8421144802F0F0
:108DA00012FE124800F0B4FE2C68A54215D014B192
:108DB0002046FFF72DFE0D4800F094FE78B90C4ACE
:108DC0000F490D484FF4997302F006FE07490D480C
:108DD00002F002FE4FF49971E0E70024EBE786F31E
:108DE0001188BFF36F8F204670BD00BFE02B0020BD
:108DF00097180300F0180300CF15030005190300AE
:108E0000C4180300DB1803002DE9F04104460D46A9
:108E1000EFF31187202383F31288BFF36F8F594834
:108E200000F052FE60B9584A58495948842302F06C
:108E3000D3FD5449574802F0CFFD8421524818E031
:108E4000504800F065FE237C03F01F02002A0CBF8F
:108E50000126002662D103F07F0323744E4B9C420F
:108E600009D14E494E4A4A485A2302F0B5FD5A21CB
:108E70004B4802F0A8FD204604F008FC237C43F098
:108E800080036DB2DA07A573237407D54549444AB8
:108E90003F48532302F0A0FD5321E9E7DFF80881A2
:108EA0004246D8F81C1052F8183F934208D1C4E942
:108EB00000210C60C8F81C400DE08B42F7D01B6805
:108EC000002BF4D093F90E00A842F6DD5968C4E9EE
:108ED00000310C605C60D8F81840944200D00CB9A6
:108EE000D8F80C40D8F808309C4202D0204600F058
:108EF00065FDC8F81440234800F0F4FD00283AD17D
:108F0000214A2A4922484FF4997302F065FD1D4910
:108F1000274802F061FD4FF499718FE79B0728D530
:108F2000A16841B923491A48234AA42302F054FDF9
:108F30002148A4219DE720466DB204F0A7FBA5734C
:108F40000B68994209D14B68C4E900131C604C605E
:108F5000D1E74A689342F6D01B68002BF3D093F90F
:108F60000E20AA42F5DD5A68C4E9003214605C6044
:108F7000C1E7A573BFE787F31188BFF36F8F304652
:108F8000BDE8F081E02B002097180300F0180300E3
:108F9000CF15030005190300781A0020AC43030025
:108FA0008A43030020440300AC2B0020C4180300B4
:108FB000DB180300AC40030069400300034648B9D6
:108FC000EFF3058232B9064A51699268914201D0A5
:108FD000FFF7A6BC83F31188BFF36F8F704700BF04
:108FE000AC2B002010B5EFF31184202383F31288FB
:108FF000BFF36F8F284800F067FD60B9274A284902
:109000002848842302F0E8FC2349274802F0E4FCC6
:109010008421224812E0204800F07AFDEFF3058316
:1090200073B12249224A1F4840F23B3302F0D4FC7C
:10903000204802F0D1FC40F23B311D4802F0C3FC55
:109040001D4B9A68D37B012B0CD11C49184A15483B
:109050004FF44F7302F0C0FC164802F0BDFC4FF411
:109060004F71EAE7013BD3730B4800F03BFD68B951
:109070000A4A13490B484FF4997302F0ADFC0649B4
:10908000104802F0A9FC4FF49971C2E784F31188EB
:10909000BFF36F8F10BD00BFE02B002097180300B7
:1090A000F0180300CF150300051903002E4103003B
:1090B0008A430300523F0300AC2B00202D450300E0
:1090C000C4180300DB18030070B5EFF311862023EA
:1090D00083F31288BFF36F8F2A4800F0F5FC68B95C
:1090E000294A2A492A48842302F076FC254929483E
:1090F00002F072FC2448842102F065FC264D2148D0
:1091000000F006FDAB68DA7B6AB92449244A20489E
:1091100040F24D3302F060FC224802F05DFC40F268
:109120004D311F48E8E7EFF3058161B11E491C4A44
:10913000174840F24E3302F04FFC1A4802F04CFC44
:1091400040F24E31EDE70132DA732A4652F8184FF9
:10915000944200D004B9EC681A7CD20604D1DA89B2
:109160007F2A01D9A2692AB1A34202D0204600F089
:1091700025FC23466B6131460248BDE87040FFF78D
:1091800001BC00BFE02B002097180300F01803007B
:10919000CF15030005190300AC2B00205E4503002A
:1091A0008A430300523F03002E41030038B50446B2
:1091B000EFF31185202383F31288BFF36F8F1848D4
:1091C00000F082FC68B9174A17491848842302F056
:1091D00003FC1349164802F0FFFB8421114802F0FA
:1091E000F2FB0F4800F094FC204604F093FA04468A
:1091F0000B4800F077FC68B90A4A0E490B484FF457
:10920000997302F0E9FB06490B4802F0E5FB4FF4C5
:109210009971E3E785F31188BFF36F8F204638BD5E
:10922000E02B002097180300F0180300CF1503006F
:1092300005190300C4180300DB180300024B03F1F7
:109240001802C3E906227047AC2B002070B5EFF37B
:10925000058373B13849394A39484FF4906302F0B5
:10926000BBFB384802F0B8FB34484FF4906102F081
:10927000AAFBEFF31186202383F31288BFF36F8FCD
:10928000314800F021FC60B9304A31492C48842330
:1092900002F0A2FB2C492F4802F09EFB84212B48B0
:1092A000E5E72D4C284800F033FCA168E0690B6825
:1092B000814214BF1A46002249680B605960A368B6
:1092C000E1692AB9254AC3E900210B60E3610AE09C
:1092D00092F90E5093F90E00854223DD5168C3E9DF
:1092E00000210B605360A5691C4B9D4200D005B95D
:1092F000E568A3689D4202D0284600F05FFB124853
:10930000656100F0EFFB88B9104A15490C4840F23E
:109310006D1302F061FB0C49124802F05DFB40F254
:109320006D11BCE78A42CDD01268CAE73046BDE86D
:109330007040FFF7F5BA00BF2E4103008A430300D7
:10934000CF150300523F0300E02B002097180300C5
:10935000F018030005190300AC2B0020C42B0020DB
:10936000C4180300DB1803002DE9F04106460C4643
:10937000EFF3058777B13449344A35484FF49363A6
:1093800002F02AFB334802F027FB30484FF4936188
:1093900002F019FB50EA010304D1FFF757FF002048
:1093A000BDE8F081EFF31188202383F31288BFF327
:1093B0006F8F294800F088FB60B9284A2849244863
:1093C000842302F009FB2449264802F005FB84218E
:1093D0002248DDE7244D204800F09AFB234BA86883
:1093E0001860FFF73FFAA868214923463246183033
:1093F00000F0C4FBAA68137C43F004030446137412
:10940000154800F06FFB68B9144A1A49104840F239
:109410006D1302F0E1FA1049174802F0DDFA40F24C
:109420006D11D5E74046FFF77BFAAB68D3E90A2315
:10943000B3F1004F08BFBA42B1D104F09AF9201A33
:1094400020EAE070ACE700BF2E4103008A4303002E
:10945000CF150300523F0300E02B002097180300B4
:10946000F018030005190300AC2B0020E42B0020AA
:10947000D18B0200C4180300DB18030070B5064648
:109480000D46EFF3058474B11149124A124840F2B7
:10949000C64302F0A1FA114802F09EFA0D4840F2CC
:1094A000C64102F090FAFFF75FFFB5F1FF3F08BF3A
:1094B000B6F1FF3F1FBF47F6FF734FF47A72E0FB30
:1094C0000234D80B14BF40EA44404FF0FF3070BD67
:1094D0002E4103008A430300CF150300523F0300CF
:1094E0000C490D4A08B58C464FF4004E0021C0FBD4
:1094F0000EC100236046EEF7A3FFC117FFF734FF4C
:10950000054947F6FF730022E0FB0132DB0B43EA1B
:10951000424008BD3F420F0040420F0038B50446AC
:10952000EFF31185202383F31288BFF36F8F204858
:1095300000F0CAFA68B91F4A1F492048842302F084
:109540004BFA1B491E4802F047FA8421194802F0E1
:109550003AFA174800F0DCFA237C5B0710D504F1D7
:10956000180000F0E7FB237C23F00403204623745B
:10957000FFF710F929460E48BDE83840FFF702BA58
:109580000B4800F0AFFA68B90A4A0E490B484FF48D
:10959000997302F021FA06490B4802F01DFA4FF4C4
:1095A0009971D3E785F31188BFF36F8F38BD00BF82
:1095B000E02B002097180300F0180300CF150300DC
:1095C00005190300C4180300DB180300014B986859
:1095D000704700BFAC2B00202DE9F8430446878973
:1095E000EFF31185202383F31288BFF36F8F824836
:1095F00000F06AFA68B9814A81498248842302F0FE
:10960000EBF97D49804802F0E7F984217B4802F0BC
:10961000DAF9794800F07CFA237C180717D57648E8
:1096200000F060FA68B9754A784976484FF4997342
:1096300002F0D2F97049764802F0CEF94FF49971F0
:10964000E4E785F31188BFF36F8FBDE8F883D9098C
:1096500043F0080240F083802274A36813B12046CF
:10966000FFF7D6F904F1180000F064FBA66D04F1D1
:109670005808B04511D04FF0000976B13046FFF7D9
:10968000C7F906F1180000F055FBC6F8789030468F
:10969000FFF780F8A66DB045EFD1DFF87881D8F8F4
:1096A00008309C427AD1EFF30589B9F1000918BF5F
:1096B0004FF00109D8F81860574A964200D00EB909
:1096C000D8F80C60B34202D0304600F077F920465B
:1096D000C8F8146002F0E1FCB9F1000F02D04F4865
:1096E000FFF74CF8D8F808309C426AD1EFF30586B2
:1096F000002E66D1A389DA071FD53F4800F0F2F9A2
:10970000002890D085F31188BFF36F8F86F31188FE
:10971000BFF36F8F0423184602DFEFF31185202378
:1097200083F31288BFF36F8F334800F0CDF9002820
:109730003FF461AF304800F0EBF92F4800F0D2F968
:1097400078BB2E4A31492F4840F26D1302F044F99C
:1097500029492F4802F040F940F26D1156E7304A8E
:1097600003F07F0343F008039442237408D12D498A
:109770002D4A24485A2302F02FF95A212A4846E755
:10978000D90707D52949284A1E485B2302F024F946
:109790005B21F3E7204603F079FF5EE74FF0000915
:1097A00088E72846FFF7BCF821491F4A15484FF4BF
:1097B000EE7302F011F91F4802F00EF94FF4EE714A
:1097C000DCE70D4800F08EF900283FF42CAF85F35C
:1097D0001188BFF36F8FFB077FF537AF124A164929
:1097E000084840F2A25302F0F7F82146134802F06D
:1097F000F3F840F2A251C1E7E02B002097180300D4
:10980000F0180300CF15030005190300C418030066
:10981000DB180300AC2B0020C42B0020781B002099
:10982000781A0020AC4303008A430300204403005D
:109830008F4503009A450300BC450300C74503005C
:109840002DE9F843064688461746EFF31189202391
:1098500083F31288BFF36F8F214800F035F9054676
:1098600068B9204A20492148842302F0B5F81C49F0
:109870001F4802F0B1F884211A4802F0A4F81848F1
:1098800000F046F93468A6421FD004B32046C4F85D
:1098900078806761FFF7BCF804F1180000F04AFA1D
:1098A0002046FEF777FF0E4800F01CF988B90D4AF4
:1098B00010490E484FF4997302F08EF808490E488B
:1098C00002F08AF84FF49971D6E70025EBE72546B8
:1098D000E9E789F31188BFF36F8F2846BDE8F88365
:1098E000E02B002097180300F0180300CF150300A9
:1098F00005190300C4180300DB180300D3B5DDE924
:109900000667089CCDE90067FFF7AAF91CB1034B75
:109910009B685B69236002B0D0BD00BFAC2B002008
:10992000027C12F01F02034610D10A4988420DD072
:109930000949086868B1D9897F2909D893F90E20A7
:10994000064B1B689A42B8BF002070470020704742
:1099500010467047781A0020AC150020E82B002034
:1099600008B568B10F4B98420AD303F11802904230
:1099700006D2C01A1822B0FBF2F302FB13034BB15C
:1099800009490A480A4A3F2302F026F808483F21BD
:1099900002F019F8074BC0105843074B01221A5424
:1099A00008BD00BFF81B00200D460300CF150300C3
:1099B000E5450300ABAAAAAA402F002070B50C4BC6
:1099C0000C4D1E7CFFF7ACFF182303FB0655044625
:1099D000284600F0AFF9084B00229A553CB1621EB0
:1099E00028460649BDE87040D31700F0C7B870BDDF
:1099F000AC2B0020F81B0020402F002061990200B2
:109A000038B5EFF31185202383F31288BFF36F8FEE
:109A1000234800F059F868B9224A2349234884238F
:109A200001F0DAFF1E49224801F0D6FF84211D48CB
:109A300001F0C9FF1A4800F06BF81E4B1E4A9C68E3
:109A40001068A04213D1FFF7B9FF154800F04AF89B
:109A500000BB144A194915484FF4997301F0BCFF33
:109A60000F49174801F0B8FF4FF49971DFE7002163
:109A70001B7C1160134AD35C002BE6D02046FFF715
:109A80004FFF0028E1D0237CDB0601D1FEF7DCFF8D
:109A90002046D8E785F31188BFF36F8F38BD00BF2C
:109AA000E02B002097180300F0180300CF150300E7
:109AB00005190300AC2B0020E42B0020C418030080
:109AC000DB180300402F0020006838B1044B1B7CDA
:109AD00000F00300C01A18BF012070470120704732
:109AE000AC2B0020002302680360EFF30581074BD5
:109AF000986811B1017CC90705D41B7C1843831AEF
:109B00005842584170470120704700BFAC2B0020DD
:109B1000024B1A7C9B68134303607047AC2B0020F8
:109B2000024B1868984208BF00207047B01500200B
:109B3000034B1B680BB9FBF7C3BA0020704700BF8B
:109B4000EC2B002030B570B10B4B5B6898420AD00B
:109B5000036843B1D3E90421D0E90445121941EB6C
:109B60000501C3E90421D0E9003213605A600023E3
:109B7000C0E9003330BD00BFB0150020B3F1FF3F96
:109B800008BFB2F1FF3F2DE9F84F04469B4615464A
:109B90001F4600F0B280D0F80090B9F1000F0CD051
:109BA0005749584A5848642301F016FF574801F0B6
:109BB00013FF5448642101F006FF8160EFF3118820
:109BC000202383F31288BFF36F8F5148FFF77CFF88
:109BD000824660B94F4A50494B48842301F0FCFE4D
:109BE0004B494E4801F0F8FE84214A48E3E74848D3
:109BF000FFF78EFFBBF1000F494A1FDBFFF798FF0D
:109C0000474A0135D2E900174BF1000B2D184BEBF9
:109C1000E073C4E904536D18064643EB0707FFF7EA
:109C20007FFFDFF800E1DEF804900346EBB9C4E9FA
:109C300000E9C9F80040CEF8044028E0D2E900125B
:109C40006FF001035B1A4FF0FF3161EB02025B1B07
:109C500062EB0B02012B72F10001BCBF01234A46EB
:109C6000C4E904324FF0000AD9E7D3E9041CD4E96F
:109C700004208A4270EB0C0B2EDA891A5A686CEBBE
:109C80000000C3E90410C4E9003214605C60FFF70F
:109C900047FF84420ED1244B1B685BB9BAF1000F19
:109CA00002D1FFF745FF0646304603F04BFD002189
:109CB000FBF7E0F91648FFF715FFB0B9154A1B4945
:109CC00011484FF4997301F087FE1149184801F0CB
:109CD00083FE4FF4997188E7521A60EB0C004B45F4
:109CE000C4E90420A3D01B68A0E788F31188BFF360
:109CF0006F8F28463946BDE8F88F00252F46F8E7D4
:109D0000DC470300B8470300CF150300523F0300B0
:109D1000F02B002097180300F0180300051903002A
:109D2000101C0020B0150020EC2B0020C4180300EC
:109D3000DB18030070B50446EFF31186202383F38C
:109D40001288BFF36F8F2A48FFF7BEFE68B9294A11
:109D500029492A48842301F03FFE2549284801F07B
:109D60003BFE8421234801F02EFE2148FFF7D0FE60
:109D700023683BB3FFF7D4FE05462046FFF7E2FE1B
:109D800000224FF00043A542C4E9042312D000246E
:109D90001748FFF7A7FE20BB164A1A4917484FF489
:109DA000997301F019FE1249174801F015FE4FF49E
:109DB0009971D7E7FFF7BCFE03F0C4FC0021FBF765
:109DC00059F9E4E7D4E90423B3F1004F08BF012AAD
:109DD00004D100224FF00043C4E904236FF01504BE
:109DE000D6E786F31188BFF36F8F204670BD00BFA2
:109DF000F02B002097180300F0180300CF15030084
:109E000005190300C4180300DB1803002DE9F0470F
:109E1000DFF80891DFF808A1C9F800000246FFF753
:109E20007FFE8846044600260027DAE900134FEA41
:109E3000E27C54B1D4E90450AA427CEB000E1FDA54
:109E4000AD1A60EB0C00C4E9045052184FF0000446
:109E500043EB0C032046CAE90023C9F8004003F095
:109E600071FC2146FBF706F92E48FFF73BFED0B107
:109E700088F31188BFF36F8FBDE8F047FFF7C0BDCF
:109E8000691843EBE5732046C4E90467CAE9001387
:109E9000FFF758FE01224FF00043C4E90423214894
:109EA000FFF720FE78B9204A204921484FF49973E2
:109EB00001F092FD1B491F4801F08EFD4FF499718E
:109EC000194801F080FD88F31188BFF36F8FA368F4
:109ED00020469847EFF31188202383F31288BFF3BD
:109EE0006F8F1048FFF7F0FD58B90F4A124910481C
:109EF000842301F071FD0B49104801F06DFD8421B0
:109F0000DEE70848FFF704FED9F80020521BC9F825
:109F10000020FFF705FE044687E700BFEC2B00207A
:109F2000101C0020F02B002097180300C418030019
:109F3000CF150300DB180300F01803000519030018
:109F400010B5EFF31184202383F31288BFF36F8FD2
:109F50000B48FFF7B9FD68B90A4A0B490B4884233F
:109F600001F03AFD06490A4801F036FD0548842112
:109F700001F029FD0248FFF7CBFD204610BD00BFD0
:109F8000F02B002097180300F0180300CF150300F2
:109F90000519030070B5EFF31186202383F31288AF
:109FA000BFF36F8F1A48FFF78FFD68B9194A1A4936
:109FB0001A48842301F010FD1549194801F00CFDE1
:109FC0008421144801F0FFFC1148FFF7A1FDFFF7C1
:109FD000AFFD144AD2E90045041945EBE0750C4881
:109FE000FFF780FD68B90B4A0F490C484FF499738D
:109FF00001F0F2FC06490D4801F0EEFC4FF49971B6
:10A00000DFE786F31188BFF36F8F2046294670BDC6
:10A01000F02B002097180300F0180300CF15030061
:10A0200005190300101C0020C4180300DB180300EE
:10A03000F8B50446EFF31187202383F31288BFF3AA
:10A040006F8F5A48FFF740FD68B9594A59495A4835
:10A05000842301F0C1FC5549584801F0BDFC84211E
:10A06000534801F0B0FC5148FFF752FDD4E90423F6
:10A07000B3F1004F08BF012A13D04C48FFF732FD5F
:10A08000002840F08E804A4A4D494B484FF499735E
:10A0900001F0A2FC45494B4801F09EFC4FF4997138
:10A0A000DEE7D4E90A566A1C46F10003022A73F17E
:10A0B000000334D3013D46F1FF36002EBCBF00251E
:10A0C0002E4603F05AFB013041F10001401946EBE6
:10A0D0000101012871F100015ADB03F04EFB013050
:10A0E00041F100016FF00203401946EB0101834288
:10A0F0006FF000438B4150DB03F03FFB013041F137
:10A1000000016FF00102401946EB0103121A4FF0F3
:10A11000FF3161EB03032C492046FFF72FFD236B32
:10A12000256A01332363D5B12048FFF7DBFC002803
:10A13000A9D087F31188BFF36F8F2046A847EFF3AC
:10A140001187202383F31288BFF36F8F1748FFF71F
:10A15000BBFC00283FF479AF1448FFF7D9FC54F852
:10A16000185FA54289D0002D87D02846FEF7E8FC6D
:10A1700000230E48AB67FFF7B5FC002883D087F3B8
:10A180001188BFF36F8F2846BDE8F840FEF792BCF8
:10A190006FF001024FF0FF33BDE700224FF00043A4
:10A1A000B9E787F31188BFF36F8FF8BDF42B002058
:10A1B00097180300F0180300CF15030005190300DA
:10A1C000C4180300DB18030031A002002DE9F84396
:10A1D000064614461D4691469846EFF31187202304
:10A1E00083F31288BFF36F8F2748FFF76DFC68B9C0
:10A1F000264A27492748842301F0EEFB22492648B6
:10A2000001F0EAFB8421214801F0DDFB1E48FFF745
:10A210007FFCB5F1FF3F08BFB4F1FF3F11D11A48F1
:10A22000FFF760FC50BB194A1C491A484FF4997358
:10A2300001F0D2FB14491A4801F0CEFB4FF499719A
:10A24000E1E7002D0ADB012C75F100032246BCBFBB
:10A250000122002512F1FF3945F1FF383046FFF7A2
:10A2600069FDDDE90823C6E90A23002333634A4672
:10A27000434630460B49FFF781FCD0E787F311884E
:10A28000BFF36F8FBDE8F883F42B0020971803000D
:10A29000F0180300CF15030005190300C4180300CC
:10A2A000DB18030031A0020070B50546EFF31184FE
:10A2B000202686F31288BFF36F8F2D48FFF704FC2A
:10A2C00068B92C4A2C492D48842301F085FB284984
:10A2D0002B4801F081FB8421264801F074FB2448BF
:10A2E000FFF716FC2846FFF725FD90B12048FFF741
:10A2F000F9FB002837D11F4A224920484FF49973AF
:10A3000001F06AFB1A49204801F066FB4FF499718D
:10A31000E2E76B6ACBB11648FFF7E4FB0028EAD00E
:10A3200084F31188BFF36F8F6B6A28469847EFF369
:10A33000118486F31288BFF36F8F0D48FFF7C4FBBB
:10A340000028BED00A48FFF7E3FB05F11800FEF72E
:10A350000DFD0028CAD0FEF7ADFB21460448BDE83C
:10A36000704003F0D5B984F31188BFF36F8F70BDCF
:10A37000F42B002097180300F0180300CF150300FA
:10A3800005190300C4180300DB1803002DE9F84F7A
:10A3900005460C46924603F06EF9002863D1344B13
:10A3A0009B68DE6E002E5ED06F1E3D420BD03149A1
:10A3B000314A3248182301F00FFB314801F00CFB01
:10A3C00018212D481CE004344DD245F0040B06F151
:10A3D0001408EFF31189202383F31288BFF36F8FE2
:10A3E0004046FFF771FB68B9264A27492348842372
:10A3F00001F0F2FA4146254801F0EEFA84212148A5
:10A4000001F0E1FA4046FFF783FB22465946304609
:10A41000D04704464046FFF765FB68B9194A1C4916
:10A4200016484FF4997301F0D7FA4146194801F0E4
:10A43000D3FA4FF49971E2E789F31188BFF36F8F74
:10A440008CB144F8046B7DB13C420DD00A4A1249EC
:10A450000A48352301F0C0FA214610482A4601F087
:10A46000BBFA3521ADE700242046BDE8F88F00BFD8
:10A47000AC2B0020B4150300FC470300CF150300EC
:10A48000EC15030097180300F018030005190300EA
:10A49000C4180300DB1803002048030052480300DF
:10A4A0000146024A0020FFF771BF00BF3DB902001C
:10A4B00007B5074B0093074907484FF0FF334FF4A8
:10A4C0008062FDF77DFF002003B05DF804FB00BF54
:10A4D00064E40200405A0020181C00200CB430B57F
:10A4E0008BB004460D462022002102A803F0BCF9DF
:10A4F00002238DF80A30002D0C4B0393069412DBD7
:10A5000001D06B1E1C440FAA0E99079402A8019259
:10A5100000F02EF815B1069B00221A700BB0BDE8B2
:10A52000304002B070470024EDE700BF4DDA020072
:10A530000EB470B58BB00FAC054654F8046B2022F6
:10A54000002102A803F090F901238DF80A30224679
:10A55000064B0493314602A80695019400F04CFA8C
:10A560000BB0BDE8704003B0704700BF39DA02009D
:10A570002DE9F04F8BB04368009383789C078046A9
:10A58000924640F1F98000250878002800F0F68016
:10A5900025280AD04B1C019301354146009B984762
:10A5A0000028C0F2E3800199EEE74E788B1C252E3F
:10A5B0000193F1D00027B9463C460A221F2C22D82D
:10A5C000A6F12003102B20D8DFE803F0141F1F1A78
:10A5D0001F1F1F0B1F1F1F121F171F1F090044F0F3
:10A5E0000104019B13F8016B0193002EE6D13AE0C0
:10A5F00044F0020444F00404F3E744F00804F0E7F4
:10A6000044F01004EDE77F2C24D8A6F13003092B89
:10A6100008D860064EBF02FB073702FB093944F039
:10A620002004DEE72A2E0DD161065AF8043B53D4EC
:10A63000002BA7BF44F020049946C3F1000944F061
:10A640002804CEE72E2E05D1630600F1978044F052
:10A650004004C6E76C2E2ED028D8682E32D06A2E41
:10A6600037D04C2E35D0002F46F02003B8BF24F051
:10A670004004A3F16502BCBFA4B20027022A01D99D
:10A68000612B2BD10AF1070A2AF0070A9C4E0AF126
:10A69000080A0727210760D506EB070B34465C45FF
:10A6A0005DD1AE1BA219A9EB070959E1742E98D010
:10A6B0007A2E96D0D7E7260648BF44F4007444F0BB
:10A6C00080048EE7E00548BF44F4007444F48074CD
:10A6D00087E744F4207484E71F4682E7A6F163020B
:10A6E000122A00F2D880DFE812F013004D00D600E5
:10A6F000D600D600D6004D00D600D600D600D60033
:10A70000D600E800D100D600D6001A00D600A0007E
:10A710005AF8043B8DF81030012704AEBAE75AF816
:10A72000046B784B002E08BF1E4614F0400F14BF78
:10A7300039464FF0FF31304602F036FC0746A9E7B4
:10A74000009B41462020984700280FDB013CA74290
:10A75000F6D34D442D1BA1469EE74C46F7E714F86F
:10A76000010B009B41469847002898DA98F8023080
:10A7700043F0040388F802304FF0FF3528460BB051
:10A78000BDE8F08F220630D5A3052AD50AF1070AC5
:10A790002AF007039A4659685AF8080B24F0100B60
:10A7A00000291FFA8BFB2FDA404261EB41014BF489
:10A7B000806B04AC0A23224603F08DF81BF0400F97
:10A7C000A0EB040200F08E802BF001049742A4B2AB
:10A7D00040F38F80002E40F08E802BF01104A4B245
:10A7E0001DE05AF8040BC117D8E7E0055AF8041B1E
:10A7F00001D40846F7E7A2054BBF48B208B241F3BF
:10A80000C01141F3C031C9E750EA0103D1D1630659
:10A81000CFD5002FCDD124F01104A4B23A463B4647
:10A8200040F206410C4262D124E024F01004A4B2AC
:10A830000A2314F0800243D014F400711FBF0AF100
:10A84000070A2AF007029246516814BF5AF8080B0B
:10A850005AF8040B50EA01023ED124F0160B6206AE
:10A860001FFA8BFB3CD5002F3AD124F01704A4B279
:10A870003A463B4621075AD4E10705D5994572DD92
:10A88000A9EB03039F184B469B464AE044F0100493
:10A8900010237826CDE7782B04D1C6F1780343F056
:10A8A0001003C6E7009B4146252098470028FFF685
:10A8B0005DAF02354146304670E608230026B8E712
:10A8C00014F480715AF8040BC4D014F400711ABF48
:10A8D000C0B2114680B2BDE724F006041FFA84FB23
:10A8E00004AC68E713465C46E10699D52EB90133FE
:10A8F000C0E71346F8E73B46F6E70233BAE700BF86
:10A900008A48030083480300CDE902324146009B98
:10A91000202098470028FFF629AFDDE902320BF12D
:10A92000010BD945F0DCEB1A03EB0B055B46E106A6
:10A9300027D5CDE902324146009B302098470028B8
:10A94000FFF614AFDDE902327EB901352F44791BE1
:10A950008A4229DB144604AE9CBB2A44A9EB0309B6
:10A960001546914442E017468EE7CDE902320235A2
:10A9700041463046009B98470028DDE90232E5DA7F
:10A98000F4E640F206410C42E0D014F0020F14BF8E
:10A990002B20202014F4806FCDE9023205F101054F
:10A9A000414618BF2D20E5E7CDE902324146009B24
:10A9B000302098470028DDE9023205F10105C6DAAA
:10A9C000D4E6013CCDE90232305D009B4146984718
:10A9D0000028DDE90232BFDAC8E6009B41462020AC
:10A9E0009847002805F10105FFF6C0AEA9EB050365
:10A9F000002BF2DCD7E500BF2DE9F04F89B0064609
:10AA000000200392079080460C4614F8015BA5B124
:10AA1000202D16D0A5F10903042B12D9252D16D00F
:10AA200007A9304602F0AEFF031EC0F2E780DBB29A
:10AA3000AB420AD0314603F011F8404609B0BDE8F8
:10AA4000F08F07A9304602F0A7FF2146DCE791F816
:10AA500001A0BAF1250F01F10204E1D0BAF12A0FE9
:10AA600028D191F802A0CC1C4FF0010B002506E084
:10AA70000A2214F801AB4BF0020B02FB0535AAF1D8
:10AA80003003DBB2092BF3D91BF0020F08BF4FF0E4
:10AA9000FF35BAF16C0F42D00FD8BAF1680F2FD042
:10AAA000BAF16A0F4BD0BAF14C0F43D0BAF1000F94
:10AAB00009D1C2E74FF0000BD8E7BAF1740F3BD0D1
:10AAC000BAF17A0F38D0AE48514602F0E5FE0028C0
:10AAD000B3D01BF0010308BFDDF80C90049306BF50
:10AAE00059F8047BCDF80C900027BAF16E0F29D1EC
:10AAF000079ACDF800B00023384602F064FFA4E7BF
:10AB000094F800A0BAF1680F03D04BF0200B013489
:10AB1000CCE74BF0300B94F801A00234C6E794F870
:10AB200000A0BAF16C0F02D04BF0040BEFE74BF032
:10AB30000C0BF0E74BF00C0B14F801ABB6E74BF045
:10AB4000080BF9E7BAF1630F17D11BF0020F08BF2A
:10AB5000012507A9304602F015FF00284EDB0FB192
:10AB600007F8010B013DF4D1049B002B7FF46DAF7E
:10AB700008F101085FFA88F867E7BAF15B0F51D175
:10AB800023785E2B06BF01344FF001094FF0000916
:10AB90004FF0000A07A9304602F0F4FE0022A34657
:10ABA00096469446631C1BF8011B11B39B4507D0C6
:10ABB0005D2911D02D2903D12AB96146012209E06E
:10ABC000002A08BF8C46604503DB8842D8BF4EF0A0
:10ABD000010E00228C46E6E7002807DBCE4514D1A3
:10ABE000079B3146013B079302F038FFBAF1000F93
:10ABF00012D1B37813F00C0F3FF41FAFB8F1000F70
:10AC000014BF40464FF0FF3018E70FB107F8010BB3
:10AC1000013D4FF0010ABDD10FB95C46A4E7002306
:10AC20003B70FAE707A9304602F0B6FE0028E5DBE4
:10AC3000BAF16F0F5ED035D8BAF1640F5DD0BAF1BA
:10AC4000690A18BF4FF0010A4FEA0A1A07A93046ED
:10AC500002F098FE2B2803D02D2809D14BF0400B91
:10AC6000013DC6D007A9304602F08CFE0028C0DBAB
:10AC700030287ED1B5F1010905D007A9304602F090
:10AC800081FE00283CDA002215461BF0400F02D05E
:10AC9000524265EB4505CDF800B02B46384602F030
:10ACA00092FE61E7BAF1730F0CD0BAF1750F14BFC1
:10ACB0004FF0100A4FF00A0AC8E70FB107F8010B6E
:10ACC000013D11D007A9304602F05CFE00280BDBE5
:10ACD000202803D0A0F10903042BEED8079B3146AE
:10ACE000013B079302F0BAFE002F3FF43DAF002373
:10ACF0003B7039E74FF0080AA8E74FF00A0AA5E7CA
:10AD000040F02002782A4BF0800B0ED13AF010036D
:10AD100010D1B5F10209B6D007A9304602F032FED3
:10AD20000028B0DB4FF0100A04E0BAF1000F08BFB2
:10AD30004FF0080A002215463928014682BF00F16B
:10AD4000FF3141F02001263930398A451AD80028D0
:10AD5000A8BF079B0592A8BF03F1FF333146A8BFE8
:10AD6000079302F07BFE1BF0800F059A3FF441AF82
:10AD70008BE7A946BAF1000FDCD14FF00A0AD9E7F8
:10AD800092480300AAFB02208A180AFB050040F142
:10AD90000005B9F101094BF0800B3FF476AF07A92C
:10ADA0003046059202F0EEFD0028059AC4DA6CE701
:10ADB000704707B54FF480738DF8000068468DF832
:10ADC0000110ADF80230ADF8043000F098F903B08E
:10ADD0005DF804FB08B502F0D0FC4FF47A72A0FBDA
:10ADE000020302FB0131C00B40EA4140C90B08BD20
:10ADF0007FB50BAB059303930A9B02930023CDE928
:10AE000000331846F3F7C2F807B05DF804FB10B53D
:10AE10004FF4004C20EAE074002140F2E7304FF498
:10AE20007A720023E4FB0C01EDF70AFBBDE8104049
:10AE3000FEF724BB002108B5084600F013FA0146CE
:10AE40008320F0F75FFB30B90220FFF7E0FFBDE899
:10AE50000840EDF7EDBE08BD30B50C2485B00025E7
:10AE60000DF103008DF80350EDF7FEFED0B99DF80B
:10AE700003305B0616D5032201A90E20F0F77AFBFA
:10AE800080B902A901A800F0FCF848B99DF80A3081
:10AE900033B19DF80930FE2B04D002A8EDF7DAFD9E
:10AEA000013CDDD105B030BD7FB50BAB05930393FD
:10AEB0000A9B02930023CDE9003301221846F3F7E1
:10AEC00065F807B05DF804FB0122F0F753BB7FB5CE
:10AED0000BAB059303930A9B02930023CDE9003348
:10AEE0001846F3F753F807B05DF804FB032894BF46
:10AEF00000200120704708B5F0F7ECFC48B14FF492
:10AF00007A714FF400430022C0FB01321B0C43EA6C
:10AF1000024008BD20EAE0707047401A20EAE07065
:10AF20007047034688420B444FF6FE728CBF0020E8
:10AF30000120934288BF40F002007047F8B551EA03
:10AF4000020306460D4610D4C71702F164043220EE
:10AF5000002164220023C5FB0401EDF721FA86429B
:10AF600077EB010104DB0020F8BD4FF0FF30FBE779
:10AF70006FF00100F8E781FB001010B54FF47A7410
:10AF8000A1FB043104FB0011002904FB02F208DBE1
:10AF900013F5004341F100011B0C43EA0143D01AB1
:10AFA00010BDD3F5004361EB41011B0C43EA0143A3
:10AFB0005B42F4E770B505461446E2B100291ADD9C
:10AFC000002818DBCB17480840EAC3700A464FF444
:10AFD00080561946C5FB0601EDF7E2F90346133B1F
:10AFE00040F6ED7261F10001934271F1000105D26A
:10AFF0002080002070BD4FF0FF30FBE76FF00100B4
:10B00000F8E70029C8BF4FF4006302464FF0000084
:10B01000C2BFC1FB02301B0B43EA00507047F8B5BA
:10B0200017461D468BB1441A12D4C3E9000403F13C
:10B0300008023946FFF7BEFF48B905F10A02394652
:10B040002046BDE8F840FFF7B5BF4FF0FF30F8BD30
:10B050006FF00100FBE7A0F24C40704758B1036865
:10B06000A1F24C418B4209DC43688B42CCBF6FF0AC
:10B070000200002070474FF0FF3070476FF0020071
:10B08000704720B319B3437802781B0243EA0243A6
:10B0900082781343C3F300500870C3F303400C28B5
:10B0A000C3F314029BB205D800228A7048708B80CB
:10B0B00000207047C2F307320120C3F30B03FE2ABE
:10B0C00088704A708B80F3D16FF0030070474FF0A7
:10B0D000FF30704718B1FF2802D9002070470120C7
:10B0E0004042C0B27047430606D1B1F5807F28BF09
:10B0F0004FF48071084670474FF480707047A0B1DC
:10B1000003784278DB0143EA821342791343827861
:10B11000120102F030021343C278920002F00C02D6
:10B120001343027943EA4200C0B27047B0B143789A
:10B130000278DB0143EA8213C2791343827843EA3F
:10B140004213027943EA0213C27843EAC203427906
:10B1500043EA8203827943EA4200C0B2704748B1B1
:10B1600000230122037042708370C3700271437127
:10B170008371C371704741EAC000C0B2704701F0EB
:10B18000070141EA401000F0E7007047400000F07E
:10B190001E00084370470B2828BF0B2000F10C034A
:10B1A000DBB201209840F530704708B5FFF7F3FF98
:10B1B0000A3008BD10B51C4640EA01030F2B0ED81B
:10B1C000FFF7E9FF02460846FFF7EFFF032C88BFB1
:10B1D0008000904234BF6FF00500002010BD4FF09A
:10B1E000FF30FBE72DE9F843814690461C4613B13A
:10B1F0004FF0FF3323604FF0FF3700253E46E8B2A3
:10B200004B464246FFF7D6FF002804BF37462E467E
:10B2100001350C2DF3D104B127603046BDE8F88329
:10B22000034640B141B101335521092213FB0123EB
:10B230000A20B3FBF0F070474300F5E780000901F6
:10B2400001F0300100F00C000843704703F00F03D9
:10B25000490143EA021301F060010B4343EAC010C5
:10B26000C0B2704741EA4000C0B27047920042EA63
:10B27000430242EAC10242EA001000F0FE007047B9
:10B28000920042EAC302104340EA4100C0B2704754
:10B2900010B542B13BB1C0F30B0441EA0411C0F355
:10B2A00007101070197010BD090941EA00107047AD
:10B2B000F0B50246007870B32D2804BF01324FF07C
:10B2C000FF35137818BF0125302B14D00020044619
:10B2D0006FF0004C0A27135CCBB1303BDEB2092E75
:10B2E00033D8ACEB0306B6FBF7F6A6422DDB07FB23
:10B2F00004340130EFE7537803F0DF03582BE5D136
:10B30000531C002458785E1C30B9981A013810B1CB
:10B3100065430D600120F0BDA0F13003DFB2092FBD
:10B3200005D9A0F16103052B08D8A0F15703B4F1AA
:10B33000006F0ADA03EB04143346E3E7A0F141039C
:10B34000052B02D8A0F13703F1E70020E3E790F8DE
:10B3500020300F2B10B507D800EB430400F8131072
:10B360000133627080F8203010BD70B5054610467C
:10B370000E461446EDF77EF8B042024607D121464C
:10B38000284602F096FAB0FA80F0400970BD00201D
:10B39000FCE713B504466846FFF7E1FE637A8DF8D3
:10B3A00006306846FFF7C2FE02B010BD9A4210B5E3
:10B3B00005D190F82130013380F8213010BD90F88C
:10B3C00020300F2BFAD800EB430400F813100133A0
:10B3D000627080F82030F1E7F8B515460446A0B158
:10B3E00003610027069B0170436147706AB11046F4
:10B3F000EDF740F80B2828BF0B2006460246601CDC
:10B400003444294602F009FA6770F8BD18B10321E7
:10B410000120FFF713BF7047002203461146104674
:10B42000FFF72EBF002203461046FFF70FBF07B5F8
:10B430004FF48073ADF802308DF8050000236846A4
:10B440008DF800108DF801108DF80430FFF757FECD
:10B4500003B05DF804FB2DE9F04F85B004460E9E65
:10B460001546002E00F02D81002800F02A81002AC8
:10B4700000F0278123220021304602F0F5F9A3686D
:10B48000AA68534033F07F4340F0E680E268EB68FF
:10B490009A4240F0E18022692B699A4240F0DC80B8
:10B4A000237D2A7D9B1A18BF012386F8223020793C
:10B4B000FFF77BFE07462879FFF777FE8146A879DC
:10B4C000FFF7AAFF8046A079FFF7A6FF4246034692
:10B4D00014213046FFF76AFF4F450ED2E9792879EB
:10B4E000FFF7A0FFE17980462079FFF79BFF4246F6
:10B4F000034680213046FFF759FF69782878FFF727
:10B500003EFE617880462078FFF739FEE97D0190A4
:10B51000A878FFF73BFEE17D8246A078FFF736FE74
:10B520008346A078FFF737FE02902878FFF7DEFC0D
:10B53000029A00280CBF042301235A43A8780392DF
:10B54000FFF729FE02902078FFF7D0FC029B039AB8
:10B5500000280CBF042101214B439A427ED8019B55
:10B56000424623213046FFF721FF5B465246242105
:10B57000FFF71CFF4F450ED3E9792879FFF752FFFB
:10B58000E17907462079FFF74DFF3A4603468021CF
:10B590003046FFF70BFF297E287AFFF748FF217E10
:10B5A0000746207AFFF743FF3A46034620213046FC
:10B5B000FFF7FCFE2846FFF7ECFE07462046FFF7A4
:10B5C000E8FE3A46034621213046FFF7EFFE002110
:10B5D000A87AFFF7D0FD00210746A07AFFF7CBFD40
:10B5E0003A46034622213046FFF7E0FE687DFFF72A
:10B5F0000DFF0190607DFFF709FF6B7D94F81590BA
:10B60000002B82460CBF4FF0000B4FF00F0BB9F12F
:10B61000000F4ED0002B46D04FF009080F276D7950
:10B6200005F00F05B9F1000F25D00922647904F067
:10B630000F04304643465521FFF7B8FE3B465A46B5
:10B640005621FFF7B3FE23462A468121FFF7AEFEBF
:10B65000019A5346542121E0012326E75B465246D6
:10B6600024213046FFF7A2FE019B424623217FE7BB
:10B67000C8464F46D3E73046019A53465421FFF758
:10B6800095FE4B462A468121FFF790FE3B465A46DF
:10B690005621FFF78BFE43460922552105B0BDE830
:10B6A000F04FFFF783BE0F274FF009081D461A46DB
:10B6B000BCE7002BDCD100251F4698462A462C46C5
:10B6C000B7E705B0BDE8F08F38B50D460446002851
:10B6D00066D0002964D023220021284602F0C4F855
:10B6E000A079FFF799FE142102462846FFF72FFEA6
:10B6F000217E207AFFF79BFE202102462846FFF795
:10B7000026FE2046FFF745FE212102462846FFF788
:10B710001EFE0021A07AFFF72EFD222102462846B8
:10B72000FFF715FE61782078FFF729FD23210246F7
:10B730002846FFF70CFEE17DA078FFF727FD2421C6
:10B7400002462846FFF703FE607DFFF75FFE5421A7
:10B7500002462846FFF7FBFD637D002B14BF09223C
:10B7600000225521FFF7F3FD637D002B14BF0F224C
:10B7700000225621FFF7EBFDE1792079FFF752FE19
:10B78000802102462846FFF7E2FD627D12B1627910
:10B7900002F00F0228468121BDE83840FFF7D7BDEF
:10B7A00038BD10B121B182F0010000F001007047F6
:10B7B0000846FAE700EBC10040884008704708B52A
:10B7C000FFF7F8FF084408BD7FB50BAB0593039363
:10B7D0000A9B02930023CDE9003301221846F2F7B9
:10B7E000D5FB07B05DF804FB08B50346FFF7E2FFA1
:10B7F000B0FA80F2C2F11F021846BDE80840F1F726
:10B8000037B92DE9F843B1FA81F3C3F11F0800EB12
:10B8100088090546D9F810600A46A6B9C3F1200385
:10B820004FF0FF349C40EB681C401CD094FAA4F607
:10B83000B6FA86F6331D284655F823402146F1F71F
:10B840005BF932460BE03446032721462846FFF7D2
:10B85000B1FF90420AD32846F1F74EF942462146FD
:10B860002846F1F705F92046BDE8F88305EBC40446
:10B87000013FE488C9F81040D0D0A642E5D1CDE719
:10B8800038B50446FFF796FF0D460346114620469D
:10B89000FFF790FF1A1892B204EBC50553006B80B6
:10B8A0002046FFF78CFF24F8302038BD70B50546E0
:10B8B000FFF780FF0B46511A89B205EBC3049B1AB0
:10B8C00003444E0066809CB205EBC20360005880C2
:10B8D00025F8321028461146FFF771FF25F8304051
:10B8E00070BD70B509B9002070BD056801F007038F
:10B8F0000B33CC0804EBD304AB689C4228BF1C4636
:10B9000021462846FFF77DFF06460028EBD001467A
:10B910002846FFF74FFFA04207D932192846FFF704
:10B92000C5FF11462846F1F755F805EBC60210464B
:10B93000538843F0010353800430D5E71146FFF7E5
:10B94000D0BF2DE9F04706460D46174698462BB363
:10B9500098F8004093F80190DB78A40004EB4304CE
:10B9600098F802301C4444444FF0000ACA4509D3F9
:10B97000D8F8042008F1080339463046AC46BDE843
:10B98000F047604714F8013B48F823402046ECF7A5
:10B9900071FD013004440AF1010AE7E76FF0150078
:10B9A000BDE8F0870020704700F00CB90FB407B570
:10B9B00004A951F8040B019100F004F903B05DF8FB
:10B9C00004EB04B07047002383F31188BFF36F8F3B
:10B9D0000423184602DF70470FB407B504A951F8D5
:10B9E000040B0191FFF7E0FF03B05DF804EB04B036
:10B9F0007047036800220BB9184670478B4210D17C
:10BA00000B6842B942680360914200D14360002351
:10BA10000B600120704713604368994208BF426081
:10BA2000F5E71A461B68E6E7838B13F0070306D198
:10BA30000368002B18BF032008BF00207047022BAB
:10BA400005D1C08BB0FA80F0400980007047012B0F
:10BA500004D10368002B18BF0520EDE700207047D4
:10BA600010B50C4600B111B96FF0150010BD081DDE
:10BA700000F02FF80028F9D1A368032BF6D9F3E7DB
:10BA80002DE9F0410D4607461946281D90461E46F1
:10BA9000F2F756F8044638B133464246294638464E
:10BAA000A446BDE8F0416047BDE8F08138B50C46DA
:10BAB000054658B151B10B6843B14B6833B12022F0
:10BAC000002101F0D1FE2C61002038BD6FF015007F
:10BAD000FBE7034658B1426802F00302012A03D093
:10BAE000032A04D1026812B10020986070476FF0F9
:10BAF0001500704770B50C8806468888241A30698E
:10BB0000A4B2844285B224BF641BA4B22D1BA8B288
:10BB1000984228BF18463368234413600B880344B7
:10BB20000B8070BD70B4838985880669ED1AADB24B
:10BB3000731B934228BF134670BC0A46011DFFF7D2
:10BB4000D9BF70B40E460146C58831F80A3FEC1AD9
:10BB5000A3B2934228BF1346324670BCFFF7CABF58
:10BB600010B54B880C88E41AA4B294420ED31A4440
:10BB700092B28B884A800A800069D21A92B28242BD
:10BB800001D2002010BD03448B80FAE76FF015004E
:10BB9000F8E770470020704700F0C8BE0346BFF3C7
:10BBA0005B8F53E8000F421C43E800210029F8D1C5
:10BBB000BFF35B8F704708B500210846F2F778F8AD
:10BBC000002008BD1FB50023CDE90201CDE90033F7
:10BBD0001A4619461846F2F7D9F905B05DF804FB84
:10BBE0007047002070474368DA7143681960436802
:10BBF00001225A71FFF7F4BF70B50E46154619467B
:10BC0000044618B9BDE87040F2F766B933B1C2F323
:10BC10004A231030120D184401F0FFFDC4E900560C
:10BC20002046BDE87040F2F76FB97FB50BAB0593C6
:10BC300003930A9B02930023CDE9003302221846A6
:10BC4000F2F7A4F907B05DF804FBF8B506460D4617
:10BC500014461F4604B9F8BD214628463A46B04767
:10BC6000241A0544F6E707B5D1E900328DF807003C
:10BC7000526801210DF107009847002003B05DF8DC
:10BC800004FB0A2838B504460D4602D10D20FFF703
:10BC9000EAFF29462046FFF7E6FF002038BD2DE9E0
:10BCA000F043054689B008460E8891F80090D1F817
:10BCB00008800C461746F2F7E1F9011EC6F382161A
:10BCC000C9F3C2091FDB4846F2F752F90346214681
:10BCD000608851F8102B0296C2F34A22002A01EB29
:10BCE0000204C0F30B1008BF00210022CDE90507B4
:10BCF000CDE90314CDE9002241462846F2F7EAF9DE
:10BD000009B0BDE8F0830023E1E743681B685B6886
:10BD10000020196170472DE9F04143681B685A689B
:10BD2000012111751D68D5E90136D3E900482F6856
:10BD30001CB96B681C60BDE8F08121463046424664
:10BD4000B847241A0644F3E770B543681D686B686A
:10BD500018690C46F2F736F8214603460F22286888
:10BD6000BDE8704018477FB50BAB059303930A9B62
:10BD700002930023CDE900331846F2F707F907B024
:10BD80005DF804FB7FB50BAB059303930A9B02930D
:10BD90000023CDE900331846F2F7F8F807B05DF854
:10BDA00004FB006840B150F8043C5B688B42A0F192
:10BDB000040001D04068F5E77047006850B150F8C2
:10BDC000043C5B685B689B788B42A0F1040001D067
:10BDD0004068F3E7704730B5006888B150F8043C1C
:10BDE0005B681A6A1D7F04380023043ADCB2A5425E
:10BDF00001D84068F1E7013312F833408C42F5D1A5
:10BE000030BD7FB50BAB059303930A9B02930023D0
:10BE1000CDE9003301221846F2F7B8F807B05DF813
:10BE200004FB08B5F3F704FB28B1406810F1100FCC
:10BE300014BF0020012008BD4B1CDBB2817081764D
:10BE400080F82530C37600F8061C704750E90231AF
:10BE5000D0F89C0018470369002283F84A207047F5
:10BE6000036993F84A0050B193F8480038B1D3F809
:10BE700090209388918910695B1A9BB2C01A704711
:10BE80000369002283F84B207047036993F8490047
:10BE900008B193F84B00704708B50246FFF7F5FF6D
:10BEA00028B91046FFF7DCFF003818BF012008BD95
:10BEB0000369C3E9001270470229036908D0042905
:10BEC0000BD001290ED1D3F89430136000207047B5
:10BED00093F89B30C3F34003F7E793F89B3003F0EC
:10BEE0000103F2E76FF08500704708B54029036948
:10BEF0003DD011D810292ED006D801291AD00829F2
:10BF00001CD06FF0120008BD2029FAD193F89C10C4
:10BF100052BB01F0FB0116E0B1F5807F33D0B1F5E3
:10BF2000007F39D08029ECD193F89C1042BB01F0FE
:10BF3000EF0108E0C3F894200020E4E793F89C1098
:10BF400032B901F0FE0183F89C10F3F731FDF3E7FD
:10BF500041F00101F7E793F89C1012B901F0FD01DF
:10BF6000F1E741F00201EEE741F00401EBE793F85D
:10BF70009C1012B901F0F701E5E741F00801E2E792
:10BF800041F01001DFE793F89C1012B901F0DF01D6
:10BF9000D9E741F02001D6E793F89C1012B901F0DF
:10BFA000BF01D0E741F04001CDE770B50469054617
:10BFB000D4F88C00F1F716FE94F8A0300646B3B121
:10BFC000D4F88C209388918912695B1A9BB2D31A9A
:10BFD0003F2B0CD994F89E3033B16B681B6A224614
:10BFE000187B0021F3F784FD002384F8A03030464D
:10BFF00070BD08B50122FFF7D8FF013818BF4FF018
:10C00000FF3008BD0269D2F8901088898B880969D1
:10C010001B1A9BB2994204BF002382F84830D2F821
:10C020008C30D9885B89994204BF002382F849305B
:10C030000120704701F018BC01F0EFBB7FB50BABDE
:10C04000059303930A9B02930023CDE90033012259
:10C050001846F1F79BFF07B05DF804FB0146006846
:10C06000F3F710BE08B5F3F76FFEBDE80840F4F72C
:10C0700033BB7FB50BAB059303930A9B029300235D
:10C08000CDE9003301221846F1F780FF07B05DF8D3
:10C0900004FB00210120F3F7F5BD6FF08500704728
:10C0A00061B662B680F31188BFF36F8F704772B6C6
:10C0B000002383F31188BFF36F8FBFF34F8F30BF1F
:10C0C00062B6BFF36F8F704772B6002383F3118897
:10C0D000BFF36F8FBFF34F8F20BF80F31188BFF383
:10C0E0006F8F62B67047202809D9B0F1004F08D889
:10C0F0000138B0FA80F0C0F11F00400070470820FE
:10C1000070473E2070477FB50BAB059303930A9BA6
:10C1100002930023CDE9003301221846F1F736FFE0
:10C1200007B05DF804FB08B5D1E904319847002059
:10C1300008BD08B5F4F786FD002008BD7047416AC8
:10C140008968F4F7FBBD10B503681C880221F4F779
:10C1500013FF60BA80B210BD03898B420AD94368CD
:10C1600003EBC10053F831302BB94368002B08BFF3
:10C17000002070470020704737B5054608460C463A
:10C18000F4F7C4FD2846082340F8044B2382E268F4
:10C19000618A63690839D31A0024CB1A00940832E3
:10C1A000022101F0A4F903B030BD2DE9F04F85B0B4
:10C1B00005460E4690461F4601F01FF820B96FF065
:10C1C0004C0005B0BDE8F08F00234FF014093B6030
:10C1D00009FB086934464FF0010A02A9284601F01C
:10C1E00000F860B1DDE902324FF0000B0093C34567
:10C1F0000CD10021284601F040F80028EDD1284656
:10C2000001F024F80028DAD00020DAE7A14598BF31
:10C21000344661688A4214D121680098019201F085
:10C220002BFB019A68B9237C7BB9D4E902312846FB
:10C23000984768B184F810A03B68013314343B6020
:10C24000CBE714340BF1010BD1E76FF06F00B8E7C7
:10C250006FF02200B5E7042804D8022808D809D1D5
:10C26000032070470638012894BF0520012070473D
:10C27000052070470120704708B50020F0F7C4FF83
:10C2800070B5BCB0044600F1100517AE00220023C3
:10C290002846FBF719FC014608B93CB070BD03AB5A
:10C2A0006846CDE900460293F4F710FFEEE7F4F795
:10C2B00021BE70B505460E46F5F7CAF8044618B11A
:10C2C000F36A1BB129469847204670BDEA7A05F10A
:10C2D0001801183001F0A1FAF6E710B5044640B194
:10C2E0000B6B0BB1183098472046BDE81040F4F7AF
:10C2F00001BE10BD4FF48070704738B50446018A06
:10C30000C068F7F7A9FD05462046FFF7D0FF28468D
:10C3100038BD10B50446006818B1FFF7C8FF002308
:10C32000236010BDF0B5036885B004460E4615467F
:10C3300023B1012D0BD8002005B0F0BDF5F788F82A
:10C340002060F4F7E3FC2368002BF2D1F3E7378891
:10C3500041F204439F423FD040F606139F42EAD188
:10C360002068F4F7D3FC2368D3F80CE0188AB3F8FC
:10C3700012C05969ACEB000CAEEB0101023D009517
:10C38000B31C03AAACEB01017044F0F7D3FF38BB38
:10C390002268039B118A0B44138240F606139F42C6
:10C3A00007D12068038A012B1AD90C30FFF7CBFE86
:10C3B000A0802368A1881A8A8A42BCD310D8D96881
:10C3C000002000F011F8034650B921680A8A023AA9
:10C3D0000A8220682360AFE723681B8A002BC2D142
:10C3E0002046FFF796FFA6E70A448A4200D170472D
:10C3F00011F8013B40BA80B25840C0F303134340E8
:10C40000180380B24340580100F4FF505840ECE755
:10C4100010B50369C0E905330023C360837F044678
:10C4200013B1407AF7F72AF80123237700236377C3
:10C43000E377A37710BD7FB50BAB059303930A9BFE
:10C4400002930023CDE900331846F1F79FFD07B0B2
:10C450005DF804FBFBF7C2B8FBF788B938B50146B5
:10C46000F5F744F9054660B1037A6BB1084600243C
:10C47000F7F7AAF82846AC77FFF7CAFF2C722046D8
:10C4800038BD6FF01500FBE76FF07700F8E770B587
:10C4900004460E461546F5F7DDFF30B906B925B15D
:10C4A0002046BDE87040F6F733B870BD10B50C46B5
:10C4B000F6F7E8F8EFF31183202282F31288BFF336
:10C4C0006F8F02692260027B2AB9807D83F3118815
:10C4D000BFF36F8F10BD0420F8E7F8B5069F04691D
:10C4E0000546C9B2EFF3118C202080F31288BFF308
:10C4F0006F8F0C2606FB0146B06C00F0070EBEF1F4
:10C50000010F10D1B76400268CF31188BFF36F8F31
:10C510003EB90C2041430C44C4E910236B685B58BE
:10C5200098473046F8BD00F0C00087420CBF6FF05E
:10C5300077064FF0FF36E7E713B580240094FFF746
:10C54000CCFF02B010BD0069CBB200EB431000215C
:10C5500010471046FBF742BB08B5F7F797FBBDE85D
:10C560000840F9F721B8F8F7D3BF8022F7F7F2B8FF
:10C57000F7F7B4BA7FB50BAB059303930A9B02930D
:10C580000023CDE9003302221846F1F7FFFC07B083
:10C590005DF804FB43685B68D3F810350B6000203E
:10C5A000704743685B6802EA010021EA0201C3F8B0
:10C5B0000805C3F80C150020704743685B6800202D
:10C5C000C3F80815704743685B680020C3F80C1572
:10C5D000704743685B68D3F8042521EA02001140E4
:10C5E000C3F80805C3F80C1500207047F9F740BCE4
:10C5F00013B54FF080520829136E526E28BF0821E0
:10C6000012BA00921BBA0C460A466946019301F021
:10C6100004F9204602B010BD30B543681360057AB6
:10C62000446804EBC504A34202D36FF0010030BD9F
:10C630005C798C4203F10803F0D10020F7E7002277
:10C6400001210420F3F79CBF10B50B6813B91360E8
:10C65000184605E003685C681CB11460036818683C
:10C6600010BD083303600B68013B0B60EDE77FB53D
:10C670000BAB059303930A9B02930023CDE9003390
:10C6800001221846F1F782FC07B05DF804FB08B5FB
:10C690000069C36D8B4204D15C30F7F7CBFF0020FB
:10C6A00008BD4FF0FF30FBE738B504460569F8F7E1
:10C6B000CFFAC0B90122014605F1B40000F0ADFF88
:10C6C00005F15C00F7F7B6FF0321204600F005F9FD
:10C6D000002802DA10F1860F05D10121204600F072
:10C6E000FCF800EAE07038BDF7B50669D6F8A82076
:10C6F000D6F8B05007469AB9C5B12C46D6F8A41062
:10C7000031B33ABB1146D6F8AC302BB3002D04BF81
:10C710002C4623460094384600F0CEF803B0F0BD16
:10C72000A5B195422C4628BF1446E7E7F16D8B88EA
:10C73000DB0401D400F0ACF80023C6F88C3006F11D
:10C740007C0003B0BDE8F040FBF748BA1446D5E7DB
:10C750000A46D8E72246D6E71C46DBE70069B43034
:10C76000FBF73CBA7FB50BAB059303930A9B02938F
:10C770000023CDE9003301221846F1F707FC07B08A
:10C780005DF804FBF0B504694768D4E915128B1A0B
:10C7900085B0064604D1BB6805B0BDE8F040184737
:10C7A000BD8BE16C9D4228BF1D4621B101F0604365
:10C7B000B3F1005F06D1236D3BB103F06043B3F1E9
:10C7C000005F02D0082D28BF08250023A36451B1C3
:10C7D000114401F06043B3F1005F04D038692A4688
:10C7E00001F01BF83969236D43B1A26D134403F0C6
:10C7F0006042B2F1005F1CBF7B69A364002914BFD3
:10C800002A460022002BCDE90123009108BF002514
:10C810006946002220460395F9F78AFF014618B1C0
:10C82000736830469B68984705B0F0BD70B50C69D9
:10C830000E46A16C054639B1A36D206D2A691844D6
:10C8400000F0EBFF0023A3642969AA68A36D91425D
:10C850002CBF5B189B18A3653046BDE87040FFF7FE
:10C8600091BF084710B503691B680722C3F800256C
:10C870000B7D0C465BB1097BA0680122F8F786F8B6
:10C88000237D23B12069BDE8104000F03ABE10BD01
:10C8900038B503691D680B7D0C464BB1086900F083
:10C8A00030FE237D23B1217BA0680022F8F76EF8CB
:10C8B0000023C5F8003538BD10B40469C4E913136A
:10C8C000019B93422CBF636562650023A36510BC86
:10C8D000FFF758BF0069F9F7EFBF012913B515D06D
:10C8E00008D9023901298CBF6FF015006FF085005F
:10C8F00002B010BD046994F828302BB12046F9F736
:10C90000BDFE002384F828300020F1E743685C680E
:10C9100001AA00212046FFF77FFE0028E8DB019BEB
:10C92000226819791868F7F717FDE1E708B5F8F7F5
:10C930002DFA08BD4FF0FF30704708B5006990F838
:10C940003430994207D290F835303BB1C9B2FAF78A
:10C95000F7F8002008BD6FF01500FBE76FF00A0044
:10C96000F8E71FB5046900230193CA070393236BFB
:10C9700002935CBF012301938B0758BF019B01A960
:10C9800058BF43F00803204658BF0193FAF75CF8FC
:10C99000002806DB2046FAF779F8012384F83530C1
:10C9A000002004B010BD03460020184700F0A9BDC8
:10C9B00010B502461168B1B1BFF35B8FB1FA81F3D4
:10C9C000C3F11F000123834021EA030352E8004F13
:10C9D0008C4204D142E8003CBCF1000FF6D1BFF319
:10C9E0005B8FE7D110BD6FF00B00FBE710B503685C
:10C9F000CB40DB0714D401238B400268BFF35B8F6D
:10CA000043EA020150E8004F944204D140E8001C80
:10CA1000BCF1000FF6D1BFF35B8FEED1002010BD4B
:10CA20006FF01500FBE7F8F7DBBD08B5F8F746FD3A
:10CA3000BDE80840F8F708BE38B54FF08044012340
:10CA4000C4F8083363600023C4F80031D4F800311F
:10CA500042F21075D4F80C24D4F80C34D20306D565
:10CA6000DB0704D50120FFF7A1FF013DF2D138BD5E
:10CA700038B54FF080440223C4F808330123E36043
:10CA80000023C4F80431D4F8043142F21075D4F80C
:10CA90001834DB0304D50120FFF788FF013DF6D1F0
:10CAA00038BD43090AD0012B0BD140F2FF3300F00F
:10CAB0001F0023FA00F000F0010070474FF0FF3331
:10CAC000F5E70020704710B504460846F8F700FE69
:10CAD00004EB4004207DC0F3401010BD10B50446A7
:10CAE0000846F8F7F5FD04EB4004A08A00F01C00AE
:10CAF000003818BF012010BD10B504460846F8F7ED
:10CB0000E7FD04EB4004207DC0F3400010BD10B5EC
:10CB10000446FFF7F1FF20B12046BDE81040FFF7C3
:10CB2000D2BF10BD10B504460846F8F7D1FD04EB9E
:10CB30004004A08A400B10BD70B504460846164656
:10CB4000F8F7C6FD08300D4634F81030DA0509D57F
:10CB5000C3F3432304EBC302314654F83330526825
:10CB600028469847A3682BB1E26831462846BDE8BD
:10CB70007040184770BD2DE9F341019001A8DDE92F
:10CB800008580C4617461E46F8F7E6FD019B391E6D
:10CB900018BF012100EB8300231E18BF0123002EC4
:10CBA00043EA41030CBF00210C21002D43EA01039D
:10CBB0000CBF00214FF4E061B8F1000F43EA01031C
:10CBC000D0F800270CBF00214FF440310B4322EA7C
:10CBD000030304B124780FB13F787F001C430EB1EA
:10CBE0003678B6003C438DB1297809023443B8F158
:10CBF000000F03D098F800804FEA0848214341EA2B
:10CC00000801C0F8001702B0BDE8F0812946EDE741
:10CC10001FB50DF10F03019300238DF80F10009342
:10CC20001A461946FFF7A7FF05B05DF804FB2DE98A
:10CC3000F047002504468846D7B22E464FF001093A
:10CC4000AA46AF420CD1D4F87C3133B10023C4F8EA
:10CC50007C31D4F87C3146F000463046BDE8F087A0
:10CC60002846F8F7ADFDA0F580739B0809FA03F399
:10CC700018EA030F05D022581AB144F800A0225830
:10CC80001E430135EDB2DCE738B504460D46FFF72B
:10CC90001AFFA8B12046FFF72FFF88B92046FFF7FB
:10CCA00041FF226801238340C2F80833236803EB65
:10CCB0008000D0F8103523F00303C0F8103538BDDC
:10CCC00028460021BDE83840FFF7A2BF00F18043AD
:10CCD0001A68002A1FBF00221A601B68012008BFC3
:10CCE000002070474FF080434FF46072C3F8042374
:10CCF00070474FF080434FF46072C3F808237047C9
:10CD000008B5F9F707FABDE80840FFF78EBE30B561
:10CD10000546900840380124844014EA010009D0F7
:10CD2000A85838B10021A950AA5813B11A68224353
:10CD30001A60012030BD2DE9F341002304460D4661
:10CD40000193904601AB4FF4A672FFF7E0FF4FF45A
:10CD5000827229462046FFF7DAFF4FF48C720746AD
:10CD600029462046FFF7D3FF064630B1B8F1000F41
:10CD70001DD017B1D4F83C353E4601AB4FF4887254
:10CD800029462046FFF7C3FF30B1B8F1000F03D0AA
:10CD900016B90FB1D4F83C3501AB4FF49072294667
:10CDA0002046FFF7B4FF019802B0BDE8F081464687
:10CDB000E3E770B54B7F04460D467BB10123436129
:10CDC0006426002202212046FFF7B5FF20B901208A
:10CDD000FFF7ECFD013EF4D100236B770023C4F88C
:10CDE000003570BD07B5019001A8F9F731FA019A35
:10CDF00001239340C0F8083503B05DF804FB07B584
:10CE0000019001A8F9F724FA019A01239340C0F890
:10CE10000C3503B05DF804FB08B5F9F769FF002095
:10CE200008BD30B5026A0346D2E9014084424FF0A2
:10CE3000000002D30123D36030BD18745068013064
:10CE40005060186A4268541E0268242505FB0422BB
:10CE500018465C1950F8045B42F8045BA042F9D113
:10CE600099600120E8E7F0B5064604460F4694466F
:10CE70000FCE8BB001AD0FC50FCE0FC5216A336841
:10CE80004A682B6022B90223CB6000200BB0F0BDB2
:10CE9000FB072068A56813D50B682426013A06FB1A
:10CEA00002337E0703D41A7C0AB10F23ECE7224633
:10CEB00003F1240153F8046B42F8046B8B42F9D15F
:10CEC000B90741BF226A536803F1FF335360AC4591
:10CED00005D2236A002BD8D00422DA60D5E77A077E
:10CEE00048BF20603B0701D40120CFE706AB93E8A1
:10CEF0000700143484E80700F6E710B502601A440E
:10CF0000029B836001294FF00003C2600374037524
:10CF1000836101D8036210BD24224A43243A841855
:10CF200004628350026A8C1E9460026A5360026A33
:10CF3000D360026A1374026A022953741EBF036A23
:10CF400024301860E7E7182871F100030ED3B0F51C
:10CF5000807F71F100030BD3B0F5803F71F10003C6
:10CF600008D3002914BF092005207047012070470D
:10CF7000022070470320704737B508294FF000049E
:10CF80004FF00005CDE900450A460AD8014668463B
:10CF900000F043FCDDE9000103B0BDE83040FFF7DD
:10CFA000D2BF002003B030BD03460020884200D12C
:10CFB00070471A5C002AFBD00130F7E700B1C1606E
:10CFC000704743680360836801338360006AFFF73A
:10CFD000F5BF08B50268C3689A4205D3006A082104
:10CFE000FFF7ECFF002008BD0120FCE738B5044640
:10CFF0000D46FFF7EEFF40B123681B78B5EB531FDA
:10D0000004D0206A0A21FFF7D9FF002038BD10B5EF
:10D010000446FFF7DEFF38B123681A78FF2A05D0EF
:10D02000206A0A21FFF7CAFF002010BD01332360E8
:10D03000FBE710B5027D044632B1FFF7E8FF48B1C7
:10D04000002323754FF0FF3220460721BDE8104032
:10D05000FFF709BF10BD2DE9F84F1D46531E072BE2
:10D0600004460E46174602D90E21206A1EE020B95A
:10D070004FF000094846BDE8F88F0029F4D0FFF7CB
:10D08000A8FF81460028F3D0A3680BB90321ECE781
:10D09000226892F8008008F01F0BBBF11F0F14D11B
:10D0A0000DB3206A28B1037C1BB11521FFF786FF61
:10D0B000DEE701232B7000252368636001352B44D4
:10D0C0002360A368013BA360D4E7BBF1170F0CD921
:10D0D000ABF11803D9B2032905D801259D40AF4211
:10D0E00004D20521C1E70721BFE70025E36805F168
:10D0F000010A5244934201D20821B6E73A46002180
:10D10000304600F0B1FB15B986F800B0D3E72268CD
:10D11000711E531913F8010901F8010F9342F9D157
:10D12000236A002BC8D01B7C002BC5D008F1070850
:10D130005FFA88F8B8F1020FBED939463046FFF7DA
:10D140001BFF8245B8D015218FE738B50C46114634
:10D150000546FFF74BFF08B9002038BD0422002325
:10D16000A1182846FFF777FF0028F5D02B68236029
:10D17000F3E737B5002304468DF80330FFF736FF99
:10D18000A8B104220DF103030DEB02012046FFF7C5
:10D1900062FF60B19DF8035065B901992046FFF721
:10D1A00040FE50B963682360A3680133A360002088
:10D1B00003B030BD6FF00F01F0E72575F8E738B523
:10D1C00004460D46FFF7C1FF48B12268E3689B1A89
:10D1D0006A689A4204D908212046FFF7F2FE00202F
:10D1E00038BD38B5032204460D46FFF7E8FF18B1F5
:10D1F00023686A681344236038BD10B505210446CE
:10D20000FFF7B7FF50B1237D4BB9A3686FF0004221
:10D21000934205D305212046FFF7D3FE002010BD21
:10D220005B00A360FBE7037D23B98068B0FA80F060
:10D23000400970470368C268934205D21878A0F18C
:10D24000FF0358425841704700207047FFF7F1BE76
:10D2500038B50D4606210446FFF7C8FE08B9002080
:10D2600038BD0023042229462046FFF7F4FE00289B
:10D27000F5D0A3680133A360F2E7F0B504468FB0A0
:10D280000E4621B10E21206AFFF798FE02E0FFF75B
:10D29000A0FE18B9002630460FB0F0BD23681D78F7
:10D2A00000220023CDE902236D09224605AB04F1DB
:10D2B000200C106851681F4603C7083262453B4680
:10D2C000F7D110683860062D1CD000238DF804308B
:10D2D0002B1F012B98BF01AE082233460DEB020134
:10D2E00005A8FFF7B8FE06460028D3D0042D36D097
:10D2F00017D8023D012D1FD9059B2360A368013B70
:10D30000A360C8E701A905A8FFF7A2FF0028C1D0C4
:10D31000059B089A934201D30821B4E71D786D0953
:10D32000D1E7052DE8D1DDE90232B3F1004F72F10A
:10D33000000110D32946A6E7E3682168029A5B1A28
:10D340009A4203D8059B13440593D5E7082120464C
:10D35000FFF737FE9EE7DB185241CDE902329DF818
:10D36000045025B16FF00F020023CDE90223029B88
:10D3700007938DF8285005A8FFF755FF014638B1EF
:10D38000002DB9D005A8FFF742FE0028B4D181E7EF
:10D3900005A8FFF772FF0028EDD17BE7FFF7ADBDD1
:10D3A00000B1C160704710B50368C468A34205D3DB
:10D3B0000821006AFFF7F4FF002010BD1F2A01D9E1
:10D3C0000E21F6E742EA41121A7003680133036046
:10D3D0000120F2E770B505460E4610461946144680
:10D3E000FFF7CAFD2246431E31462846BDE870407D
:10D3F000F9F794BCF8B51746C36802689A42044628
:10D400000D4606D3206A0821FFF7CAFF00263046E2
:10D41000F8BD9B1A4A689A42F4D80E4656F8043B67
:10D4200053B104213046FFF7A7FD6A68236813440F
:10D43000E26803449A42E5D3324604233946204643
:10D44000FFF7C8FF06460028E0D020682968884218
:10D4500002D06A6800F0EFF923686A681344236019
:10D46000D5E7082A73B513460C4606D90521006A8C
:10D47000FFF796FF002002B070BD8E1816F9012C40
:10D48000002A0EDA0A466C466946B24203D10121EF
:10D490004BB90E21EBE712F8015BED4301F8015B9C
:10D4A000F3E70021F4E72246FFF794FFE3E707B52F
:10D4B000042201910DEB0201FFF7D3FF03B05DF8E9
:10D4C00004FB0322FFF796BF07B5CDE900126946BA
:10D4D000FFF7F7FF03B05DF804FB1F220521FFF7FC
:10D4E00062BF1F220721FFF75EBFFFF7FABF1FB51C
:10D4F0000024CDE90144069C0094FFF7FEFC04B033
:10D5000010BD08B1F3F75EBD704740B1C3685878ED
:10D5100010F001001EBF1878B0FA80F04009704783
:10D520007FB50BAB059303930A9B02930023CDE9D0
:10D53000003301221846F0F729FD07B05DF804FB1F
:10D54000EFF31183202383F31288BFF36F8FFEE77D
:10D5500010B400F10C04C0E903440024446110BC81
:10D56000EFF79CBB10B582696AB1C36842EA030158
:10D57000890708D14169A2FB011424B95B182CBFAB
:10D580000121002102D36FF0150005E001619B1A13
:10D5900042698A4201D8002010BD02691A6082697E
:10D5A000036101319B1AF3E790F90E308B4201D0F1
:10D5B000FBF72ABC0020704703460020C3E90200A5
:10D5C000C3E90033704710B5044630B102689307D1
:10D5D00003D0446809B100F018F9204610BD0023BB
:10D5E000C0E90033836000F10C03C0E903337047E6
:10D5F00007B50123009300230A461946FAF7A6F956
:10D6000003B05DF804FB07B500230A4600931946F2
:10D61000FAF79CF903B05DF804FB3AB18A4205D3EE
:10D62000C0E90212C0E90000002070476FF0150049
:10D630007047026801238B4022EA0303036022FA49
:10D6400001F000F00100704720B1002211468C303B
:10D65000FCF7F6B8704710B5FAF728FE041E08DD8F
:10D66000EFF31180202383F31288BFF36F8FFBF752
:10D67000A5FC204610BDEFF30580003818BF01203F
:10D6800070476FF05700704700207047D0E90032B4
:10D6900013605A600023C0E90033704738B5044670
:10D6A0000D46FBF7DFF8237C43F002032374D5B16A
:10D6B000A5602B689D4209D16B68C4E900531C60CA
:10D6C0006C6010E06A689A42F6D01B68002BF3D0B9
:10D6D00093F90E1094F90E209142F3DD5A68C4E9D3
:10D6E000003214605C6038BD10B5037C13F0280F65
:10D6F00004460CD183680BB1FBF78AF9237C23F035
:10D70000040323742046BDE81040FBF743B810BD66
:10D71000FBF738B938B504680546AC424FF0000055
:10D7200000D138BD002CFCD02046FBF771F904F184
:10D730001800FCF7FFFA2046FBF72CF82C680120B4
:10D74000A542EDE708B50246FCF7EAF970B1D0E969
:10D7500004319B1A61EBE272B3F1004F72F10001E8
:10D7600004DA002AACBF1846002008BD6FF0004064
:10D77000FBE708B5FCF70EFC08BDFCF70BBCB3F1EA
:10D78000FF3F08BFB2F1FF3F70B506461D46144685
:10D7900014D01A4316D0002B08DBFCF7FBFB04194E
:10D7A00041EB0501C6E90041304670BD6FF0010351
:10D7B0001C1B4FF0FF3363EB0501F3E74FF0FF3421
:10D7C0002146EFE70024FBE7B3F1FF3F08BFB2F1CA
:10D7D000FF3FF8B5074616461C4610D054EA020330
:10D7E00011D0FCF7D7FBB0420A46A14103460AD24A
:10D7F000F31A64EB0204C7E900343846F8BD4FF071
:10D80000FF331C46F7E70023FBE720B1011F50F868
:10D81000040CF9F7F9BC704770470A44914200F1D3
:10D82000FF3300D1704710B511F8014B03F8014FD9
:10D830009142F9D110BD884210B501EB020402D922
:10D840008442234607D8431EA14207D011F8012B7A
:10D8500003F8012FF8E70244824200D110BD13F80B
:10D86000011D02F8011DF7E702440346934200D16F
:10D87000704703F8011BF9E710B5013902449042E3
:10D8800001D1002005E0037811F8014FA34201D037
:10D89000181B10BD0130F2E7C9B20346184613F851
:10D8A000012B12B18A42F9D17047002918BF00201C
:10D8B000704710B56AB10139841810F8012B11F8BE
:10D8C000013F9A4203D1A04201D0002AF5D1D01ADB
:10D8D00010BD1046FCE7F0B5C3F137070446FFB2B0
:10D8E00003F01F031046082BE6B233D0102B3ED0B6
:10D8F0006508A40844EA817445EAC1752D194FEA08
:10D90000910242EB5102290941EA02716D1842EB82
:10D910001212290A41EA02616D1842EB1222290C07
:10D9200041EA02416D1842EB1242AD1842F1000289
:10D93000EC0844EA4274D10804EB8402A6EB4205E9
:10D94000EDB2092D0CD90134A5F10A0541F1000110
:10D95000EDB212E0E40844EA417406F00705C90894
:10D96000303554EA010200F8015BBCD1F0BD240956
:10D9700044EA017406F00F050909092D84BFED1969
:10D98000EDB2EDE710B50C4600F033F80028A2BF69
:10D9900023680133236010BD70B506460D46294645
:10D9A0003046FFF7EFFF041E0BDB202CF7D0A4F16D
:10D9B0000903042BF3D92B68013B2B60314600F09F
:10D9C0004DF8204670BDBDF8001068B111F0100F81
:10D9D00001D00270704711F0080F02D0C0E9002397
:10D9E00070474B0701D5026070478B06FBD502805C
:10D9F000704710B58378DA07044605D443F0040372
:10DA0000A3704FF0FF3010BD4FF00002D4E85F3F2D
:10DA1000C4E8512F0029F9D19BB213B1581EC0B2EE
:10DA2000F1E7A36898470028F9DA0130A37814BF1A
:10DA3000082204221343E3E702690346107810B179
:10DA400001321A6170476FF001007047D1E904326A
:10DA500093421EBF5A1C0A61187070478B78DA0710
:10DA600002D44FF0FF307047431CFAD0BFF35B8FF6
:10DA7000C0B2431CD1E85F2F002A04D1C1E85C3F4B
:10DA8000BCF1000FF6D1BFF35B8FEAD18B7823F0A6
:10DA900008038B7070470000ECA9FE7F01000000B6
:10DAA000B50F0200000000000000000058DB02007B
:10DAB00019CE020000000000B97102000000000051
:10DAC000B1720200000000000000000074DB0200E0
:10DAD0000000000090DB020000000000E4DB020018
:10DAE00000000000C8DB020000000000ACDB020008
:10DAF000A93C020000000000F54F020000000000F9
:10DB0000B7BB0200000000006D0C02000000000026
:10DB1000E9FB010000000000B1A4020000000000C9
:10DB20000000000000DC0200A91702000000000055
:10DB3000000000001CDC020019FC010000000000D5
:10DB40000D1002000000000021140200000000007F
:10DB5000C5140200000000000B330300A4E3020020
:10DB600010DE0200C0150020B42A0020F9370200A0
:10DB700000000000C7340300BCE30200B8DD02006F
:10DB8000C2150020382B0020C54202000000000012
:10DB9000D5340300D0E30200B8DD0200C415002034
:10DBA000442B0020C5420200000000004B2103006E
:10DBB000E01700202CDE0200BC150020C011002060
:10DBC00069F901000000000062210300BC17002079
:10DBD0002CDE0200BE1500207012002069F9010041
:10DBE00000000000AB3703000000000000DE020070
:10DBF000CA1500206C1500207551020000000000BD
:10DC000008360300E4E30200F8DD0200C815002036
:10DC1000A8140020A9C60200000000002B35030054
:10DC200000000000DCDD0200C6150020502B0020A3
:10DC3000654502000000000001CD0200A7C90200F6
:10DC40000000000093C002000000000093C002002A
:10DC50000000000093C00200A81400200D6902001B
:10DC60000000000093C00200F4130020EDC5020084
:10DC70000000000093C002000000000093C00200FA
:10DC80000000000093C002000000000093C00200EA
:10DC90000000000093C002001CDC02009D44020052
:10DCA0000000000093C002000000000093C00200CA
:10DCB0000000000093C002006C150020956B02006C
:10DCC00000000000D14D02000000000093C00200DF
:10DCD0000000000093C002000000000093C002009A
:10DCE0000000000093C002000000000093C002008A
:10DCF0000000000093C002000000000093C002007A
:10DD00000000000093C002000000000093C0020069
:10DD10000000000093C002000000000093C0020059
:10DD20000000000093C002000000000093C0020049
:10DD30000000000093C002000000000093C0020039
:10DD40000000000093C002000000000093C0020029
:10DD50000000000093C002000000000093C0020019
:10DD60000000000093C002000000000093C0020009
:10DD7000F52B0200A7C902000000000093C00200BA
:10DD80000000000093C002000000000093C00200E9
:10DD90000000000093C002000000000093C00200D9
:10DDA0000000000093C002000000000093C00200C9
:10DDB0000000000093C00200BD40020095C50200B3
:10DDC000A3C50200BBC50200C7C50200D3C502003F
:10DDD000AD3F0200B13E0200000000000000000064
:10DDE0000000000000000000B54402007144020081
:10DDF0000000000000000000A54702008FC60200DE
:10DE000063C9020035C90200055102003BC9020086
:10DE1000553802006BC5020039C502000000000041
:10DE20001D3702000000000000000000F3BF0200E8
:10DE3000F5F901000000000021F80100ABBF02006D
:10DE400001F8010057BE020061BE0200E1F70100C7
:10DE500081BE0200000000008BBE02000000000036
:10DE60000000000099BE020005C00200B1BE020021
:10DE7000EBBE0200B9BE02002C0C03000300000040
:10DE80004C170300030000002633030003000000CA
:10DE9000940E030003000000E61A030003000000D4
:10DEA000EA1A030003000000891C030003000000BD
:10DEB000BF0B030003000000EB2A03000300000077
:10DEC000A22B030003000000A527030003000000AD
:10DED000282A0300030000007B2A0300030000003F
:10DEE0009A320300030000009212030003000000B6
:10DEF000C4160300030000008A2A03000300000088
:10DF00009D37030003000000E61703000300000034
:10DF10003935030003000000BC3303000300000098
:10DF2000B420030003000000AC1E03000300000047
:10DF3000022F0300030000003E2103000300000045
:10DF4000BD37030003000000ACE20200941D002076
:10DF5000101C030001000000F0E202005C1300202E
:10DF6000781C03000100000099130200FFFFFFFF6F
:10DF70000D00000000000000000000000000000094
:10DF800000000000000000000000000060EA000047
:10DF9000000000000200000000C2010000000800B4
:10DFA0000338FDD87047000000DC020000093D0086
:10DFB0000001000090DB02000B00010000000000E7
:10DFC000010000000000000050C30000A086010016
:10DFD00090D0030020A1070040420F0080841E0063
:10DFE000020000000100000001000000010000002C
:10DFF0000100000001000000020000000400000019
:10E000007C000000F2000000DC010000B103000011
:10E010005A070000AD0E0000531D0000A03A00009A
:10E020003875000068EA0000C9D401001B00000038
:10E030003400000066000000CA00000092010000E9
:10E040002203000042060000820C000002190000BA
:10E0500002320000026400001F0000003C000000CB
:10E0600077000000EC000000D7010000AB030000C7
:10E0700055070000A80E00004E1D00009A3A00004F
:10E08000327500006A000000CE000000960100001A
:10E090002603000046060000860C0000061900005A
:10E0A000063200000664000006C800000690010069
:10E0B0007C000000F1000000DC010000B103000062
:10E0C0005A070000AD0E0000531D00009F3A0000EB
:10E0D0003775000068EA0000C9D40100FE12030091
:10E0E000000000000500000000000000CE0E03004C
:10E0F000000000000700000000000000EF12030015
:10E10000000000000B000000000000007812030077
:10E11000000000000A00000000000000D20E030012
:10E12000000000000A000000000000007F12030051
:10E130000000000001000000000000008512030044
:10E14000000000000300000000000000891203002E
:10E150000000000001000000010000008E1203001A
:10E160000000000001000000010000009112030007
:10E17000000000000100000001000000B51E0300C7
:10E18000E0FCFFFF200300000100000095120300E7
:10E1900064000000D00700000100000059FF0200E9
:10E1A00000000000020000000100000099120300BE
:10E1B0000000000001000000000000009F120300AA
:10E1C000000000003200000000000000000000001D
:10E1D000A612030001000000AB12030002000000C1
:10E1E000B412030003000000B91203000400000091
:10E1F000C512030005000000CD1203000600000058
:10E20000DB12030007000000E11203000800000019
:10E21000E512030009000000F41203000A000000E8
:10E22000021303000B0000000F1303000C0000009A
:10E23000131303000D0000001B130300A6120300BC
:10E2400040140300471403004F1403005614030046
:10E250007F020300601403006914030072140300BA
:10E26000821403008B140300931403009D14030015
:10E27000A51403009FBC0200000000000000000085
:10E280000000000000000000F01B0300F81B03006A
:10E29000000000000000000000000000001C03005F
:10E2A000041C0300081C03000C1C0300CDE3010048
:10E2B00000000000F1E30100B5E3010000000000F0
:10E2C000C1E301000000000025E401009C1D0020C6
:10E2D000102F002001000000E0E20200AC1D002031
:10E2E00095E40100C41D0020112F00200100000052
:10E2F00049BD02000000000017BD0200B9E40100A2
:10E30000000000000BBD020000000000C011002052
:10E310000000000000000B060200000020E30200E5
:10E3200000000000A12903002400020600000020D4
:10E33000A929030020000B11E90C020000000000D5
:10E340003DC10200BD130200BD1302000000000029
:10E3500000000000000000000000000000000000BD
:10E3600000000000000000000000000000000000AD
:10E37000A513020038E3020084E3020080010000DC
:10E3800000000000805E0020972B030000000000CA
:10E390000000000071190200E1360200D1370200CE
:10E3A000000000005D390200853802001A330300C6
:10E3B00067C5020059C5020020330300FF030000B7
:10E3C00000030050F41300200000000001000000D2
:10E3D000FFFFFFFF00000050F413002000000000CA
:10E3E000000000003FC6020008E40200AD46020043
:10E3F00028E40200352F00202D2F002000127A0083
:10E40000FFFFFF01000000000040004014E4020094
:10E41000010000001CE402000300000005000004ED
:10E42000290000050400000690DB02000B0001003B
:10E4300008000000030000003B3E0300493E0300CB
:10E440005D3E03006C3E0300783E0300A0DA02004C
:10E45000A0DA0200F8DA020000DB020038DB02007A
:10E4600058DB02007A480300000100008813000016
:10E4700000060008000C0010E9FE7BFFAEFE70FFF6
:10E48000C8FEF0FEA9FE4EFF8AFEE9FE96FEADFE36
:10E490004FFEC8FE5DFEA8FE13FE8AFE22FE96FE1B
:10E4A000D7FD4FFEE5FD5DFE9CFD13FEA9FD22FE9E
:10E4B0005FFDD7FD6DFDE5FD23FD9CFD31FDA9FD53
:10E4C000E7FC5FFDF5FC6DFDABFC23FDB8FC31FD09
:10E4D000BAFE7BFF2EFD6BFFB1FEBCFEF1FC4DFFD3
:10E4E00089FEB9FEB5FCB5FCFBFDB0FE79FC79FCFC
:10E4F000F4FD89FE3DFC3DFCD6FDFBFD00FC00FC6F
:10E5000024FCF4FDC4FBC4FB31FCD6FD88FB88FB76
:10E5100037FC37FC4CFB4CFB3AFC3AFC10FB10FB85
:10E520003AFC3BFCD3FAD3FA4346475F4641554C8D
:10E53000542065703D25752063617573653D73706A
:10E54000695F777269746520616464723D30782513
:10E55000303278207461673D25730A004346475F77
:10E560004641554C542065703D2575206361757397
:10E57000653D7370695F7265616420616464723DBA
:10E58000307825303278207461673D25730A004366
:10E59000454C4C5F56206D733D256C6C642069645E
:10E5A0006C653D25642077655F6D763D256420723E
:10E5B000655F6D763D25642063655F6D763D2564FE
:10E5C00020776F5F6D763D256420655F6D763D2514
:10E5D000642077655F636F64653D25752072655FB4
:10E5E000636F64653D25752063655F636F64653D9A
:10E5F000257520776F5F636F64653D2575206570B5
:10E600003D2575206F63703D25642064726F7070C6
:10E6100065643D257520766761696E3D25752076B8
:10E6200064645F6D763D2564207664645F636F6427
:10E63000653D25640A004346475F4641554C5420DA
:10E6400065703D25752063617573653D2573206197
:10E650006464723D30782530327820657870656367
:10E660007465643D3078253032782061637475615B
:10E670006C3D3078253032782072633D25642072FD
:10E6800065713D25730A004346475F4641554C542A
:10E690002065703D25752063617573653D25732088
:10E6A000616464723D307825303278206578706519
:10E6B000637465643D307825303278206163747509
:10E6C000616C3D3078253032782072633D25640AD4
:10E6D000007665726966795F72656164007665725D
:10E6E0006966795F6D69736D61746368005644444F
:10E6F0005F4D49534D41544348206D6561737572B8
:10E7000065645F6D763D256420617373756D656426
:10E710005F6D763D25642077655F6D61785F6D760E
:10E720003D256420636F64653D2575207077725FB9
:10E730006761696E3D25750A0025732044414320B9
:10E74000E58699E585A52FE59B9EE8AFBBE5A4B1DD
:10E75000E8B4A50025732044414320E59B9EE8AF23
:10E76000BBE4B88DE4B880E887B43AE69C9FE69CA9
:10E770009B20636F64653D30782530337820627963
:10E780007465733D253032782F253032782CE5AE14
:10E790009EE999852062797465733D253032782F22
:10E7A00025303278004155544F20E887AAE4B8BBA1
:10E7B000E8BDACE68DA2E5B7B2E590AFE58AA8006A
:10E7C0004146455F5354415455532065703D25756E
:10E7D000206D733D256C6C642073746174757331A6
:10E7E0003D726561645F6661696C207768793D257B
:10E7F000730A0049545F5441494E544544206570A2
:10E800003D257520726561736F6E3D62726F776E24
:10E810006F75740A00F09F94B4205057525F5244B1
:10E820005920E7BDAEE4BD8D20E28094E2809420C3
:10E8300056444420E69BBEE8B78CE7A0B420312EB6
:10E840003535562055564C4F20E68E89E58E8B285F
:10E85000E4B88DE698AFE3808CE794B5E6BA90E62D
:10E860009CAAE5B0B1E7BBAAE3808D2CE5908DE5CD
:10E87000AD97E4B88EE8AFADE4B989E79BB8E58F12
:10E880008D2CE8A78120726567732E6829E380824A
:10E89000E69FA52043523230333220E58685E99841
:10E8A000BB2FE68EA5E8A7A6E4B88EE58EBBE88070
:10E8B000A6004146455F5354415455532065703D71
:10E8C0002575206D733D256C6C64207374617475BF
:10E8D00073313D30782530327820737469636B79F9
:10E8E0003D30782530327820696E76616C69645FDE
:10E8F0006366673D2564207664645F6F6F723D25B3
:10E90000642062726F776E6F75743D256420615F5D
:10E9100066756C6C3D256420646174615F72647916
:10E920003D25642073747265616B3D2575206163BC
:10E9300071756972696E673D2564207768793D2538
:10E94000730A007665726966795F646573796E63D0
:10E95000007665726966795F756E617661696C6172
:10E96000626C65007665726966795F73746174754F
:10E9700073004346475F434F4E4649524D4544203E
:10E9800065703D257520737461747573313D307801
:10E990002530327820696E76616C69645F636667E2
:10E9A0003D2564207664645F6F6F723D256420624C
:10E9B000726F776E6F75743D256420766572696637
:10E9C000795F6F6B3D2564206E726567733D302003
:10E9D000736B69707065643D30207372633D25739D
:10E9E000207265713D25730A004346475F434F4ED1
:10E9F0004649524D45442065703D2575207374612C
:10EA0000747573313D30782530327820696E7661C7
:10EA10006C69645F6366673D2564207664645F6F3C
:10EA20006F723D25642062726F776E6F75743D253D
:10EA300064207665726966795F6F6B3D2564206E30
:10EA4000726567733D3020736B69707065643D302B
:10EA5000207372633D25730A0069646C653D4B4504
:10EA600045505F4249415345443AE8BDACE68DA26A
:10EA7000E4B88DE5819CE38081E794B5E8A7A3E63F
:10EA8000B1A0E68C81E7BBADE992B3E59CA8204537
:10EA90003D2564206D5628E8BEB9E7958CE8B7B3EC
:10EAA000E58F98E5AE9EE6B58B20E28892312E3751
:10EAB0006E413BE5BE85E69CBA20372E33C2B54198
:10EAC000290069646C653D444953434F4E4E4543AC
:10EAD000543AE585B3E694BEE5A4A7E599A8E5A474
:10EAE000B1E8B4A50069646C653D444953434F4E99
:10EAF0004E4543543A57452F434520E694BEE5A47E
:10EB0000A7E599A8E5B7B2E585B320E2879220E7AB
:10EB10009C9FE5BC80E8B7AF28E6AE8BE4BD99E4E6
:10EB2000BB85E5BC95E8849AE6BC8FE794B520C226
:10EB3000B1313070412074797029E38082E4B88E5D
:10EB40002043484936363020E9BB98E8AEA4E8A116
:10EB50008CE4B8BAE4B880E887B43AE5AE9EE9AA96
:10EB60008CE7BB93E69D9FE58DB32063656C6C20BD
:10EB70006F66662CE4B88BE8BDAEE99DA0205175A8
:10EB80006965742054696D6520E9878DE696B0E665
:10EB90009E81E58C960069646C653D53544F505FCF
:10EBA000434F4E5628E4BB85E4BD9CE5AFB9E785ED
:10EBB000A7293AE794B5E69E81E4BC9AE890BDE5C2
:10EBC00088B02070343020E79A84E59BBAE5AE9A8D
:10EBD0002035306E4120E5818FE7BDAEE9809AE8AF
:10EBE000B7AF2CE5AE9EE6B58BE4B88BE4B880E811
:10EBF000BDAEE5BC80E5A4B4E69C89202B33383556
:10EC00007E3437346E4120E8BF98E58E9FE586B2AA
:10EC1000E587BBE380817E3130307320E681A2E559
:10EC2000A48D00453D2564206D5620E7AE97E4B8DD
:10EC30008DE587BAE69E81E58C96E7A08100444188
:10EC4000434200E794B5E4BD8DE59B9EE8AFBBE988
:10EC5000809AE8BF873A45E79BAEE6A0873D2564EA
:10EC6000206D562C45E9878FE58C963D2564206DF7
:10EC7000562C444143413D3078253033782C444173
:10EC800043423D3078253033780045495320444194
:10EC900043412073746172740045495320444143D9
:10ECA0004220636F6D6D6F6E0045495320414443B0
:10ECB0002072656164793A4653523D25642075415E
:10ECC0002C636F6D6D6F6E3D2564206D562C6365F2
:10ECD0006E746572656420626964697265637469E3
:10ECE0006F6E616C207370616E004D454153004D35
:10ECF0004541535F52454A45435420726561736FE5
:10ED00006E3D25730A004D4541535F52454A4543C8
:10ED100054207265713D257320726561736F6E3D7D
:10ED2000627573790A004D4541535F52454A454328
:10ED300054207265713D257320726561736F6E3D5D
:10ED40007461726765745F6D69736D617463682067
:10ED50007461726765745F6D763D256420616665D8
:10ED60005F655F6D763D25640A004D4541535F4305
:10ED70004F4E4649524D4544004D4541535F524523
:10ED80004A454354207265713D2573207265617355
:10ED90006F6E3D61756469745F6F766572666C6FE6
:10EDA000770A0052414E47450052414E47455F5257
:10EDB000454A45435420726561736F6E3D25730A61
:10EDC00000676574007374617475735F636D6400CC
:10EDD0004346475F4E4F4F502065703D2575207369
:10EDE00072633D257320736B69707065643D257592
:10EDF0000A006170706C79004346475F4641554C8C
:10EE0000542065703D25752063617573653D6461AF
:10EE1000635F77726974650A00706F73745F636F04
:10EE20006D6D6974004346475F4641554C542065FB
:10EE3000703D25752063617573653D7374617475EC
:10EE4000735F72656164207461673D706F73745F96
:10EE5000636F6D6D69740A004346475F434F4E46CA
:10EE600049524D45442065703D2575207374617489
:10EE70007573313D30782530327820696E76616C5B
:10EE800069645F6366673D2564207664645F6F6FC5
:10EE9000723D2564207077725F7264793D2564202D
:10EEA0006E726567733D257520736B69707065645C
:10EEB0003D25750A004346475F4641554C54206541
:10EEC000703D25752063617573653D6D6F64656C7C
:10EED0005F6D69736D6174636820737461747573B9
:10EEE000313D3078253032780A0052414E47455F37
:10EEF0004150504C494544206673725F636F6465AE
:10EF00003D2564206F66667365745F73656C3D258F
:10EF100064206673725F70613D2564206F66665F72
:10EF200070613D256420626974733D2575206C73A2
:10EF3000625F6566665F66613D2564207361745F2C
:10EF40006D617267696E3D2575207265645F6D61E4
:10EF5000785F70613D2564206F785F6D61785F70C8
:10EF6000613D25640A0049545F5441494E5445446B
:10EF70002065703D257520726561736F6E3D70650B
:10EF800072747572625F647572696E675F72756EB6
:10EF90000A004346475F524F4C4C4241434B206569
:10EFA000703D2575206E726567733D25750A00708A
:10EFB0006F73745F726F6C6C6261636B0043464782
:10EFC0005F52454A4543542065703D257520726562
:10EFD00061736F6E3D617267206B65793D6164643A
:10EFE0007220613D256420623D3235350A0052456C
:10EFF000475F5045454B2065703D25752061646431
:10F00000723D3078253032782076616C3D3078253D
:10F010003032782072633D25640A004346475F52D0
:10F02000454A4543542065703D25752072656173DE
:10F030006F6E3D617267206B65793D706F6B652007
:10F04000613D256420623D25640A004346475F52C6
:10F05000454A4543542065703D25752072656173AE
:10F060006F6E3D617267206B65793D706F6B655F98
:10F070006E656564735F464F52434520613D25646C
:10F0800020623D25640A005245475F504F4B4520A2
:10F0900065703D257520616464723D30782530329D
:10F0A00078206265666F72653D3078253032782051
:10F0B00077726F74653D30782530327820726561E3
:10F0C000646261636B3D307825303278206F6B3D30
:10F0D000256420646573796E633D310A00706F7337
:10F0E000745F706F6B65004F43505F52454A4543F4
:10F0F000542065703D2575206D733D256C6C642032
:10F10000726561736F6E3D61726720613D25642099
:10F1100068696E743D25642E2E25640A004F4350A5
:10F120005F52454A4543542065703D2575206D73F7
:10F130003D256C6C6420726561736F6E3D62757302
:10F14000792068696E743D53544F505F66697273DD
:10F15000745F6F725F464F5243450A004F43505FE2
:10F1600052454A4543542065703D2575206D733DD9
:10F17000256C6C6420726561736F6E3D63656C6CA9
:10F18000765F6F66662068696E743D5345545F63B1
:10F19000656C6C763D315F66697273740A004F432B
:10F1A000505F52454A4543542065703D2575206D9A
:10F1B000733D256C6C6420726561736F6E3D69648C
:10F1C0006C655F6B6565705F62696173656420681B
:10F1D000696E743D646566696E6974696F6E5F63BC
:10F1E0006F6E666C6963745F5345545F69646C65E8
:10F1F0003D320A0049545F5441494E54454420650C
:10F20000703D257520726561736F6E3D6F63705F31
:10F21000647572696E675F72756E0A004F43505F66
:10F22000424547494E2065703D2575206D733D254B
:10F230006C6C642077696E646F775F6D733D2564D5
:10F24000207379737065725F6D733D2564207365FB
:10F2500074746C655F6D733D256420616D707330EF
:10F260003D25642073656C303D25640A004F435092
:10F270005F444F4E452065703D2575206D733D25DB
:10F280006C6C64206E3D257520656C6170736564DF
:10F290005F6D733D256C6C642066697273745F6D7D
:10F2A000763D2564206C6173745F6D763D25642026
:10F2B0006D696E5F6D763D2564206D61785F6D765A
:10F2C0003D256420736C6F70655F75765F70657245
:10F2D0005F733D256C6C6420736574746C65643D6C
:10F2E000256420636C69707065643D2564207765D2
:10F2F0005F636F64655F6D696E3D25752077655F3F
:10F30000636F64655F6D61783D25752072655F632D
:10F310006F64655F6D696E3D25752072655F636F13
:10F3200064655F6D61783D25750A004F435020E6A6
:10F3300094B6E5B0BE3AE9878DE8B5B7204155549B
:10F340004F20E5A4B1E8B4A520E28094E2809420A7
:10F35000E794B5E4BD8DE8AFBBE695B0E58FAFE8C7
:10F3600083BDE4BB8DE784B6E697A0E69588004FA1
:10F3700043505F524553544F5245442065703D25DC
:10F3800075206D733D256C6C6420616D70733D2537
:10F39000642073656C3D256420655F6D763D256452
:10F3A00020733163313D30782530327820733163FA
:10F3B000353D307825303278206F6B3D25640A006A
:10F3C000706F73745F6F6370004346475F52454AC6
:10F3D0004543542065703D2575206D733D256C6C4B
:10F3E0006420726561736F6E3D746F6F5F6C6F6EDA
:10F3F00067206B65793D2D20613D257520623D2597
:10F4000075207261773D3C64697363617264656401
:10F410003E0A00454953204441434100532073654F
:10F42000713D2575206D733D257520636F756E7474
:10F43000733D25752066613D256C6C6420746167A1
:10F440003D2575206175746F3D2575206F76663D8D
:10F450002575207361743D25752065703D257520E7
:10F460006D763D2564206379636C653D2575206468
:10F4700069723D252B640A0053207365713D257523
:10F48000206D733D257520636F756E74733D257512
:10F490002066613D256C6C64207461673D25752094
:10F4A0006175746F3D2575206F76663D25752073F7
:10F4B00061743D25752065703D25750A00E69C80C8
:10F4C000E59D8FE6A1A3E4BD8DE4B99FE5A49F204F
:10F4D000E29C8500F09F94B420E4BD99E9878FE415
:10F4E000B88DE8B6B32CE69FA5206F666673657489
:10F4F00020E6A1A3E4BD8D00435600495400726587
:10F5000073746172740073746F700049542077696A
:10F5100064652D72616E67650068617264776172FF
:10F520006500E697A0E998B6E8B78300E9AB98E2F2
:10F530008692E4BD8E00E4BD8EE28692E9AB98002F
:10F540007664645F6F6F7200696E76616C69645F88
:10F5500063666700626F61726420707265666C69D1
:10F56000676874206661696C65643B20555342206E
:10F57000616E64204146452072656D61696E20644C
:10F58000697361626C656400636F6E74726F6C2F77
:10F5900064617461207472616E73706F727420693B
:10F5A0006E697469616C697A6174696F6E206661F5
:10F5B000696C6564003D3D3D2070412D436F6E7662
:10F5C00065727465722056352E31206669726D77CA
:10F5D00061726520737461727428555342202F2024
:10F5E000706F6C6C696E67202F206E6F20424C45E7
:10F5F00029203D3D3D004346475F424F4F54206523
:10F60000703D2575206D733D256C6C642066773DDB
:10F61000257320726561736F6E3D626F6F740A00AF
:10F6200076352E312D757362322D72657100626FE1
:10F630006F74004D4541535F424F4F5400E69DBFEC
:10F64000E7BAA7E5AE88E58DABE69CAAE5B0B1E7E1
:10F65000BBAA2CE5819CE59CA8E6ADA4E5A4842882
:10F66000E4B88DE8BF9BE585A5E98787E99B8629F6
:10F67000004D4158333031333120504152545F49AD
:10F6800044203D2030782530327800F09F94B4201B
:10F69000504152545F494420E99D9EE6B39528307D
:10F6A000782530327829E28094E2809420535049C2
:10F6B00020E69CAAE9809AE68896E5B8A7E6A0BC71
:10F6C000E5BC8FE99499E38082E58588E69FA520D3
:10F6D00043534E3D50302E3131202F2053434C4B5D
:10F6E0003D50302E3035202F204D4F53493D2A2A92
:10F6F00050312E30392A2A202F204D49534F3D506A
:10F70000302E30340041464520E68EA2E6B58BE52A
:10F71000A4B1E8B4A52CE5819CE59CA8E6ADA4E5E0
:10F72000A4840053315F434F4E464947313A205736
:10F73000452F43455F414D505F454E3D312C20578D
:10F74000455F4441435F4D583D3030E2869244412D
:10F7500043412C20F09F94B443455F4441435F4DA7
:10F76000583D3031E286924441434228E4B88DE569
:10F770008699E58899E4B8A4E694BEE5A4A7E5993E
:10F78000A8E585B1E794A82044414341E380814541
:10F790003D30292C2043484F505F454E3D310053AA
:10F7A000315F434F4E464947323A203320E7ABAFF3
:10F7B000E794B5E69E81202B205745206472697638
:10F7C0006500535953204144432053455455503A02
:10F7D0002053454E535620312E30C39728307E316A
:10F7E0003533366D56292B2050575220302E323566
:10F7F000C3972856444420E588B020363134346D10
:10F8000056292C20F09F94B44F50415F42595041EB
:10F8100053535F454E3D3000434F4E5645525420A2
:10F820005345545550323A205359535F504552492D
:10F830004F4428E59B9BE8B7AFE680BBE8BDACE64C
:10F840008DA2E697B6E997B4E9A1BB20E289A4208E
:10F85000E8AFA5E591A8E69C9F29005359532041A4
:10F86000444320494E2053454C323A205745312BD2
:10F870005245312B4345312B574F3128453D565F7B
:10F880005745E28892565F524520E5BF85E9A1BB06
:10F89000E4B8A4E8B7AFE983BDE69C8929005359D1
:10F8A000532041444320494E2053454C313A205384
:10F8B00059535F53454C4543542862697430292B92
:10F8C000205644445F5359535F53454C2862697432
:10F8D000332CE5B7B2E4BB8E207031313820E4BD63
:10F8E0008DE8A1A8E7A1AEE8AEA4290053315F439B
:10F8F0004F4E464947333A494F535F4D4F44452891
:10F90000E8A781E69687E4BBB6E5A4B420412F4280
:10F9100020E8AFB4E6988E290053315F434F4E463E
:10F920004947343A20636F6E666967757265642073
:10F930004653522F6F66667365740053315F434FB1
:10F940004E464947353A20434F4E565F54494D4540
:10F9500020E99A8F2046535220E58886E7BB842809
:10F96000E685A2E9929F203078302F3132626974A7
:10F970002CE5BFABE9929F203078312F313362699B
:10F980007429005245464552454E434520434F4E4B
:10F9900054524F4C3A20E58685E983A8E59FBAE5A5
:10F9A000878620312E35333656202B205245465F30
:10F9B000454E3D3100494E54422053455455503A2E
:10F9C00020454E5F5644445F4F4F523D3128E590ED
:10F9D000A6E58899205644445F4F4F5220E6819215
:10F9E0002030292B20E5BC80E6BC8F00434F4E56CB
:10F9F000455254205345545550313A204443202B0E
:10FA000020494F46465345545F434F4E56202B20C6
:10FA100053454E535F504552494F4428E99A8F2031
:10FA20006366675F6C697665290077726974652023
:10FA30002573202830782530327829206661696C5A
:10FA4000656400F09F94B420E590AFE58AA8E79440
:10FA5000B5E4BD8DE7AE97E4B88DE587BAE69DA520
:10FA6000286572723D2564293A565F57453D2564E5
:10FA70006D5620453D25646D560044414341206349
:10FA80006F64653D3078253033782028565F5745C0
:10FA90003D2564206D5629202F2044414342206398
:10FAA0006F64653D3078253033782028565F5245A5
:10FAB0003D2564206D5629202F20453D2564206D6D
:10FAC0005600E29AA0EFB88F20E585B1E6A8A1E83C
:10FAD000A395E9878FE6A0A1E6A0B8E4B88DE8BFBA
:10FAE00087286572723D256429E28094E280942023
:10FAF000E794B5E6B1A0E8B78CE588B020454F4C57
:10FB000020E697B6E69BB4E7B4A72CE79599E68480
:10FB10008FE59FBAE7BABFE6BC82E7A7BB00F09FBC
:10FB200094B4206F6666736574282564207041293B
:10FB3000E79B96E4B88DE4BD8FE4BFA1E58FB7E500
:10FB4000B3B020E28094E280942057456E20E4BC5C
:10FB50009AE8A2ABE9A1B6E587BAE8AEBEE5AE9AEF
:10FB6000E794B5E4BD8DE38081E5A4B1E58EBBE605
:10FB70008192E794B5E4BD8DE68EA7E588B6E5B938
:10FB8000B6E992B3E59CA820306E41004649464F45
:10FB90005F415F46554C4C203D202575283D203265
:10FBA000353620E2889220257520E6A0B7E69CAC89
:10FBB0002900F09F94B42053454E535F504552495D
:10FBC0004F4420E79FADE4BA8E20434F4E565F541A
:10FBD000494D45286572723D25642900636F6E7634
:10FBE0003D2564206D73202F20706572696F643D20
:10FBF0002564206D7320E28792202564206D535088
:10FC0000530041464520E5B0B1E7BBAA3A465352FE
:10FC10003D2564207041202F206F66667365743D1A
:10FC20002564207041202F20257520626974202FC3
:10FC3000204C534220E69C89E695883D2564206649
:10FC40004128E5B8A72025642066412900E58FAF4B
:10FC5000E6B58BE9878FE7A88B3AE8BF98E58E9FDA
:10FC600020E289A42564207041283D6F6666736593
:10FC7000742CE69C80E59D8F206D696E20E6A1A323
:10FC8000E58FAAE69C89202564207041292F20E673
:10FC9000B0A7E58C9620E289A4256420704100730A
:10FCA000617420E9A284E8ADA6E4BD99E9878F3AA2
:10FCB000257520636F756E7473203D202564207058
:10FCC0004120E2879220E8BF98E58E9FE4BEA720FE
:10FCD0004920E289A520256420704120E68AA520DC
:10FCE000736174202F20E6B0A7E58C96E4BEA720B0
:10FCF0004920E289A420256420704120E68AA520BD
:10FD000073617400E58F82E880833AE5B7A6E697D1
:10FD10008BE5A49AE5B7B4E6A087E5AE9AE5AE9E7A
:10FD2000E6B58BE7A8B3E68081E69C80E5A4A72032
:10FD3000313238303020704128E6B593E5BAA6203C
:10FD4000353029E287922025730041464520E98518
:10FD50008DE7BDAEE5A4B1E8B4A52CE5819CE59C9A
:10FD6000A8E6ADA4E5A48400E794B5E4BD8DE8BFA2
:10FD70009EE987873AE5BC80E69CBAE58DB3E8B595
:10FD8000B7204155544F2853797374656D20414411
:10FD90004320E4B88EE794B5E6B581E8BDACE68DC6
:10FDA000A2E5B9B6E8A18C2C69646C6520E69C9F3D
:10FDB000E997B4E4B99FE59CA8E987872900313029
:10FDC000487A20E5B7A5E4BD9CE6B5813AE8B7B32B
:10FDD000E8BF872041464520E58F8CE6A1A3E6A039
:10FDE00087E5AE9A2CE794B1E4B88AE4BD8DE69C31
:10FDF000BAE68B9FE59088E69C80E5908E32307362
:10FE0000E6B593E5BAA6E6A087E5AE9AE69BB2E72B
:10FE1000BABF0043565F5245414459206C6F775F2B
:10FE20006D763D256420686967685F6D763D256461
:10FE300020726174655F6D765F733D25752063790F
:10FE4000636C65733D25752065703D25750A004915
:10FE5000545F5245414459207461726765745F6D07
:10FE6000763D25642069646C655F6D6F64653D2532
:10FE7000642063656C6C763D25642065703D257556
:10FE80000A00F09F94B420E887B3E4BB8AE69CAAFA
:10FE9000E694B6E588B0E4BBBBE4BD95E794B5E66F
:10FEA0009E81E794B5E58E8BE8AF8D28746167205D
:10FEB000307844312F3078443229E38082E4BD8D9C
:10FEC000E58FB7E5B7B2E794B1207031313820E45F
:10FED000BD8DE8A1A8E7A1AEE8AEA4285359535FB1
:10FEE00053454C4543543D6269742575E380815602
:10FEF00044443D6269742575292CE588ABE5868DFF
:10FF0000E5BE80E982A3E69FA53BE69FA520307869
:10FF100035363D3078304620E698AFE590A6E58648
:10FF200099E8BF9BE58EBBE4BA86E38081535953C1
:10FF30005F504552494F4420E698AFE590A6E5A4AE
:10FF40009FE995BFE380814155544F20E698AFE586
:10FF500090A6E59CA8E8B7910069646C65004356DB
:10FF60005F53544152542072756E3D2575206C6F5D
:10FF7000775F6D763D256420686967685F6D763DC3
:10FF8000256420726174655F6D765F733D25752011
:10FF90006379636C65733D25750A0049545F53545A
:10FFA0004152542072756E3D2575207461726765EB
:10FFB000745F6D763D25640A00E98080E587BA208C
:10FFC00069646C653AE5BC80E694BEE5A4A7E59952
:10FFD000A8E5A4B1E8B4A500E98080E587BA206966
:10FFE000646C653AE694BEE5A4A7E599A8E5B7B2C6
:10FFF000E5BC8028E5858820434520E5908E205784
:020000040003F7
:10000000452900E98080E587BA2069646C653AE992
:10001000878DE8B5B7204155544F20E5A4B1E8B429
:10002000A520E28094E2809420E69CACE8BDAEE599
:100030008FAFE883BDE68BBFE4B88DE588B0E79469
:10004000B5E6B581E6A0B7E69CAC00F09F94B4207D
:10005000E98080E587BA2069646C6520E5908E2090
:10006000307832342053454C45435420E4BB8DE472
:10007000B8BA20302830782530327829E28094E2EE
:10008000809420E794B5E6B581E9809AE98193E60A
:100090009CAAE98089E4B8AD2CE69CACE8BDAEE44E
:1000A000B88DE4BC9AE69C89E6A0B7E69CAC00E972
:1000B0008080E587BA2069646C653A73656E736FFA
:1000C0007220E5B7B2E98089E4B8ADE5B9B6E98751
:1000D0008DE8B5B7204155544F28307832343D3043
:1000E00078253032782900E696BDE58AA0E99D9909
:1000F000E7BDAEE794B5E4BD8D20453D2564206D98
:100100005620E5A4B1E8B4A52CE5819CE59CA8E6C1
:10011000ADA4E5A48400F09F94B42049444C455F0D
:10012000444953434F4E4E45435420E4BD8620512D
:10013000756965742054696D65203D203021E6AFF6
:100140008FE8BDAEE5BC80E5A4B4E983BDE698AF19
:10015000E58F8CE794B5E5B182E58585E794B5E751
:100160009EACE68081E38082E8AFB7E59CA8E4B866
:100170008AE4BD8DE69CBAE68A8A20707265737443
:1001800065705F7320E8AEBEE4B8BA203138307EC7
:100190003330307328E5AE9EE6B58B20CF84E289FC
:1001A000883236E2809335307320E287922035CF53
:1001B00084E289883133307E3235307329004954E6
:1001C0005F5048415345206D733D256C6C64207031
:1001D000686173653D717569657420656C617073E4
:1001E00065645F6D733D3020746F74616C5F6D7317
:1001F0003D3020655F6D763D25642065703D257539
:100200000A0051756965742054696D6528E99D99E6
:10021000E7BDAE293A453D2564206D5620E4BF9DDB
:10022000E68C81202575206D7320E5908EE6898D02
:10023000E5BC80E5A78BE8AEB0E5BD9528E5AFB994
:10024000E5BA942043484920E79A842051756965AE
:10025000742054696D65203D20717569657363650F
:100260006E742074696D65206265666F72652070BA
:100270006F74656E7469616C207363616E290071BF
:10028000756965740025735F41424F52544544209F
:10029000726561736F6E3D2573206E61746976655A
:1002A0003D3020656C61707365645F6D733D2575CD
:1002B0002065703D25750A0049545F5048415345FB
:1002C000206D733D256C6C642070686173653D71B1
:1002D0007569657420656C61707365645F6D733DED
:1002E000257520746F74616C5F6D733D2575206595
:1002F0005F6D763D25642065703D25750A00435687
:100300002045495320706F696E74206661696C6581
:10031000643A453D2564206D562C6379636C653DD8
:1003200025752C72633D25640049542045495320AE
:10033000706F696E74206661696C65643A72633DC2
:10034000256400257320454953206D6561737572DE
:10035000656D656E7420656E6465643A656C617088
:100360007365643D256C6C64206D732C6E617469DB
:1003700076653D25752F25752C6F76657272756EC5
:10038000733D25750025735F41424F52544544200B
:10039000726561736F6E3D2573206E617469766559
:1003A0003D257520656C61707365645F6D733D25D7
:1003B0006C6C642065703D25750A0043565F444FA0
:1003C0004E45206E61746976653D257520657870AF
:1003D00065637465643D257520656C617073656443
:1003E0005F6D733D256C6C64206379636C65733D50
:1003F00025752065703D25750A0049545F444F4EB0
:1004000045206E61746976653D2575206578706557
:10041000637465643D257520656C61707365645F08
:100420006D733D256C6C642065703D25752074618D
:10043000696E7465643D25640A00495420E794B5EB
:10044000E4BD8DE998B6E8B7833A256420E2869248
:10045000202564206D562825732900E696BDE58A7F
:10046000A0E6B58BE9878FE794B5E4BD8D20453DC7
:100470002564206D5620E5A4B1E8B4A52CE5819C47
:10048000E59CA8E6ADA4E5A48400692D7420E6B53A
:100490008BE9878FE794B5E4BD8DE5B7B2E696BDED
:1004A000E58AA03A453D2564206D562C206475727E
:1004B0006174696F6E3D2564206D73004155544F22
:1004C00020692D7420E8BDACE68DA2E590AFE58AE9
:1004D000A8E5A4B1E8B4A50049545F50484153458C
:1004E000206D733D256C6C642070686173653D619F
:1004F00063717569726520656C61707365645F6DA9
:10050000733D3020746F74616C5F6D733D25752091
:1005100065787065637465643D257520655F6D76EB
:100520003D25642065703D25750A00E8BF9BE58583
:10053000A5204155544F20692D7420E98787E99BF8
:10054000863A202575206E61746976652073616D29
:10055000706C65732028E7BAA638487A3B20686F2C
:100560007374E9878DE98787E6A0B73130487A2927
:100570002C20453D2564206D5600E29AA0EFB88FEF
:10058000204649464F20E6BAA2E587BA20257520C5
:10059000E6ACA12CE8BDAEE8AFA2E997B4E99A9425
:1005A000202564206D7320E5818FE995BF004649C1
:1005B000464F20E8A7A3E58C85E5A4B1E8B4A52CB7
:1005C000E4B8A2E5BC83E4B880E6A0B7E69CAC0042
:1005D000E8AFBBE588B0204649464F20E7A9BAE519
:1005E00093A8E585B5287461673D30784645292C88
:1005F000E69CACE8BDAEE68F90E5898DE694B6E664
:10060000898B28646174615F636F756E743D2575B5
:1006100020E4B88EE5AE9EE99985E4B88DE7ACA6F6
:100620002900F09F94B420E9A5B1E5928C284C4FA5
:1006300057293A636F756E74733D257520E980BC48
:10064000E8BF91203020E28094E2809420E8BF98B7
:10065000E58E9FE794B5E6B581E59083E585892031
:100660006F666673657428E4B88AE99990202564FA
:10067000207041292C574520E5B7B2E5A4B1E681A9
:1006800092E794B5E4BD8DE68EA7E588B62CE69C8E
:10069000ACE6AEB5E695B0E68DAEE4BD9CE5BA9F9E
:1006A00000F09F94B420E9A5B1E5928C2848494711
:1006B00048293A636F756E74733D257520E980BCD7
:1006C000E8BF91E6BBA1E9878FE7A88B20E2809481
:1006D000E2809420E6B0A7E58C96E696B9E5909185
:1006E000E8B685E587BA20256420704100E29C8544
:1006F00020E98080E587BAE9A5B1E5928C2C636F8B
:10070000756E74733D257500504F54454E544941E4
:100710004C5F41554449542073616D706C653D25B3
:1007200075207461726765745F6D763D2564206421
:100730006163613D257520646163623D25752073A9
:100740003163313D2575207265663D2575207379CD
:10075000733D25750A00504F54454E5449414C5F36
:100760004641554C542073616D706C653D25752074
:100770007461726765745F6D763D2564206578707D
:1007800065637465645F646163613D2575206578A8
:100790007065637465645F646163623D25752061A3
:1007A000637475616C5F646163613D25752061638D
:1007B0007475616C5F646163623D2575207331639C
:1007C000313D2575207265663D2575207379733D31
:1007D00025750A00E98787E99B86E4B8ADE794B5FB
:1007E000E4BD8DE5AF84E5AD98E599A8E5BC82E56B
:1007F000B8B83A453D2564206D562C44414341200C
:1008000025752F25752C444143422025752F2575CC
:100810003BE5819CE6ADA2E69CACE8BDAEE98787EE
:10082000E99B86005354415455533120E8AFBBE552
:10083000A4B1E8B4A50028E794B5E4BD8DE5AEA168
:10084000E8AEA1E69585E99A9C2900535441545598
:1008500053312573203D2030782530327820205BBD
:10086000415F46554C4C3D256420444154415F5204
:1008700044593D25642041435F5244593D2564203D
:100880004549535F43414C3D256420F09F94B44952
:100890004E56414C49445F4346473D256420F09FF6
:1008A00094B45644445F4F4F523D256420505752F4
:1008B0005F5244593D25645D00F09F94B420494E39
:1008C00056414C49445F43464720E7BDAEE4BD8DE9
:1008D00020E28094E2809420E9858DE7BDAEE69C1D
:1008E000ACE8BAABE697A0E695882CE5908EE99D3A
:1008F000A2E68980E69C89E8AFBBE695B0E983BDB6
:10090000E4B88DE58FAFE4BFA121E69C80E5B8B8DF
:10091000E8A781E58E9FE59BA03A53454E535F5073
:100920004552494F44203C20434F4E565F54494D59
:100930004500F09F94B4205644445F4F4F5220E747
:10094000BDAEE4BD8D20E28094E2809420E4BE9BA5
:10095000E794B5E8B685E587BAE599A8E4BBB6E8BB
:100960008C83E59BB400E29AA0EFB88F20E69CACA4
:10097000E8BDAEE98787E6A0B7E591A8E69C9FE8C9
:10098000A2ABE694B928E7A081202575E2869225DE
:1009900075293AE69C9FE69C9BE6A0B7E69CACE6F0
:1009A00095B0E4BB8DE68C89E5BC80E8B791E6970D
:1009B000B6E79A8420257520E8AEA12CE69CACE829
:1009C000BDAEE5AE9EE99985E697B6E995BFE4BC74
:1009D0009AE99A8FE4B98BE58F98E58C960041559A
:1009E000544F20692D7420E8B685E8BF87E697B696
:1009F000E999903AE4BB85E88EB7E5BE9720257566
:100A00002F257520E4B8AAE58E9FE7949FE6A0B74E
:100A1000E69CAC0049545F5048415345206D733DFE
:100A2000256C6C642070686173653D69646C652039
:100A3000656C61707365645F6D733D3020746F74B5
:100A4000616C5F6D733D3020655F6D763D25642080
:100A500065703D25750A00692D7420E6B58BE98720
:100A60008FE7BB93E69D9F3A656C61707365643D4B
:100A7000256C6C64206D732C6E61746976653D2500
:100A8000752F25752C656D70747920706F6C6C7383
:100A90003D25752C4520E5B7B2E681A2E5A48DE49D
:100AA000B8BA202564206D560049545F41424F5228
:100AB00054454420726561736F6E3D2573206E61ED
:100AC000746976653D257520656C61707365645F3A
:100AD0006D733D256C6C642065703D2575207461D7
:100AE000696E7465643D25640A00F09F94B420E645
:100AF0009CACE8BDAEE59BA02041464520E78AB608
:100B0000E68081E4BD8DE5BC82E5B8B8E4B8ADE629
:100B1000ADA228257329E28094E2809420E8AFA555
:100B2000E6AEB5E8AFBBE695B0E789A9E79086E405
:100B3000B88AE4B88DE5868DE698AFE6B58BE9878F
:100B40008F2CE7A681E6ADA2E794A8E4BA8EE6A0D2
:100B500087E5AE9A2FE9A284E6B58B00E69CACE867
:100B6000BDAEE59BA0E794B5E4BD8DE5AF84E5ADF2
:100B700098E599A8E5AEA1E8AEA1E5A4B1E8B4A5D1
:100B8000E8808CE68F90E5898DE7BB93E69D9F3BDF
:100B9000E58E9FE5A78BE695B0E68DAEE4BF9DE7B9
:100BA0009599E4BD86E4B88DE5BE97E794A8E4BACC
:100BB0008EE6A087E5AE9A2FE9A284E6B58B006D9C
:100BC00061696E005350492062757320666F722010
:100BD0004D41583330313331206E6F74207265616E
:100BE00064790077726974652072656720307825B2
:100BF000303278203D2030782530327820666169A7
:100C00006C65643A202564007265616420627572C7
:100C100073742030782530327820282575204229B9
:100C2000206661696C65643A202564006166655FD1
:100C30007370690056352E3120706F7765722F55AD
:100C4000494352206175646974206661696C65640A
:100C50003A20415050524F544543543D307825304E
:100C60003878205245474F5554303D30782530383C
:100C700078204D41494E5245475354415455533DB8
:100C80002575202872657175697265643A2030781F
:100C900035612C20332E33562C20564444482900ED
:100CA00056352E3120554943522F706F776572208B
:100CB0006175646974204F4B3A20415050524F5433
:100CC0004543543D307825303278205245474F55C2
:100CD00054303D332E335620564444483D616374AE
:100CE00069766500F09F94B42044434443454E3DEB
:100CF0003120E4BD86E69CACE69DBFE69CAAE8B444
:100D0000B42044432F444320E794B5E6849F20E277
:100D10008094E2809420E7AB8BE58DB3E585B3E961
:100D200097ADE38082E6A380E69FA5E698AFE590C5
:100D3000A6E69C89206F7665726C61792F70726A65
:100D40002E636F6E6620E68993E5BC80E4BA862048
:100D5000434F4E4649475F424F4152445F454E41E3
:100D6000424C455F444344430044434443454E3D65
:100D700030204F4B284C444F206D6F646529005044
:100D80004F46434F4E203D204F4E2040322E30568E
:100D900020564444202F20342E32562056444448B6
:100DA0002855534220686967682D766F6C746167B7
:100DB00065206D6F646529007761746368646F678F
:100DC00020646576696365206E6F74207265616466
:100DD00079007764745F696E7374616C6C5F7469B9
:100DE0006D656F7574206661696C65643A20256471
:100DF000007764745F7365747570206661696C65F3
:100E0000643A202564007761746368646F672061C9
:100E1000726D65642C2077696E646F77202575206C
:100E20006D732028706175736564207768696C65DF
:100E30002068616C746564206279206465627567FE
:100E40006765722900F09F94B420E79C8BE997A80E
:100E5000E78B97E69CAAE5B0B1E7BBAA20E28094B5
:100E6000E2809420E68B92E7BB9DE8BF9BE585A5D9
:100E7000E98787E99B862862726F776E6F757420A9
:100E8000E697A0E887AAE681A2E5A48DE8B7AFE5DA
:100E9000BE842900677561726473005354415254D3
:100EA0000053544F50004745540053544154555338
:100EB00000534554005045454B00504F4B45004FA3
:100EC000435000464F524345006175746F006F6692
:100ED00066007379737065720070696E00434647EF
:100EE0005F4150504C4945442065703D2575206D4B
:100EF000733D256C6C64207372633D2573206E6CAA
:100F0000696E65733D257520666F726365643D2566
:100F1000642070657274757262735F63656C6C3D9A
:100F20002564206E726567733D257520736B69704B
:100F30007065643D2575206673723D256420667377
:100F400072303D2564206F66663D2564206F6666BD
:100F5000303D256420636F6E763D257520636F6E8E
:100F600076303D257520636F6E765F7372633D2525
:100F70007320706572696F643D25752070657269B4
:100F80006F64303D2575207379737065723D2575EA
:100F900020737973706572303D257520636C6B34F6
:100FA000303D256420636C6B3430303D2564206512
:100FB0005F6D763D256420655F6D76303D2564204C
:100FC0007677655F6D763D2564207677655F6D7613
:100FD000303D256420696F633D257520696F63305E
:100FE0003D25752069646C653D25642069646C65E8
:100FF000303D25642063656C6C763D256420636517
:101000006C6C76303D2564207361747063743D258B
:101010007520736174706374303D25752063686F4B
:10102000703D25642063686F70303D2564207273C5
:101030003D2564207273303D256420696F733D2522
:101040006420696F73303D25642073656C3D2564B1
:101050002073656C303D256420616D70733D25649F
:1010600020616D7073303D2564004346475F444501
:1010700052495645442065703D2575206673725F60
:1010800070613D2564206F66665F70613D25642058
:101090006F66665F6D696E5F70613D2564206F6687
:1010A000665F6D61785F70613D256420626974736D
:1010B0003D257520636F6E765F636C6B3D257520F3
:1010C000706572696F645F636C6B3D257520636F3B
:1010D0006E765F6D733D256420706572696F645F25
:1010E0006D733D25642069646C655F70706D3D258E
:1010F00064206C73625F6672616D655F66613D2539
:1011000064206C73625F6566665F66613D2564207E
:1011100072656A35305F64625F7831303D256420E6
:1011200072656A35305F776F7273745F64625F787F
:1011300031303D256420636F6E765F616C743D25B0
:101140006420636F6E765F616C745F64625F783198
:10115000303D2564207265645F6D61785F70613D2C
:101160002564206F785F6D61785F70613D25642034
:101170007361745F6D617267696E3D25752073617F
:10118000745F6D617267696E5F70613D2564207385
:1011900079736275646765745F6D733D2564207350
:1011A00079737065725F6D733D256420646163615E
:1011B0003D257520646163623D25752069646C6519
:1011C0005F7761726E3D25642068656164726F6F40
:1011D0006D5F7761726E3D2564207369675F77612B
:1011E000726E3D2564004346475F52454720657057
:1011F0003D257520693D2575206E3D25752061646E
:1012000064723D307825303258206265666F7265B1
:101210003D3078253032582061667465723D3078F3
:101220002530325820726561646261636B3D3078AD
:1012300025303258206F6B3D2564002D0043464712
:101240005F52454A4543542065703D2575206D73B6
:101250003D256C6C6420726561736F6E3D25732053
:101260006B65793D257320613D256420623D2564D1
:10127000207261773D257300706572696F64006349
:101280006C6B343000696F630063686F7000727359
:1012900000696F73007677650063656C6C76007328
:1012A0006174706374006E6F6E6500746F6F5F6C55
:1012B0006F6E67007665726200756E6B6E6F776E2B
:1012C0005F6B6579006475705F6B657900746F6F33
:1012D0005F6D616E795F6B6579730076616C7565C2
:1012E0000061726700706572696F645F6C745F6340
:1012F0006F6E76006F66667365745F67745F6673A2
:1013000072007379737065725F73686F72740064D2
:101310006163006461635F6D696400706572747518
:1013200072625F647572696E675F72756E00756E6A
:101330006B6E6F776E004D45415320256420256408
:101340002025642025642025642025642025642030
:10135000256420256420256420256420256420251B
:101360006420256420256420253332732025630002
:101370002573207265713D2573206D6F64653D2571
:10138000642073746172745F6D763D2564207461AE
:10139000726765745F6D763D25642071756965744B
:1013A0005F6D733D2575206475726174696F6E5F42
:1013B0006D733D25752061646170746976653D25A6
:1013C000642073616D706C655F696E7465727661BF
:1013D0006C5F6D733D25752063765F6C6F775F6D15
:1013E000763D25642063765F686967685F6D763D4A
:1013F00025642063765F726174655F6D765F733D0F
:1014000025752063765F6379636C65733D25752070
:1014100063765F737465705F6D763D2575206376C6
:101420005F6569733D25752069745F7573655F65D8
:1014300069733D25642069745F6569733D25750096
:10144000666F726D61740072657175657374006D9D
:101450006574686F6400706F74656E7469616C00A8
:101460006475726174696F6E00616461707469762D
:10147000650073616D706C655F696E74657276612D
:101480006C0063765F72616E67650063765F7261A0
:1014900074650063765F6379636C65730063765F80
:1014A00073746570006569735F72616E676500686B
:1014B00065617020636F7272757074696F6E202839
:1014C00066726565206C697374206C696E6B616708
:1014D0006529006865617020636F72727570746948
:1014E0006F6E202866726565206368756E6B206C70
:1014F000696E6B61676529006865617020636F7252
:1015000072757074696F6E20286E6F7420696E201A
:101510007573653F292061742025700068656170CE
:1015200020636F7272757074696F6E2028627566C1
:10153000666572206F766572666C6F773F292061F1
:1015400074202570006865617020636F7272757019
:1015500074696F6E20286C656674206E65696768B3
:10156000626F723F29206174202570006865617088
:1015700020636F7272757074696F6E2028646F7566
:10158000626C6520667265653F2920617420257054
:1015900000574553545F544F504449522F7A657059
:1015A0006879722F6C69622F686561702F68656158
:1015B000702E630028616C69676E20262028616C9C
:1015C00069676E202D20312929203D3D20300041C2
:1015D0005353455254494F4E204641494C205B25B8
:1015E000735D20402025733A25640A0009616C6907
:1015F000676E206D757374206265206120706F774F
:101600006572206F6620320A006279746573202F3C
:10161000203855203C3D20307837666666550009F5
:10162000686561702073697A6520697320746F6FD3
:10163000206269670A006279746573203E206865DC
:1016400061705F666F6F7465725F6279746573282D
:101650006279746573290009686561702073697A1D
:101660006520697320746F6F20736D616C6C0A0064
:10167000686561705F737A203E206368756E6B7376
:101680007A2873697A656F6628737472756374203B
:101690007A5F686561702929006368756E6B305FD9
:1016A00073697A65202B206D696E5F6368756E6B58
:1016B0005F73697A65286829203C3D206865617000
:1016C0005F737A006F735F686561700057455354AC
:1016D0005F544F504449522F7A65706879722F6C6D
:1016E00069622F6F732F63627072696E74665F70C8
:1016F00061636B616765642E630009537472696E80
:1017000067207769746820746F6F206D616E79202F
:10171000617267756D656E74730A00097374725F28
:101720007074725F706F735B5D20746F6F20736D88
:10173000616C6C0A0009746F6F206D616E792066B0
:101740006F726D617420617267730A0063627072F8
:10175000696E74665F7061636B61676500574553BE
:10176000545F544F504449522F7A65706879722FF4
:10177000696E636C7564652F7A65706879722F6B1A
:1017800065726E656C2E6800216B5F69735F7072A5
:10179000655F6B65726E656C282900096B5F637508
:1017A0007272656E745F6765742063616C6C6564EA
:1017B000207072652D6B65726E656C0A00466169FA
:1017C0006C656420746F207265626F6F743A207369
:1017D00070696E6E696E6720656E646C6573736C9C
:1017E000792E2E2E0A007379735F6765746F70749B
:1017F00000574553545F544F504449522F7A6570F7
:101800006879722F6C69622F7574696C732F6F6EB3
:101810006F66662E63007374617465203D3D2030F1
:101820005500217379735F736C6973745F69735FBB
:10183000656D70747928266D67722D3E636C6965DD
:101840006E747329007472616E73697420213D2077
:101850002828766F6964202A2930290073746174FE
:1018600065203D3D202831554C203C3C2028312925
:1018700029006D67722D3E72656673203D3D2030F4
:10188000007374617465203D3D202831554C203C27
:101890003C202830292900574553545F544F504469
:1018A00049522F7A65706879722F696E636C75641E
:1018B000652F7A65706879722F7370696E6C6F63CB
:1018C0006B2E68007A5F7370696E5F756E6C6F6304
:1018D0006B5F76616C6964286C2900094E6F742017
:1018E0006D79207370696E6C6F636B2025700A00D0
:1018F0007A5F7370696E5F6C6F636B5F76616C6942
:1019000064286C290009496E76616C6964207370E3
:10191000696E6C6F636B2025700A006D67722D3ED7
:1019200072656673203E20300028737461746520F0
:101930003D3D20282831554C203C3C202832292987
:10194000207C202831554C203C3C20283129292955
:1019500029207C7C20287374617465203D3D2028FB
:101960002831554C203C3C2028322929207C20302D
:10197000552929207C7C20287374617465203D3DA5
:1019800020282831554C203C3C2028322929207C15
:10199000202831554C203C3C202830292929290079
:1019A000574553545F544F504449522F7A657068DD
:1019B00079722F6C69622F7574696C732F6E6F74F6
:1019C0006966792E6300574553545F544F5044491C
:1019D000522F7A65706879722F6C69622F757469FD
:1019E0006C732F72696E675F6275666665722E63CF
:1019F00000657272203D3D203000574553545F54BE
:101A00004F504449522F7A65706879722F696E631E
:101A10006C7564652F7A65706879722F6C6F676773
:101A2000696E672F6C6F675F6261636B656E642EB2
:101A300068006261636B656E6420213D2028287612
:101A40006F6964202A29302900574553545F544F49
:101A5000504449522F7A65706879722F737562739A
:101A600079732F6C6F6767696E672F6C6F675F6341
:101A70006F72652E63006C6F675F6261636B656E8A
:101A8000645F636F756E745F6765742829203C20FE
:101A900028283332202F20335529202D202831208B
:101AA0002B20302929006261636B656E64203C3D08
:101AB000205F6C6F675F6261636B656E645F6C690A
:101AC00073745F656E640009756E65787065637424
:101AD0006564206C69737420656E64206C6F63614B
:101AE00074696F6E0A006C6F67006C6F675F6D677B
:101AF0006D7400574553545F544F504449522F7AE8
:101B000065706879722F7375627379732F6C6F6764
:101B100067696E672F6C6F675F6D73672E63007008
:101B20006C656E203E3D2030004D657373616765C6
:101B30002064726F7070656420626563617573659F
:101B400020697420657863656564732073697A65BC
:101B5000206C696D69746174696F6E202825752920
:101B6000000D0A001B5B306D00574553545F544F06
:101B7000504449522F7A65706879722F7375627379
:101B800079732F6C6F6767696E672F6C6F675F6F14
:101B900075747075742E63006C6576656C203C3DC1
:101BA000203400257320005B2530386C755D2000E3
:101BB0005B253032753A253032753A253032752E34
:101BC000253033752C253033755D20003C25733E60
:101BD000200025732F0025733A2000657272203E85
:101BE0003D203000253032782000202020007C006D
:101BF0001B5B313B33316D001B5B313B33336D007D
:101C00006572720077726E00696E660064626700CA
:101C10006C6F675F6261636B656E645F72747400A2
:101C2000574553545F544F504449522F7A6570685A
:101C300079722F7375627379732F6C6F6767696E32
:101C4000672F6261636B656E64732F6C6F675F6291
:101C500061636B656E645F756172742E63006465A9
:101C6000766963655F69735F726561647928756120
:101C700072745F64657629006C6F675F6261636B85
:101C8000656E645F75617274006C6F675F75617219
:101C90007400574553545F544F504449522F7A654E
:101CA000706879722F7375627379732F7573622FF1
:101CB0006465766963652F7573625F6465766963D1
:101CC000652E63006366675F64617461203C3D203C
:101CD0005F7573625F6366675F646174615F6C699F
:101CE00073745F656E64005365742068616C742062
:101CF00065702030782530327800436C6561722041
:101D000068616C7420657020307825303278004529
:101D10006E64706F696E7420307825303278206977
:101D20007320696E76616C696400456E64706F69DA
:101D30006E742030782530327820616C7265616471
:101D4000792064697361626C6564004661696C65E1
:101D50006420746F2064697361626C6520656E64D1
:101D6000706F696E742030782530327800456E646B
:101D7000706F696E742030782530327820616C7213
:101D80006561647920636F6E66696775726564006A
:101D90004661696C656420746F20636F6E66696765
:101DA00075726520656E64706F696E742030782579
:101DB00030327800456E64706F696E74203078251B
:101DC00030327820616C726561647920656E616281
:101DD0006C6564004661696C656420746F20656E93
:101DE00061626C6520656E64706F696E7420307816
:101DF00025303278004661696C656420746F207705
:101E00007269746520656E64706F696E74206275A6
:101E100066666572203078253032780052657175BB
:101E20006573742062756666657220746F6F2073C7
:101E30006D616C6C00555342206465766963652062
:101E4000737570706F727420616C72656164792053
:101E5000656E61626C6564004661696C65642074DE
:101E60006F20636F6E6669677572652055534220F7
:101E700064657669636520737461636B0045727293
:101E80006F6E656F75732064657669636520646540
:101E90007363726970746F72206F7220624D617823
:101EA0005061636B657453697A6530007573625F66
:101EB00064657669636500303132333435363738DE
:101EC0003941424344454600574553545F544F50AF
:101ED0004449522F7A65706879722F7375627379ED
:101EE000732F7573622F6465766963652F757362EE
:101EF0005F64657363726970746F722E63007265DC
:101F000074203D3D203000094661696C6564207491
:101F10006F2066696E642076616C696420624D6131
:101F2000785061636B657453697A65300A00546850
:101F3000657265206973206E6F207573625F6366DA
:101F4000675F6461746120666F7220257000556E52
:101F5000696E697469616C697A6564207573625F22
:101F60006366675F6461746120706F696E74657227
:101F70002C20636F72727570746564206465766975
:101F800063652064657363726970746F723F0046A5
:101F900061696C656420746F2076616C696461743A
:101FA0006520656E64706F696E7473007468652077
:101FB0006E657720534E2064657363726970746F29
:101FC0007220646F65736E27742068617665207473
:101FD00068652073616D65206C656E67746820614B
:101FE0007320434F4E4649475F5553425F44455621
:101FF0004943455F534E006275665B61736369696F
:102000005F6964785F6D61785D203E20307831468D
:10201000202626206275665B61736369695F696467
:10202000785F6D61785D203C203078374600094F3D
:102030006E6C79207072696E7461626C6520617378
:102040006369692D372063686172616374657273B7
:102050002061726520616C6C6F77656420696E2009
:1020600055534220737472696E672064657363729E
:102070006970746F72730A00496E636F6D706C657E
:10208000746520646576696365206465736372694D
:1020900070746F72004661696C656420746F2066AD
:1020A0006978757020555342206465736372697056
:1020B000746F72007573625F6465736372697074C4
:1020C0006F72005472616E73666572206572726F12
:1020D000722025642C2065702030782530327800FD
:1020E00052582064617461206C6F73742C206E6F81
:1020F000207472616E73666572004E6F2074726137
:102100006E7366657220736C6F7420617661696CA2
:1021100061626C650041207472616E736665722045
:10212000697320616C7265616479206F6E676F6995
:102130006E672C20657020307825303278007573FA
:10214000625F7472616E736665720070412D436FD9
:102150006E7665727465722056352E312044415476
:10216000410070412D436F6E766572746572205622
:10217000352E3120534D5000757362776F726B713D
:10218000002A2A2A20426F6F74696E67206E5246B9
:1021900020436F6E6E6563742053444B2076332E5C
:1021A000342E302D393935353330353536303762C8
:1021B000202A2A2A0A002A2A2A205573696E6720B3
:1021C0005A6570687972204F532076342E342E3041
:1021D0002D626638303165346533643139202A2AFE
:1021E0002A0A0072302F61313A20203078253038A9
:1021F00078202072312F61323A2020307825303813
:1022000078202072322F61333A2020307825303800
:10221000780072332F61343A2020307825303878B6
:10222000207231322F69703A20203078253038788A
:10223000207231342F6C723A202030782530387873
:102240000020787073723A2020307825303878007A
:102250004661756C74696E6720696E73747275631C
:1022600074696F6E206164647265737320287231C3
:10227000352F7063293A2030782530387800556E34
:1022800068616E646C6564204952516E3A20256421
:10229000002A2A2A2A2A204D5055204641554C54BE
:1022A000202A2A2A2A2A002020537461636B696E2F
:1022B00067206572726F722028636F6E7465787420
:1022C0002061726561206D69676874206265206EA7
:1022D0006F742076616C696429002020556E7374D8
:1022E00061636B696E67206572726F7200202044B3
:1022F000617461204163636573732056696F6C611B
:1023000074696F6E0020204D4D4641522041646437
:10231000726573733A2030782578002020496E73F7
:102320007472756374696F6E2041636365737320A3
:1023300056696F6C6174696F6E002020466C6F6126
:1023400074696E672D706F696E74206C617A792084
:1023500073746174652070726573657276617469F7
:102360006F6E206572726F7200574553545F544F01
:10237000504449522F7A65706879722F6172636890
:102380002F61726D2F636F72652F636F7274657842
:102390005F6D2F6661756C742E63002128282853A9
:1023A00043425F54797065202A29202828307845D7
:1023B00030303045303030554C29202B20307830AB
:1023C000443030554C2920292D3E43465352202677
:1023D000202831554C203C3C20283055202B2034DF
:1023E000552929290009537461636B696E6720655B
:1023F00072726F72206E6F74206120737461636BF0
:10240000206661696C0A0A002A2A2A2A2A20555362
:10241000414745204641554C54202A2A2A2A2A0061
:1024200020204469766973696F6E206279207A652D
:10243000726F002020556E616C69676E6564206D57
:10244000656D6F7279206163636573730020204E40
:102450006F20636F70726F636573736F7220696E44
:10246000737472756374696F6E73002020496C6CAD
:102470006567616C206C6F6164206F66204558430E
:102480005F52455455524E20696E746F2050430080
:102490002020496C6C6567616C20757365206F66E0
:1024A00020746865204550535200202041747465A3
:1024B0006D707420746F2065786563757465207520
:1024C0006E646566696E656420696E7374727563A7
:1024D00074696F6E002A2A2A2A2A20425553204600
:1024E00041554C54202A2A2A2A2A0020205374615C
:1024F000636B696E67206572726F72002020507284
:102500006563697365206461746120627573206519
:1025100072726F7200202042464152204164647200
:102520006573733A2030782578002020496D7072E9
:1025300065636973652064617461206275732065E9
:1025400072726F72002020496E73747275637469C1
:102550006F6E20627573206572726F7200526573C0
:10256000657276656420457863657074696F6E2066
:10257000280053707572696F757320696E74657287
:102580007275707420284952512000535053454CA5
:1025900020696E20746872656164206D6F646520C7
:1025A000646F6573206E6F7420696E646963617413
:1025B00065205053500065736620213D2028287601
:1025C0006F6964202A293029000945534620636F2A
:1025D000756C64206E6F7420626520726574726918
:1025E00065766564207375636365737366756C6C7B
:1025F000792E205368616C6C206E65766572206F51
:10260000636375722E0A002A2A2A2A2A2048415218
:1026100044204641554C54202A2A2A2A2A002020A8
:10262000427573206661756C74206F6E20766563E9
:10263000746F72207461626C652072656164002041
:10264000204465627567206576656E7400202046BB
:1026500061756C7420657363616C6174696F6E2061
:10266000287365652062656C6F7729004152434885
:102670005F455843455054207769746820726561FE
:10268000736F6E2025780A00094661756C742065A9
:102690007363616C6174696F6E20776974686F75BC
:1026A000742046535220696E666F0A0009486172B1
:1026B000644661756C7420776974686F757420481E
:1026C00046535220696E666F205368616C6C206EB1
:1026D00065766572206F636375720A002A2A2A2A5A
:1026E0002A204465627567206D6F6E69746F722071
:1026F000657863657074696F6E202A2A2A2A2A0019
:102700002A2A2A2A2A20257320256429202A2A2ACF
:102710002A2A00574553545F544F504449522F7A48
:1027200065706879722F617263682F61726D2F63B3
:102730006F72652F636F727465785F6D2F69727148
:102740005F6D616E6167652E63007072696F203C1A
:102750003D20282831554C203C3C20283329292075
:102760002D2031290009696E76616C6964207072D0
:10277000696F7269747920256420666F7220256400
:1027800020697271212076616C756573206D757397
:1027900074206265206C657373207468616E2025F7
:1027A0006C750A0A006D7075004661696C6564207D
:1027B000746F20616C6C6F63617465206E65772047
:1027C0004D505520726567696F6E2025750A00505F
:1027D0006172746974696F6E2025753A20636F6841
:1027E0006572656E636520636865636B2066616909
:1027F0006C65642E00574553545F544F5044495202
:102800002F7A65706879722F617263682F61726DBB
:102810002F636F72652F6D70752F61726D5F6D70B4
:10282000752E630009436F6E6669677572696E671E
:1028300020257520737461746963204D5055207292
:102840006567696F6E73206661696C65640A0A006A
:1028500009436F6E6669677572696E67202575201A
:1028600064796E616D6963204D50552072656769AA
:102870006F6E73206661696C65640A0A00095265AF
:10288000717565737420746F20636F6E6669677508
:1028900072653A20257520726567696F6E7320280E
:1028A000737570706F727465643A202575290A0A11
:1028B000002128726567696F6E5B6964785D2E64BC
:1028C000745F617474722026202831554C203C3C82
:1028D000202830292929000952414D5F4E4F43419C
:1028E00043484520776974682044545F4D454D5FE7
:1028F000434143484541424C4520617474726962CA
:102900007574650A0A00094661696C656420746F14
:1029100020616C6C6F63617465204D505520726549
:1029200067696F6E732066726F6D2044540A0A00E7
:102930002828284D50555F54797065202A29202871
:102940002830784530303045303030554C29202BF8
:1029500020307830443930554C2920292D3E5459A7
:1029600050452026202830784646554C203C3C20B7
:1029700038552929203E3E203855203D3D2038003D
:1029800009496E76616C6964206E756D62657220AE
:102990006F66204D505520726567696F6E730A0A25
:1029A00000464C4153485F30005352414D5F300068
:1029B000574553545F544F504449522F7A657068BD
:1029C00079722F6C69622F6E65745F6275662F6213
:1029D00075662E63006275662D3E667261677320B0
:1029E0003D3D202828766F6964202A29302900700F
:1029F0006F6F6C007265715F73697A65203C3D2072
:102A000073697A65006C697374006275662D3E7235
:102A10006566000962756620257020646F75626CBA
:102A20006520667265650A006E65745F6275660092
:102A3000574553545F544F504449522F7A6570683C
:102A400079722F6C69622F6E65745F6275662F6292
:102A500075665F73696D706C652E63006275662DB7
:102A60003E6C656E203D3D203055006275662D3E02
:102A70006C656E203E3D206C656E006E65745F6215
:102A800075665F73696D706C6500736F63005745A1
:102A900053545F544F504449522F7A65706879728D
:102AA0002F7375627379732F6D676D742F6D6375F6
:102AB0006D67722F6D676D742F7372632F6D676D05
:102AC000742E630068616E646C6572203C3D205F0B
:102AD0006D63756D67725F68616E646C65725F6C63
:102AE0006973745F656E64007263006D63756D6712
:102AF000725F6F735F67727000574553545F544F36
:102B0000504449522F7A65706879722F73756273D9
:102B100079732F6D676D742F6D63756D67722F7488
:102B200072616E73706F72742F7372632F736D7036
:102B30002E630028736D70742D3E66756E63746924
:102B40006F6E732E6F757470757420213D20282868
:102B5000766F6964202A2930292900095265717528
:102B600069726564207472616E73706F7274206F25
:102B700075747075742066756E6374696F6E2070FD
:102B80006F696E7465722063616E6E6F742062652A
:102B9000204E554C4C0A006D63756D677220736D45
:102BA00070006D63756D67725F736D70005745538C
:102BB000545F544F504449522F7A65706879722F90
:102BC0007375627379732F6D676D742F6D63756D97
:102BD00067722F7472616E73706F72742F73726389
:102BE0002F73657269616C5F7574696C2E63007216
:102BF00063203D3D2030006473745F6C656E203D42
:102C00003D203400757362645F776F726B7100579B
:102C10004553545F544F504449522F7A6570687938
:102C2000722F647269766572732F7573622F646593
:102C3000766963652F7573625F64635F6E72667831
:102C40002E630065705F63747800555342442065BD
:102C500076656E7420616C6C6F636174696F6E2051
:102C60006661696C65642100555342442065766550
:102C70006E74206D656D6F727920636F72727570FE
:102C800074656400556E6B6E6F776E2055534220ED
:102C9000706F776572206576656E742025640055C7
:102CA0006E6578706563746564206576656E742002
:102CB000286E7266785F75736264293A2025642CE9
:102CC00020657020307825303278005F65705F7342
:102CD00074617475735F676574206661696C65649F
:102CE0002120436F64653A202564006E6F74206173
:102CF000747461636865642C2045502030782530F9
:102D00003278206576656E742064726F70706564C9
:102D10000065705F6374782D3E6366672E7479700A
:102D200065203D3D205553425F44435F45505F431E
:102D30004F4E54524F4C0009496E76616C696420C5
:102D40006576656E74206F6E204354524C2045505A
:102D50002E0A006E52462055534244207472616E12
:102D600073666572206572726F7220284F55542900
:102D70003A20307825303278004661696C656420ED
:102D8000746F20616C6C6F632065767400555342DC
:102D900044206576656E742071756575652066756D
:102DA0006C6C2100556E6B6E6F776E2055534244EC
:102DB000206576656E743A202568640061646472EB
:102DC000203D3D202875696E74385F742928284E8F
:102DD00052465F555342445F547970652A2920302A
:102DE000783430303237303030554C292D3E555301
:102DF0004241444452000955534220416464726583
:102E0000737320696E636F7272656374210A00695F
:102E10006E76616C696420656E64706F696E742093
:102E2000636F6E66696775726174696F6E00696E53
:102E300076616C696420656E64706F696E74206978
:102E40006E6465782F6164647265737300696E7671
:102E5000616C696420656E64706F696E742074794A
:102E600070650069736F20656E64706F696E7420A1
:102E700063616E206F6E6C792062652069736F00EC
:102E80004550206D6178207061636B6574207369B3
:102E90007A65206D757374206265206120706F778C
:102EA0006572206F662032005354414C4C20756E81
:102EB000737570706F72746564206F6E2049534F24
:102EC00020656E64706F696E7400456E64706F6922
:102ED0006E7420307825303278206973206E6F74DC
:102EE00020656E61626C6564006E524620555342E7
:102EF00044207772697465206572726F723A20257A
:102F000064007573625F6E72667800574553545F54
:102F1000544F504449522F7A65706879722F647209
:102F200069766572732F7573622F636F6D6D6F6E47
:102F30002F6E72665F757362645F636F6D6D6F6E27
:102F40002F6E72665F757362645F636F6D6D6F6E17
:102F50002E630028282828657020262030783830F5
:102F600029203D3D20307838302920262620282869
:102F7000657020262030784629203C2039292920D8
:102F80007C7C20282828657020262030783830293D
:102F9000203D3D2030292026262028286570202627
:102FA0002030784629203C2039292929006D5F648A
:102FB00072765F7374617465203D3D204E524658B1
:102FC0005F4452565F53544154455F494E495449FA
:102FD000414C495A4544006B5F73656D5F636F7583
:102FE0006E745F6765742826646D615F61766169E0
:102FF0006C61626C6529203D3D2031006D5F64721B
:10300000765F7374617465203D3D204E5246585F73
:103010004452565F53544154455F504F57455245B3
:10302000445F4F4E0028282873697A65202620289F
:1030300073697A65202D20312929203D3D203029D2
:10304000207C7C2028286570202620307846292086
:10305000213D20302929002873697A6520213D20EF
:103060003029207C7C202828657020262030784656
:103070002920213D2030290028282865702026207D
:1030800030784629203E3D203829202626202873E6
:10309000697A65203C3D20757362645F65705F6985
:1030A000736F5F6361706163697479286570292942
:1030B00029207C7C20282128286570202620307833
:1030C0004629203E3D203829202626202873697A6B
:1030D00065203C3D2036342929006576656E745F95
:1030E00068616E646C657200705F7472616E7366A5
:1030F000657220213D202828766F6964202A2930B6
:103100002900282865702026203078383029203D75
:103110003D203078383029207C7C2028705F747204
:10312000616E736665722D3E705F646174612E72AC
:1031300078203D3D202828766F6964202A2930298F
:1031400029207C7C20286E7266785F69735F696EC7
:103150005F72616D28705F7472616E736665722D47
:103160003E705F646174612E7278292900216E724D
:10317000665F757362645F636F6D6D6F6E5F7375AD
:103180007370656E645F636865636B282900705FA8
:1031900073746174652D3E6D6F72655F7472616EDC
:1031A00073616374696F6E730074785F73697A65B5
:1031B000203C3D2036340065705F73697A65203E9F
:1031C0003D20646174615F73697A650028705F7483
:1031D00072616E736665722D3E705F646174612EFC
:1031E0007278203D3D202828766F6964202A293096
:1031F0002929207C7C206E7266785F69735F696E16
:103200005F72616D28705F7472616E736665722D96
:103210003E705F646174612E727829007472616E11
:10322000736665722E73697A65203D3D20300074A7
:1032300072616E736665722E73697A65203D3D20FA
:1032400072785F73697A65002128286570202620CE
:1032500030784629203E3D203829002828657020F6
:1032600026203078383029203D3D203029006D5F00
:103270006472765F737461746520213D204E5246FE
:10328000585F4452565F53544154455F554E494E22
:10329000495449414C495A4544006E72665F757302
:1032A00062645F636F6D6D6F6E00574553545F547A
:1032B0004F504449522F7A65706879722F64726951
:1032C000766572732F636C6F636B5F636F6E74727E
:1032D0006F6C2F636C6F636B5F636F6E74726F6C78
:1032E0005F6E72662E630074797065203C20434CDB
:1032F0004F434B5F434F4E54524F4C5F4E52465FCD
:10330000545950455F434F554E5400636C6F636B87
:10331000403430303030303030006866636C6B00E1
:103320006C66636C6B00636C6F636B5F636F6E7472
:10333000726F6C00574553545F544F504449522F9D
:103340007A65706879722F647269766572732F631B
:103350006C6F636B5F636F6E74726F6C2F6E7266EF
:103360005F636C6F636B5F63616C696272617469E8
:103370006F6E2E6300496E73756666696369656E6C
:103380007420627566666572732C20667261676D63
:10339000656E742064726F70706564004C696E6550
:1033A00020746F6F206C6F6E672C20667261676D82
:1033B000656E742064726F707065640075617274FC
:1033C0005F6D63756D677200574553545F544F507E
:1033D0004449522F7A65706879722F696E636C75F3
:1033E00064652F7A65706879722F64726976657288
:1033F000732F6770696F2F6770696F5F7574696C81
:10340000732E680063616C6C6261636B00094E6FC0
:103410002063616C6C6261636B210A0063616C6C98
:103420006261636B2D3E68616E646C657200094E6B
:103430006F2063616C6C6261636B2068616E646CA9
:103440006572210A00574553545F544F5044495206
:103450002F6D6F64756C65732F68616C2F6E6F7262
:103460006469632F6E7266782F68616C2F6E726666
:103470005F6770696F2E68006E72665F6770696F54
:103480005F70696E5F70726573656E745F636865A7
:10349000636B282A705F70696E2900574553545F2B
:1034A000544F504449522F7A65706879722F647274
:1034B00069766572732F6770696F2F6770696F5FC8
:1034C0006E7266782E63006770696F4035303030F9
:1034D00030333030006770696F4035303030303015
:1034E000303000574553545F544F504449522F7A5F
:1034F00065706879722F647269766572732F73656F
:103500006E736F722F6E6F726469632F74656D7066
:103510002F74656D705F6E7266352E630064617422
:10352000612D3E636C6B5F6D67720074656D7040FA
:1035300034303030633030300074656D705F6E72DF
:1035400066350054696D656F7574207761697469BB
:103550006E6720666F72207472616E73666572208A
:10356000636F6D706C65746500574553545F544FBD
:10357000504449522F7A65706879722F696E636C76
:103580007564652F7A65706879722F6472697665E3
:1035900072732F6770696F2E6800286366672D3E0F
:1035A000706F72745F70696E5F6D61736B2026203F
:1035B000286770696F5F706F72745F70696E735F98
:1035C00074292831554C203C3C202870696E2929EB
:1035D0002920213D2030550009556E737570706F9C
:1035E000727465642070696E0A0055706461746558
:1035F00020657863656564732063757272656E74A7
:1036000020627566666572007370694034303030D0
:10361000343030300048616C662D6475706C6578AC
:10362000206E6F7420737570706F727465640053D0
:103630006C617665206D6F6465206973206E6F74B0
:1036400020737570706F72746564206F6E202573BF
:10365000004C6F6F706261636B206D6F64652069F1
:1036600073206E6F7420737570706F727465640070
:10367000576F72642073697A6573206F746865721E
:10368000207468616E2038206269747320617265ED
:10369000206E6F7420737570706F7274656400466D
:1036A00072657175656E63696573206C6F7765729D
:1036B000207468616E20313235206B487A20617247
:1036C00065206E6F7420737570706F72746564001E
:1036D0004661696C656420746F20636F6E6669670C
:1036E000757265206E726678206472697665723ACA
:1036F0002025640028666C61677320262028283105
:10370000203C3C203429207C202831203C3C2035A2
:1037100029292920213D20282831203C3C203429FA
:10372000207C202831203C3C203529290009507577
:103730006C6C20557020616E642050756C6C204458
:103740006F776E2073686F756C64206E6F74206283
:103750006520656E61626C65642073696D756C745B
:10376000616E656F75736C790A0028666C616773AA
:103770002026202831203C3C2031292920213D20B1
:1037800030207C7C2028666C6167732026202831DD
:10379000203C3C20322929203D3D203000737069B7
:1037A0005F6E7266785F7370696D007761746368CD
:1037B000646F6740343030313030303000776474BB
:1037C0005F6E72667800574553545F544F504449BA
:1037D000522F6D6F64756C65732F68616C2F6E6FFF
:1037E000726469632F6E7266782F6472697665728F
:1037F000732F7372632F6E7266785F636C6F636B87
:103800002E63006D5F636C6F636B5F63622E6D6F21
:1038100064756C655F696E697469616C697A656409
:1038200000574553545F544F504449522F6D6F64B5
:10383000756C65732F68616C2F6E6F726469632F8E
:103840006E7266782F647269766572732F73726315
:103850002F6E7266785F636C6F636B5F6866636C14
:103860006B2E6300574553545F544F504449522FB9
:103870006D6F64756C65732F68616C2F6E6F726409
:1038800069632F6E7266782F647269766572732F22
:103890007372632F6E7266785F636C6F636B5F6CBD
:1038A00066636C6B2E6300574553545F544F50440E
:1038B00049522F6D6F64756C65732F68616C2F6E44
:1038C0006F726469632F6E7266782F6472697665B1
:1038D00072732F7372632F6E7266785F6770696F91
:1038E00074652E6300574553545F544F50444952FA
:1038F0002F6D6F64756C65732F68616C2F6E6F72BE
:103900006469632F6E7266782F68616C2F6E7266C1
:103910005F6770696F74652E6800696E64657820F2
:103920003C203800705F696E7374616E636500706F
:103930005F6368616E6E656C0070696E5F6861736D
:103940005F7472696767657228705F696E7374610E
:103950006E63652C2070696E2900696E745F656EF8
:1039600061626C6500574553545F544F504449524F
:103970002F6D6F64756C65732F68616C2F6E6F723D
:103980006469632F6E7266782F64726976657273EC
:103990002F7372632F6E7266785F706F7765722E09
:1039A0006300705F636F6E66696720213D20282881
:1039B000766F6964202A293029006D5F706F667701
:1039C00061726E5F68616E646C657220213D2028B3
:1039D00028766F6964202A293029006D5F736C6531
:1039E00065706576745F68616E646C657220213DF8
:1039F000202828766F6964202A293029006D5F7598
:103A000073626576745F68616E646C657220213DD7
:103A1000202828766F6964202A29302900574553C9
:103A2000545F544F504449522F6D6F64756C6573E9
:103A30002F68616C2F6E6F726469632F6E72667887
:103A40002F647269766572732F7372632F6E72665C
:103A5000785F7370696D2E6300705F696E73746157
:103A60006E636520262620705F636F6E666967004F
:103A7000705F63622D3E737461746520213D204E3A
:103A80005246585F4452565F53544154455F554E19
:103A9000494E495449414C495A45440028705F6396
:103AA000622D3E737461746520213D204E5246584C
:103AB0005F4452565F53544154455F554E494E49F9
:103AC0005449414C495A454429202626202828702B
:103AD0005F786665725F646573632D3E705F7478AE
:103AE0005F62756666657220213D202828766F69C1
:103AF00064202A29302929207C7C2028705F786660
:103B000065725F646573632D3E74785F6C656E6784
:103B10007468203D3D203029292026262028287041
:103B20005F786665725F646573632D3E705F72785F
:103B30005F62756666657220213D202828766F6970
:103B400064202A29302929207C7C2028705F78660F
:103B500065725F646573632D3E72785F6C656E6736
:103B60007468203D3D203029292026262028212840
:103B7000666C6167732026202831554C203C3C2020
:103B8000332929207C7C2028705F63622D3E73736B
:103B90005F70696E203D3D202830786666666666F7
:103BA000666666554C29292900705F63622D3E6860
:103BB000616E646C657200574553545F544F5044B6
:103BC00049522F6D6F64756C65732F68616C2F6E31
:103BD0006F726469632F6E7266782F64726976659E
:103BE00072732F7372632F6E7266785F7764742EB0
:103BF00063007469636B73203C3D202830786666EF
:103C0000666666666666554C2900705F696E7374F9
:103C1000616E63652026262028705F696E7374616B
:103C20006E63652D3E63622E616C6C6F635F696EBF
:103C300064657820213D2030292026262028705FC9
:103C4000696E7374616E63652D3E63622E73746179
:103C50007465203D3D204E5246585F4452565F5396
:103C6000544154455F494E495449414C495A454491
:103C70002900705F6368616E6E656C5F6964202601
:103C8000262028705F63622D3E7374617465203D49
:103C90003D204E5246585F4452565F53544154455E
:103CA0005F494E495449414C495A45442900705F87
:103CB000696E7374616E63652D3E63622E73746109
:103CC0007465203D3D204E5246585F4452565F5326
:103CD000544154455F504F57455245445F4F4E0045
:103CE0005465726D696E616C00574553545F544F53
:103CF000504449522F7A65706879722F6B65726EE5
:103D0000656C2F6465766963652E63007263203E7F
:103D10003D202D28307866662920262620726320D3
:103D20003C2030000964657669636520257320694D
:103D30006E69743A20696E76616C6964206572728E
:103D40006F7220282564290A0048616C74696E67C7
:103D50002073797374656D00556E6B6E6F776E208E
:103D60006572726F72003E3E3E205A45504859526D
:103D700020464154414C204552524F522025643A2E
:103D8000202573206F6E2043505520256400466126
:103D9000756C7420647572696E6720696E746572E3
:103DA000727570742068616E646C696E670A004396
:103DB000757272656E74207468726561643A20254C
:103DC00070202825732900574553545F544F5044A1
:103DD00049522F7A65706879722F6B65726E656CC7
:103DE0002F666174616C2E6300726561736F6E2063
:103DF000213D204B5F4552525F4B45524E454C5F33
:103E000050414E49430009417474656D7074656496
:103E100020746F207265636F7665722066726F6DB5
:103E20002061206B65726E656C2070616E69632025
:103E3000636F6E646974696F6E0A00435055206544
:103E40007863657074696F6E00556E68616E646C3E
:103E5000656420696E746572727570740053746164
:103E6000636B206F766572666C6F77004B65726E60
:103E7000656C206F6F7073004B65726E656C20709F
:103E8000616E696300574553545F544F5044495223
:103E90002F7A65706879722F6B65726E656C2F6909
:103EA0006E69742E63007468726561645F64617426
:103EB00061203C3D205F5F7374617469635F746867
:103EC000726561645F646174615F6C6973745F657E
:103ED0006E6400646576203C3D205F6465766963AE
:103EE000655F6C6973745F656E6400574553545F1A
:103EF000544F504449522F7A65706879722F6B6520
:103F0000726E656C2F6B686561702E630021617243
:103F100063685F69735F696E5F6973722829207CCB
:103F20007C20282874696D656F7574292E74696307
:103F30006B73203D3D202828286B5F74696D656F89
:103F400075745F74297B307D29292E7469636B73C6
:103F50002900090A0068656170203C3D205F6B5FA5
:103F6000686561705F6C6973745F656E6400574566
:103F700053545F544F504449522F7A657068797298
:103F80002F6B65726E656C2F6D656D5F736C616212
:103F90002E6300736C6162203C3D205F6B5F6D653A
:103FA0006D5F736C61625F6C6973745F656E6400F2
:103FB00028736C61622D3E667265655F6C6973740F
:103FC000203D3D202828766F6964202A2930292049
:103FD000262620736C61622D3E696E666F2E6E75AB
:103FE0006D5F75736564203D3D20736C61622D3E8D
:103FF000696E666F2E6E756D5F626C6F636B732991
:10400000207C7C20736C61625F7074725F69735F87
:10401000676F6F6428736C61622C20736C61622D12
:104020003E667265655F6C697374290009736C6123
:104030006220636F7272757074696F6E206465744C
:1040400065637465640A0009496E76616C69642071
:104050006D656D6F727920706F696E746572207016
:10406000726F76696465640A00574553545F544F14
:10407000504449522F7A65706879722F6B65726E61
:10408000656C2F696E636C7564652F6B736368650F
:10409000642E680021617263685F6972715F756E7A
:1040A0006C6F636B6564286B657929007468726551
:1040B00061642D3E626173652E70656E6465645F38
:1040C0006F6E00574553545F544F504449522F7AF6
:1040D00065706879722F6B65726E656C2F69646CA0
:1040E000652E63005F6B65726E656C2E6370757311
:1040F0005B305D2E63757272656E742D3E62617306
:10410000652E7072696F203E3D2030005745535434
:104110005F544F504449522F7A65706879722F6B03
:1041200065726E656C2F6D757465782E6300216104
:104130007263685F69735F696E5F697372282900D3
:10414000096D7574657865732063616E6E6F742098
:104150006265207573656420696E736964652049C2
:104160005352730A006D757465782D3E6C6F636BE6
:104170005F636F756E74203E203055005745535471
:104180005F544F504449522F7A65706879722F6B93
:1041900065726E656C2F73656D2E630028286172E1
:1041A00063685F69735F696E5F6973722829203D78
:1041B0003D203029207C7C20282874696D656F752E
:1041C00074292E7469636B73203D3D202828286B69
:1041D0005F74696D656F75745F74297B307D292903
:1041E0002E7469636B73292900574553545F544FEC
:1041F000504449522F7A65706879722F6B65726EE0
:10420000656C2F776F726B2E6300776F726B2D3E2C
:10421000717565756520213D202828766F696420B9
:104220002A29302900776F726B2D3E68616E646CAD
:10423000657220213D202828766F6964202A293064
:10424000290021666C61675F746573742826717537
:104250006575652D3E666C6167732C204B5F574F0B
:10426000524B5F51554555455F5354415254454457
:104270005F424954290071756575650064776F72F6
:104280006B20213D202828766F6964202A29302957
:1042900000574553545F544F504449522F7A65702C
:1042A0006879722F6B65726E656C2F7468726561C8
:1042B000642E6300282828287072696F2929203D00
:1042C0003D203135202626207A5F69735F69646C52
:1042D000655F7468726561645F656E7472792828C1
:1042E000656E747279292929207C7C202828283140
:1042F00035202D203129203E3D2028282D313629FA
:1043000029292026262028287072696F2929203E15
:104310003D2028282D3136292920262620282870BE
:1043200072696F2929203C3D20283135202D20310C
:104330002929290009696E76616C696420707269A7
:104340006F7269747920282564293B20616C6C6F39
:104350007765642072616E67653A20256420746F0A
:104360002025640A000954687265616473206D61D8
:1043700079206E6F74206265206372656174656474
:1043800020696E20495352730A00574553545F54B5
:104390004F504449522F7A65706879722F6B65725D
:1043A0006E656C2F73636865642E6300217A5F69A4
:1043B000735F69646C655F7468726561645F6F6286
:1043C0006A6563742874687265616429005745538F
:1043D000545F544F504449522F7A65706879722F58
:1043E0006B65726E656C2F696E636C7564652F6B9F
:1043F0007468726561642E68005F6B65726E656CCF
:104400002E637075735B305D2E63757272656E74AA
:1044100020213D202828766F6964202A2930290030
:104420002169735F7468726561645F64756D6D792D
:10443000287468726561642900574553545F544F6E
:10444000504449522F7A65706879722F6B65726E8D
:10445000656C2F696E636C7564652F6B7377617023
:104460002E6800617263685F6972715F756E6C6F50
:10447000636B6564286B657929207C7C205F6B65A4
:10448000726E656C2E637075735B305D2E63757232
:1044900072656E742D3E626173652E74687265611B
:1044A000645F737461746520262028282831554C78
:1044B000203C3C202830292929207C2028283155DF
:1044C0004C203C3C202833292929290009436F6EC0
:1044D0007465787420737769746368696E67207790
:1044E00068696C6520686F6C64696E67206C6F63C7
:1044F0006B210A0073697A656F66285F736368656C
:10450000645F7370696E6C6F636B29203D3D203072
:10451000207C7C206C6F636B20213D20265F7363C1
:104520006865645F7370696E6C6F636B005F6B6569
:10453000726E656C2E637075735B305D2E63757281
:1045400072656E742D3E626173652E736368656477
:104550005F6C6F636B656420213D203155005F6B9C
:1045600065726E656C2E637075735B305D2E63755E
:104570007272656E742D3E626173652E7363686539
:10458000645F6C6F636B656420213D2030550021B2
:104590007465726D696E617465000961626F727431
:1045A0006564205F63757272656E74206261636B0F
:1045B0002066726F6D20646561640A002165737303
:1045C000656E7469616C000961626F727465642064
:1045D000657373656E7469616C207468726561647B
:1045E0002025700A00574553545F544F5044495298
:1045F0002F7A65706879722F6B65726E656C2F7497
:10460000696D65736C6963696E672E630028287431
:10461000696D656F75742920262620282875696EB6
:10462000747074725F742928736C6963655F746950
:104630006D656F7574732929203C3D2028287569A4
:104640006E747074725F74292874696D656F757407
:10465000292920262620282875696E747074725FB7
:1046600074292874696D656F75742929203C202888
:104670002875696E747074725F7429282628736CAB
:104680006963655F74696D656F757473295B28284C
:1046900073697A655F7429282828696E742973699B
:1046A0007A656F6628636861725B31202D2028323D
:1046B000202A202128215F5F6275696C74696E5F12
:1046C00074797065735F636F6D70617469626C6536
:1046D0005F70285F5F747970656F665F5F28736CC9
:1046E0006963655F74696D656F757473292C205FEC
:1046F0005F747970656F665F5F282628736C6963E5
:10470000655F74696D656F757473295B305D292908
:1047100029295D29202D203129202B202873697A11
:10472000656F6628736C6963655F74696D656F7525
:10473000747329202F2073697A656F662828736C3B
:104740006963655F74696D656F757473295B305D4E
:10475000292929295D292920262620282828756924
:104760006E747074725F74292874696D656F7574E6
:104770002929202D20282875696E747074725F7441
:104780002928736C6963655F74696D656F757473EF
:1047900029292920252073697A656F662828736C7A
:1047A0006963655F74696D656F757473295B305DEE
:1047B00029203D3D20302900574553545F544F5028
:1047C0004449522F7A65706879722F6B65726E65F5
:1047D0006C2F74696D656F75742E63002173797326
:1047E0005F646E6F64655F69735F6C696E6B65644F
:1047F0002826746F2D3E6E6F64652900574553540B
:104800005F544F504449522F7A65706879722F6B0C
:1048100065726E656C2F6D656D706F6F6C2E6300C9
:10482000616C69676E203D3D2030207C7C2028280B
:1048300075696E747074725F74296D656D202620C1
:1048400028616C69676E202D20312929203D3D208B
:104850003000096D6973616C69676E6564206D6510
:104860006D6F72792061742025702028616C6967F2
:104870006E203D20257A75290A00737973776F724F
:104880006B7100286E756C6C29002A666C6F617400
:104890002A006364696E6F70737578585B00040852
:1048A00014280C0D0E0F101010101010107F7F7FA9
:1048B0007F7F7F7F7F7F7F7F7F7F7F7F7F7F7F7F08
:1048C0007F7F7F7F7F7F7F7F7F7F7F7F7F7F7F7FF8
:1048D0007F7F7F7F7F7F7F7F3E7F7F7F3F34353647
:1048E0003738393A3B3C3D7F7F7F407F7F7F0001F7
:1048F00002030405060708090A0B0C0D0E0F101120
:1049000012131415161718197F7F7F7F7F7F1A1BCC
:104910001C1D1E1F202122232425262728292A2B5F
:104920002C2D2E2F303132337F7F7F7F7F414243CA
:104930004445464748494A4B4C4D4E4F50515253BF
:104940005455565758595A61626364656667686979
:104950006A6B6C6D6E6F707172737475767778793F
:104960007A303132333435363738392B2F01000263
:1049700000000102030405060700202A2A2A2A2A29
:104980002A2A2A2A2A2A2A2A2A00010000000000AC
:104990000054545220524547474553000102020338
:1049A00003030300FFFFFFFFFFFFFFFFFFFFFFFF0A
:1049B000FFFFFFFFFFFFFFFFFFFFFFFF0000000003
:1049C00000000000000000000000000000000000E7
:1049D00000000000000000000000000000000000D7
:1049E00000000000000000000000000000000000C7
:1049F00000000000000000000000000000000000B7
:104A000000000000000000000000000000000000A6
:104A10000000000000000000000000000000000096
:104A20000000000000000000000000000000000086
:104A30000000000000000000000000000000000076
:104A40000000000000000000781300206413002024
:104A500000C201000000080000000000000000008B
:104A60000000000000000000000000000000000046
:104A70000000000000000000000000000000000036
:104A80000000000000000000000000000000000026
:104A90000000000000000000000000000000000016
:104AA0000000000000000000000000000000000006
:104AB00000000000000000000000000000000000F6
:104AC00000000000000000000000000000000000E6
:104AD00000000000000000000000000000000000D6
:104AE00000000000000000000000000000000000C6
:104AF0000000000000000000B8130020A4130020F4
:104B000000C20100000008000000000000000000DA
:104B10000000000000000000000000000000000095
:104B200079C2020000000000000100000000000047
:104B30000000000000000000000000000000000075
:104B4000000000000000000000000000FFFFFFFF69
:104B5000A5B9020095BB0200D8E2020000000000E7
:104B6000806800200000000000000000000000003D
:104B700000040000806C0020000000000000000025
:104B8000000000000004000015F901008000000092
:104B90008DF50100000000008DF50100800000008F
:104BA00080700020000000000000000000000000F5
:104BB00000040000807400200000000000000000DD
:104BC000000000000004000015F901008000000052
:104BD0008DF50100000000008DF50100800000004F
:104BE0000000000033C102000000000000000000CF
:104BF0000060004000000000000000000000000015
:104C000000000000000000000000000000000000A4
:104C10000000000000000000000000000000000094
:104C20000000000000000000000000000000000084
:104C30000000000000000000000000000000000074
:104C40000000000000000000000000000000000064
:104C50000000000000000000000000000000000054
:104C60000000000000000000000000000000000044
:104C7000000000000000000044E302000600000005
:104C800057C20200000000001115020000000000E1
:104C90000000000000000000A93B0200000000002E
:104CA0000000000000400040000000000000000084
:104CB00000000000000000000000000000000000F4
:104CC00000000000000000000000000000000000E4
:104CD00000000000000000000000000000000000D4
:104CE00000000000000000000000000000000000C4
:104CF00000000000000000000000000000000000B4
:104D000000000000000000000000000000000000A3
:104D10001415002014150020000000000100000000
:104D200024150020241500200000000001000000D0
:104D30000000000000000000000000000000000073
:104D40000000000000000000000000000000000063
:104D50000000000000000000000000000000000053
:104D60000000000000000000000001400000000002
:104D70000000000000000000000000000000000033
:104D80000000000000000000000000000000000023
:104D90000000000000000000000000000000000013
:104DA0000090D003FF00000090020000B01500202A
:104DB000B0150020FF01010000000000000000000D
:104DC00000000000000000000000000000000000E3
:104DD0000000000031A00200000000000000000000
:104DE00000000000E8150020E815002071C5020051
:104DF00000000000000000000000000000000000B3
:104E00000000000008160020081600200000000026
:104E1000F0640020000000002000000014000000EA
:104E200000000000281600202816002000000000C6
:104E300070670020000000000200000088000000F1
:104E40000000000048160020481600200000000066
:104E5000000000000E0000005C1600205C16002020
:104E60000100000001000000000000000000000040
:104E700000000000781600207816002000000000D6
:104E800000000000000000008C1600208C1600209E
:104E9000000000000000000000000000A01600203C
:104EA000A016002000000000040004000400000020
:104EB0000000000074E30200806400201201000280
:104EC000EF020140E32F0001040401020301090283
:104ED0000000000100C032080B00020202000009BD
:104EE0000400000102020000052400100105240155
:104EF00002010424020205240600010705800310B4
:104F0000000A09040100020A0000000705800240AF
:104F1000000007050002400000080B00020202002A
:104F20000009040000010202000005240010010530
:104F30002401020104240202052406000107058061
:104F40000310000A09040100020A0000000705809E
:104F50000240000007050002400000040309040E9F
:104F6000035A4550485952000000000000240370C5
:104F7000412D436F6E7665727465722056352E3101
:104F80000000000000000000000000000000000021
:104F90000022033031323334353637383941424319
:104FA0004445460000000000000000000000000032
:104FB0000000000000FFFFFF00000000E3160020DB
:104FC00039BE020065FB0100B1F8010000000000DD
:104FD0000000000003000000CC13002000000000CF
:104FE0002517002039BE020065FB0100B1F8010061
:104FF0000000000000000000030000008C130020EF
:1050000015E015E0076950011000200041F8A3A544
:105010007B0739248B1783A50467AFD8F4F863A204
:10502000500A990DA8BCDD54468E2CB50100200015
:10503000FC5701DC6135E1323847BDC40F04D2E5CD
:10504000BEE5833B23C29F93593D00018CFA99949E
:10505000200000017FAE72C15F3261AE5F2E61DA67
:1050600097CE7D5C9A85285BE4DC002A5D2C9C2B26
:1050700030CA1776939A8DC21750FDBB4CB60E33CB
:1050800010374638763A1ED9A7371C67967765EFF2
:105090008356802D5E556C299573C4B608C22DD1F8
:1050A000B0332F4C45AF5F25B37EC2CCCB28873DB4
:1050B0003079C438154118C7AB7DEF5AE10E540E54
:1050C000811196BABAC003F98C66F8ABB832C96FD1
:1050D000646D4A8BE65C835B3F03496C891F5277A2
:1050E000500D09B3D22A3775001DA640AA9763E078
:1050F000610503861124EAB97B8CD65672390A38C9
:105100002B5EBC7F3BC6BFB39B1705D6A61F6BD8D3
:10511000236E61C6411E7E9E23F2F291A81D5ECAD7
:105120000DF8D3E530F9839B668FB23040DA27441F
:10513000D68E9317B73DA8E909C743FD08C4F5E427
:105140001F95B7E132408FD102414CE1EC2D160E94
:04515000660E27269A
:00000001FF
