:1000000040660020E143000059BE0000CD430000DF
:10001000CD430000CD430000CD43000000000000B0
:10002000000000000000000000000000BD440000CF
:10003000CD43000000000000AD460000CD430000AD
:100040002547000025470000254700002547000000
:1000500025470000254700002547000025470000F0
:1000600025470000254700002547000025470000E0
:1000700025470000254700002547000025470000D0
:1000800025470000254700002547000025470000C0
:1000900025470000254700002547000025470000B0
:1000A00025470000254700002547000025470000A0
:1000B0002547000025470000254700002547000090
:1000C0002547000025470000254700002547000080
:1000D0002547000025470000254700002547000070
:1000E0002547000025470000254700002547000060
:1000F0002547000025470000254700002547000050
:1001000070B491E87800B2E802105B1854EB0C046C
:10011000B2E802104D4156EB0C0680E878008041B1
:10012000013070BC704700BF70B491E87800B2E84D
:1001300002105B1A74EB0C04B2E802108D4176EBEE
:100140000C0680E878008041404270BC704700BFD8
:100150002DE9F00791E80017C0CAA8FB063440F863
:10016000043BA9FB0615E8FB6741EAFB665140F832
:10017000044BA9FB0743ECFB661344CAE8FB62543B
:10018000EAFB6714ECFB673440F8045BA9FB0275DB
:10019000EAFB6235ECFB6245E8FB6617E9FB663774
:1001A000EAFB6647ECFB6657BAC0BDE8F00770474C
:1001B0002DE9F00791E8F807B2E802105B1854EB5C
:1001C0000C04B2E802104D4156EB0C06B2E80210E6
:1001D0004F4158EB0C08B2E8021059EB01095AEBF9
:1001E0000C0A80E8F80780410130BDE8F00770474D
:1001F0002DE9F00791E8F807B2E802105B1A74EBFA
:100200000C04B2E802108D4176EB0C06B2E8021045
:100210008F4178EB0C08B2E8021079EB01097AEB18
:100220000C0A80E8F80780414042BDE8F0077047BB
:100230002DE9F007524290E87800B1E880071740B6
:10024000DB1918EA020854EB080419EA020955EB15
:1002500009051AEA020A56EB0A0678C090E8780007
:10026000B1E8800717407B4118EA020854EB080404
:1002700019EA020955EB09051AEA020A56EB0A06C1
:1002800078C080410130BDE8F00770472DE9F007E4
:10029000524290E87800B1E880071740DB1B18EA6B
:1002A000020874EB080419EA020975EB09051AEA59
:1002B000020A76EB0A0678C090E87800B1E8800779
:1002C0001740BB4118EA020874EB080419EA020956
:1002D00075EB09051AEA020A76EB0A0678C0804136
:1002E0004042BDE8F00770472DE9F00152424FF05F
:1002F000040890E8300091E8C000A31B1340E41A02
:10030000F618EB1B1340ED1AFF1830C0C0C1B8F14E
:100310000108EED1BDE8F001704700BF00B592E8DA
:10032000DC072DE9DC07B1E8805702B4A7FB0251D6
:100330000A95A8FB020BE7FB6310E9FB62B00B9187
:10034000A8FB0351EAFB6201E7FB64B5E7FB660526
:10035000E8FB6615CDF830B0A9FB03B6EAFB6316DF
:10036000ECFB6356E8FB640BE9FB641BEAFB645B94
:10037000ECFB646B0D90ACFB0230059CEEFB625015
:10038000E9FB6460EAFB64B0E7FB6431E8FB6451BD
:10039000069CE8FB6461E9FB64B1EAFB64010E932F
:1003A000A7FB0432079CE7FB6462E8FB64B2E9FB4D
:1003B0006402EAFB6412049CE9FB6453EAFB646395
:1003C000089CE7FB64B3E8FB6403E9FB6413EAFB06
:1003D00064230F955DF8049B99E80006DDF8008022
:1003E000A9FB0854EAFB68B4DDF81080ECFB680454
:1003F000EEFB6814E9FB6824EAFB6834DDF804804E
:10040000EEFB6865E9FB68B5EAFB6805DDF814807A
:10041000ECFB6815EEFB6825E9FB6835EAFB6845EF
:100420000F96DDF80880AEFB0876E9FB6806EAFB6C
:100430006816DDF81880ECFB6826EEFB6836E9FBF1
:100440006846EAFB6856DDF80C80ECFB68B7EEFB0B
:100450006807E9FB6817EAFB6827DDF81C80ECFBFE
:100460006837EEFB6847E9FB6857EAFB686708B046
:1004700000BD00BF2DE9F14F87B0FFF74FFFDDF85A
:100480001C8008F1200888E8FF00FFBC87E87F088F
:10049000BDE8F08F00B591E89857A3FB0352019592
:1004A000A3FB0401E3FB6420E3FB67100292A3FBC0
:1004B0000752E3FB6802E4FB6415E3FB6805E3FB1A
:1004C00069250391A4FB07B6E3FB6926E3FB6A56A3
:1004D000E4FB670BE4FB682BE3FB6A5BE3FB6C6B01
:1004E0000490A4FB0810E4FB6950E3FB6C60E3FBA1
:1004F0006EB0E7FB6721E4FB6951E4FB6A61E3FB53
:100500006EB1E4FB6E010592A7FB0832E4FB6A6260
:10051000E4FB6CB2E4FB6E02E7FB6E12E7FB685390
:10052000E7FB6963E4FB6CB3E7FB6C03E7FB6E136B
:10053000E8FB6E230695A7FB0954E7FB6AB4E7FBCB
:100540006C04E8FB6C14E8FB6E24E9FB6E34E8FBFA
:100550006865E7FB6AB5E8FB6A05E8FB6C15E9FB33
:100560006C25E9FB6E35EAFB6E450796A8FB09761C
:10057000E8FB6A06E9FB6A16E9FB6C26EAFB6C36C7
:10058000EAFB6E46ECFB6E56E8FB69B7E9FB6907D0
:10059000E9FB6A17EAFB6A27EAFB6C37ECFB6C475E
:1005A000ECFB6E57EEFB6E6700BD00BF2DE9F14F0F
:1005B00087B0FFF76FFFDDF81C8008F1200888E89E
:1005C000FF00FFBC87E87F08BDE8F08F2DE9F04F02
:1005D00090E8F00F00F140004FF0040E59E0F0B445
:1005E000826BC36B04680525242687593C444FEA77
:1005F000724787EAF24787EA92273C4442684FEA0B
:10060000F21787EAB24787EAD2073C4440F8044B26
:10061000032D08BF6FF01B0687593A444FEA734712
:1006200087EAF34787EA93273A4443684FEAF31788
:1006300087EAB34787EAD3073A4440F8042B87593F
:100640003B444FEA744787EAF44787EA94273B44E0
:1006500044684FEAF41787EAB44787EAD4073B4473
:1006600040F8043B013DC0D1A0F13C00076A3C4486
:100670004FEA724787EAF24787EA92273C440268CA
:100680004FEAF21787EAB24787EAD2073C44C463CD
:10069000F0BC4FF0020288EA781C8CEAF84C0BEBB5
:1006A000BC1C8AEA090303EA080383EA0A039C44A0
:1006B00050F8043B9C4451F8043B9C44674444EA92
:1006C000050B0BEA060B04EA05034BEA030BE344B4
:1006D00084EAF42383EA34530BEBB30B87EA771CE9
:1006E0008CEAF74C0AEBBC1C89EA080303EA07030F
:1006F00083EA09039C4450F8043B9C4451F8043BB2
:100700009C4466444BEA040A0AEA050A0BEA04031D
:100710004AEA030AE2448BEAFB2383EA3B530AEBEF
:10072000B30A86EA761C8CEAF64C09EBBC1C88EA14
:10073000070303EA060383EA08039C4450F8043BDA
:100740009C4451F8043B9C4465444AEA0B0909EA7D
:1007500004090AEA0B0349EA0309E1448AEAFA2395
:1007600083EA3A5309EBB30985EA751C8CEAF54C28
:1007700008EBBC1C87EA060303EA050383EA0703C8
:100780009C4450F8043B9C4451F8043B9C44644412
:1007900049EA0A0808EA0B0809EA0A0348EA0308D2
:1007A000E04489EAF92383EA395308EBB30884EA81
:1007B000741C8CEAF44C07EBBC1C86EA050303EAC4
:1007C000040383EA06039C4450F8043B9C4451F81C
:1007D000043B9C44E34448EA090707EA0A0708EA9D
:1007E000090347EA0307674488EAF82383EA385392
:1007F00007EBB3078BEA7B1C8CEAFB4C06EBBC1CBB
:1008000085EA040303EA0B0383EA05039C4450F8DA
:10081000043B9C4451F8043B9C44E24447EA0806EC
:1008200006EA090607EA080346EA0306664487EA79
:10083000F72383EA375306EBB3068AEA7A1C8CEA7D
:10084000FA4C05EBBC1C84EA0B0303EA0A0383EAB7
:1008500004039C4450F8043B9C4451F8043B9C44E2
:10086000E14446EA070505EA080506EA070345EA02
:100870000305654486EAF62383EA365305EBB305A0
:1008800089EA791C8CEAF94C04EBBC1C8BEA0A035C
:1008900003EA090383EA0B039C4450F8043B9C449D
:1008A00051F8043B9C44E04445EA060404EA07048A
:1008B00005EA060344EA0304644485EAF52383EA6F
:1008C000355304EBB304013A7FF4E5AEA0F14000E8
:1008D000BEF1010E7FF483AEA0F1400C9CE80F0046
:1008E000001949199219DB19ACE80F009CE80F00B8
:1008F0004044494452445B44ACE80F00BDE8F08FEB
:100900002DE9F00F4408F0C9B2E8000F54EB0804D9
:1009100055EB090556EB0A0657EB0B07F0C0F0C97B
:10092000B2E8000F54EB080455EB090556EB0A0634
:1009300057EB0B07A3F101031B40F0C0E3D180414B
:100940000130BDE8F00F70472DE9F00F241BF0C90E
:10095000B2E8000F74EB080475EB090576EB0A06A4
:1009600077EB0B07F0C0F0C9B2E8000F74EB080496
:1009700075EB090576EB0A0677EB0B07A3F101038C
:100980001B40F0C0E3D180414042BDE8F00F70470A
:100990002DE9F00F5242440890E8F000B1E8000F52
:1009A00018EA020854EB080419EA020955EB090594
:1009B0001AEA020A56EB0A061BEA020B57EB0B0770
:1009C000F0C090E8F000B1E8000F18EA020854EB1C
:1009D000080419EA020955EB09051AEA020A56EB5E
:1009E0000A061BEA020B57EB0B07A3F101031B409E
:1009F000F0C0D1D180410130BDE8F00F704700BF99
:100A00002DE9F00F5242241B90E8F000B1E8000FEE
:100A100018EA020874EB080419EA020975EB0905E3
:100A20001AEA020A76EB0A061BEA020B77EB0B07BF
:100A3000F0C090E8F000B1E8000F18EA020874EB8B
:100A4000080419EA020975EB09051AEA020A76EBAD
:100A50000A061BEA020B77EB0B07A3F101031B400D
:100A6000F0C0D1D180414042BDE8F00F704700BFD7
:100A7000F0B44408F0C954414FEAE272554156417E
:100A80005741F0C0F0C95441554156415741A3F177
:100A900001031B40F0C0EDD142F10000F0BC7047F3
:100AA000F0B45242241BF0C9544094415540954142
:100AB0005640964157409741F0C0F0C95440944188
:100AC000554095415640964157409741A3F1010347
:100AD0001B40F0C0E7D1F0BC704700BF2DE9F00F1C
:100AE000013AD24390E8F000B1E8000F98EA02081A
:100AF00054EB080499EA020955EB09059AEA020A3F
:100B000056EB0A069BEA020B57EB0B07F0C090E886
:100B1000F000B1E8000F98EA020854EB080499EAE3
:100B2000020955EB09059AEA020A56EB0A069BEA06
:100B3000020B57EB0B07A3F101031B40F0C0D1D10F
:100B400052F10000BDE8F00F704700BF53B94AB939
:100B5000002908BF00281CBF4FF0FF314FF0FF30C5
:100B600000F00CB8ADF1080C6DE904CE00F010F8FF
:100B7000DDF804E0DDE9022304B07047704700BFF0
:100B8000034613F8012B002AFBD1181A01387047CD
:100B90002DE9F0478C468E46089E154604461946B8
:100BA000002B40F0D080724547D9B2FA82F74FB19E
:100BB000C7F120030EFA07FC20FA03F3BD4043EA15
:100BC0000C0CBC404FEA154EA8B2BCFBFEF8230C3F
:100BD0000EFB18CC08FB00F943EA0C43994528D9D1
:100BE000EB1808F1FF3204D2994502D9A8F10202AC
:100BF0002B44A3EB0903A4B2B3FBFEFC0EFB1C3396
:100C00000CFB00F044EA0344A04214D92C190CF167
:100C1000FF3304D2A04202D9ACF102032C44241ABF
:100C200043EA02401EB1FC40002334607360BDE81B
:100C3000F0874246DDE76346F1E7002A79D0B2FA51
:100C400082F3002B3FD01946C1F1200302FA01F5CF
:100C50002EFA03F20EFA01FE20FA03F343EA0E0322
:100C60004FEA154E00FA01F4B2FBFEFCAFB20EFBE8
:100C70001C201A0C0CFB07F842EA004290455AD996
:100C8000AA180CF1FF3004D2904502D9ACF1020051
:100C90002A44A2EB08029BB2B2FBFEFC0EFB1C2214
:100CA0000CFB07F743EA02439F4246D9EB180CF1CD
:100CB000FF3204D29F4202D9ACF102022B44DB1B6B
:100CC00042EA004202E0AEEB020301224FEA154E77
:100CD000AFB2B3FBFEFC200C0EFB1C330CFB07F881
:100CE00040EA034398452AD9EB180CF1FF3004D2AF
:100CF000984502D9ACF102002B44A3EB0803A4B23F
:100D0000B3FBFEFC0EFB1C330CFB07F744EA034469
:100D1000A74216D92C190CF1FF3304D2A74202D9ED
:100D2000ACF102032C44E41B43EA00400F46114699
:100D300078E71F2188E76046ABE76246BFE7604679
:100D4000DBE76346EFE7734506D916B9002108468D
:100D50006DE7C6E9000EF9E7B3FA83F787B9734583
:100D600001D3824207D8841A6EEB030301209C460C
:100D70001EB900215BE73846FAE7C6E9004CF8E700
:100D8000C7F1200CBB4022FA0CF51D4320FA0CF1F0
:100D90002EFA0CF30EFA07FE41EA0E014FEA15494E
:100DA00000FA07F4B3FBF9F81FFA85FE09FB1830C7
:100DB0000B0C08FB0EFA43EA00439A4502FA07F2CD
:100DC00040D9EB1808F1FF3004D29A4502D9A8F1B6
:100DD00002002B44A3EB0A0389B2B3FBF9F809FB29
:100DE000183308FB0EFE41EA03418E452CD96918E1
:100DF00008F1FF3304D28E4502D9A8F10203294439
:100E000043EA0040A0FB0298A1EB0E014145CE460B
:100E1000434602D306D14C4504D2B9EB020E68EB2F
:100E200005030138002EA4D0B4EB0E0261EB0301E0
:100E300001FA0CFC22FA07F34CEA0303F940C6E975
:100E4000003196E74046C5E74346D9E7F0B5354B54
:100E5000354A85B0C3F80026C3F80426C3F808262F
:100E6000C3F80C26C3F81026C3F81426C3F81826B6
:100E7000C3F81C2609F0D8FE02F0D8FB0CF039FDAF
:100E800004460F4601A800F0D1FC05460CF031FDE8
:100E90004FF47A76A4FB063206FB0722DB0B43EA0B
:100EA0004243A0FB062006FB010003F59C53D20B36
:100EB000083342EA4042991A0129B8BF01211B4870
:100EC00003F000F81A4B1B68AB4205D002F0AEFBF2
:100ED000164802F0EFFFFEE74FF4C03100200BF0A0
:100EE00012FA00B1FEE79DF80800694609F079FEA4
:100EF00008B10AF0F2FF009A039B0E4C1344019ACA
:100F000012891344236006F05BF801F081FC00F0C5
:100F100079FE00F04DFE03F08DFA2068064B9847ED
:100F2000FEE700BF000001403546526E58E0000069
:100F3000F4090020100700200100002021B1012940
:100F400006D06FF015007047044B53F8300070471F
:100F5000024B03EBC0035868704700BF60E000001D
:100F60002DE9F04FD7B0DFF870A1DDF888C1DAF8CD
:100F70000050CDF80CC0DDF884C1CDF808C00DF1EB
:100F8000380BDDF880C1CDF804B0CDF800C0639C0B
:100F900007468846164600F0EBF828B1DAF800500C
:100FA000284657B0BDE8F08F6CB1A1465A4616AC42
:100FB000134603CBA342C9F80000C9F804101A462F
:100FC00009F10809F4D10023009332464FF6FF736C
:100FD000414608A809F029FE05900028DED13146D7
:100FE00038460D9C09F006FFA042D7D34FF0FF34DE
:100FF00016E03F88202FD1D1D9F800103B4616AA21
:1010000030460AF0B6FC0028C8D13A4616A9584620
:1010100009F0B2FE314B1B688342BFD10123059317
:1010200006AF0DF11C090DF11A033A46494608A80E
:1010300009F049FE0028B1DB48D1D9F8001008A812
:1010400009F08CFEBDF81A8040B9254A4FF6FF71B1
:1010500032F8023B8B42A1D04345F9D1B8F1100FD1
:10106000C7D0B8F1200F13D0B8F1010FD8D13B8809
:10107000202B93D8D9F8001016AA30460AF079FC34
:1010800000288BD1397816A800F02EF80446C7E75F
:10109000002CABDB134B1B68A342A7DD3B88B3F5E9
:1010A000807F7FF47BAFD9F8001016AA30460AF093
:1010B00060FC00287FF472AFE4B200943B8816AA6B
:1010C0004146584600F0E2F805468FE7059B012BA4
:1010D0007FF464AF64E700BFF4000020F40900204F
:1010E00084E2000068E000002DE9F0412029FCB016
:1010F00080460D4605D94FF0FF3420467CB0BDE850
:10110000F081184B184E1F680024A742F3DDE82237
:10111000002142A80CF0A3FDE82242A908A80CF087
:1011200077FD124908A807F089FF736856F8081B75
:101130001A6808A80CF00BFC2022002369460DEB6E
:101140000200429342AB0CF009FC08A80CF011FC21
:101150002A46414668460CF08AFD0028CDD001346D
:10116000D3E700BF68E000006CE000000900000267
:101170002DE9F0479246F4B0E8220DEB02000C4650
:101180000021DDE97E5799467C9E0CF068FDE8223F
:101190000DEB020168460CF03BFD1C49684607F068
:1011A0004DFF35B1002F04DD3A46294668460CF064
:1011B000CEFB63892289D4F80C801344984400251F
:1011C000454508D300247D993A943AAB20226846DD
:1011D0000CF0C4FB0CE0A8EB0507B74228BF37466C
:1011E0003B464A46294650460AF0C3FB044630B106
:1011F00068460CF0BEFB204674B0BDE8F0873A4666
:10120000494668460CF0A3FB3D44D9E709000002BB
:101210002DE9F0418AB004460D46164600211C22F5
:1012200003A81F460CF01BFD0CF0B4FB28BB144BAD
:10123000DFF85080144A0890CDE903304FF4205372
:10124000CDE90538126802AB394603A807F004FF60
:101250004FF480732246CDE9006341462B46029845
:1012600007F0A0FE044602980CF089FB2043B0FA78
:1012700080F040090AB0BDE8F0810020FAE700BF25
:10128000014000080903000684E00000202910B591
:1012900002D00A4B186810BDB3F5807F02D0074B0F
:1012A0001868F8E79DF80840054B53F83430FFF70D
:1012B000AFFF0028F3D0034BF2E700BFF40000209B
:1012C0006CE00000F4090020084A0B78400052F856
:1012D00020108B4208D0013052F8200083420CBF0E
:1012E0008A204FF0FF3070478A20704774E000007A
:1012F00038B50E4B002918BF0B46436203F5B8738F
:1013000003650121044609F0BCFD58B902212046BD
:1013100009F0B7FD054638B9206A0AF069FBE065B7
:10132000284638BD0125FBE70925F9E71407002009
:101330002DE9F3471E468368994205460F46144639
:1013400044D25B1A934241D38EB36A4609F051FCF2
:1013500000283DDB013CDDF8008027441E4CDFF80F
:101360007C906A463946284609F043FC00282FDB6A
:10137000DDE900A728463A4651460AF024FB00283A
:1013800026DBC4F80096C4F80496C4F80896C4F89E
:101390000C96C4F81096C4F81496C4F81896C4F8BD
:1013A0001C9676B1D04513D20AF1FF37D9E7511E0A
:1013B00039446A4609F01DFC002809DBDDF800808D
:1013C000CCE75744474503D80137CAE74FF0FF3011
:1013D00002B0BDE8F08700BF000001403546526E04
:1013E00010B52C2359434218146A0CB90AF075FD44
:1013F00041580D4B994206D1D16813895B1802D22E
:101400005189C91801D300200CE0A3689942FAD28F
:10141000106920F4F97020F001000005000DB0FA09
:1014200080F0400910BD00BF3DB8F3961FB52C23D6
:1014300003FB02010A6A0AB90AF04FFD0023CDE955
:10144000023301934FF480730093034BFFF788FD41
:1014500005B05DF804FB00BF182200202DE9F04123
:101460002C2707FB01070446D7F820800D461646B7
:10147000B8F1000F01D10AF030FD09F053FD10B9A9
:101480003B69DB0617D595B14146204609F0CBFDF7
:10149000F379042B06D1216A0029ECD0204609F00B
:1014A000C2FD04E0002005F06DFE0428F3D00E4BD1
:1014B0001868BDE8F08129462046FFF791FF60B922
:1014C0000A4B18680A4B1B688342F2D0002DEED0FD
:1014D0000121404609F021FDE9E72A463146204630
:1014E000FFF7A4FFEEE700BFF0000020F4000020AB
:1014F000F409002000487047F80D002073B50D4630
:10150000044600212846CDE9001109F057FD10B32B
:1015100023681A4EB34206D101AA204609F06CFC9A
:1015200008B10AF0DAFCE36AB34206D16A46012147
:10153000204609F061FC0028F3D1DDE900239A423E
:1015400084BF13460192AB60019A2946204600F001
:101550003BFA02B070BD0146204609F01CFC06466D
:101560000028DED005F1080109F027FC0028D8D1B9
:10157000AB68019330460AF0FBF9E5E73DB8F39616
:101580002DE9F84F0B9F1B4C1B4D884691469A4600
:101590000026BE4201D300200FE0A7EB060BBBF5EF
:1015A000806F28BF4FF4806B144A5B4606EB0A013C
:1015B00040460AF0DEF910B10120BDE8F88F0A9923
:1015C0000E4A5B46711848460AF0E8F90028F3D144
:1015D000C4F800565E44C4F80456C4F80856C4F86B
:1015E0000C56C4F81056C4F81456C4F81856C4F86B
:1015F0001C56CEE7000001403546526EF809002027
:101600002DE9F04186B00E46044609F0B2FC0146D1
:1016100000B1FEE72046FFF76BFE00284BD1002209
:101620001146204609F08BFC0546002864D120466F
:1016300009F0D2FD00285FD0784B012702A920468F
:10164000CDE90273CDE9045509F02BFD002853D1F3
:1016500002A809F0B3FC80EA070102AAC9B2204639
:1016600009F06DFC0546002846D102A809F0A6FC49
:10167000002845D102A92046FFF740FF9DF80F3012
:1016800084F85830033BBB4207D8284600F0F0F8F6
:10169000054610B1FF2384F858309DF80F30023B07
:1016A000022B1AD8002000F0CDF80546A8B1FF2380
:1016B00084F8583015E00123984284F85830AED1B0
:1016C00094F858308DF80F30042B44D8012B49D8AA
:1016D0005BD0FF2384F8583057E094F85830FF2B44
:1016E00001D10AF0FAFB002DFBD12A4629462046FB
:1016F00009F025FC0028F4D1012384F85830DFE7F5
:101700009DF80F80B8F1010F18D1284605F03AFD79
:10171000831E022B05460ED802AA41462046FFF73B
:101720009DFE3F4B1B68984205D03E4B1D68A8426A
:1017300014BF0525012584F85850C1E702AA39468F
:101740002046FFF78BFE364B1B6898420CBF9DF876
:101750000F300523D1E7052BBBD1002000F088F81E
:1017600098B1B6E702A92046FFF7C8FE94F85830B2
:10177000DA1E012A24D8002000F07AF8002896D139
:10178000002000F05FF8002891D194F85830FF2B2A
:10179000A7D00022012B244F019215D011462046DC
:1017A00009F0CDFB80B13D681022002102A80CF0A9
:1017B00056FA204609F0F5FB284606B0BDE8F08150
:1017C000023B012BE1D8DBE7002211462046FFF760
:1017D00045FEDFF84C803D68D8F800309842E3D1F0
:1017E000A842E1D00F4B1B689842DDD00021204673
:1017F00009F0BDFB0028D6D1019B01330193019B69
:10180000012B00D0FEE7206A09F0F1F93071236A5C
:101810005B683460D8F80050B360C5E7010100018F
:10182000F4090020F0000020F400002010B5044668
:10183000002009F040FB02482146FFF7E1FE10BD01
:10184000F80D002013B5094B01A913F8300000F082
:10185000C7FC48B901980AF018FE044601980AF03E
:1018600087F8204602B010BD0124FAE77CE00000B2
:101870001FB50F4B01A913F8300000F0B1FCA8B957
:10188000019802A905F028FC044668B99DF80B30C0
:10189000032B03D101980AF0C0FD044601980AF019
:1018A00067F8204604B010BD0124F7E70124F8E7EB
:1018B0007CE000002DE9F34106460C4617461D4624
:1018C0000BB9002121E0184609F078FB01460028F9
:1018D000F7D1304609F05FFA18B9012002B0BDE82F
:1018E000F08101A909F069FA0028F6D10199304682
:1018F00009F009FC736A59686B79012B0CD1002C33
:10190000DFD12B68834298BF00212C2303FB0466A0
:10191000306AB0B90AF0E1FA022BD2D12B68012B60
:1019200005D98342CDD8B4FA84F46409C9E7C8D193
:10193000002CEAD0012CC4D12C79023C18BF012420
:10194000BFE720233A460AF014F80028C5D1002D3D
:10195000C4D03868024BC01A18BF4FF0FF30BDE743
:101960003DB8F39673B54B681446164A03F0FF234F
:10197000934206460D4623D10B68012B20D16946C0
:10198000204605F0A9FB08B10AF0A7FA9DF800303F
:10199000032B15D12146304609F045FB0028F3D131
:1019A00020460AF03AFD0028EED1A968204609F049
:1019B00012FA0028E8D1204605F06CFB0028E3D19C
:1019C00002B070BD000100042DE9F04F0C4687B055
:1019D0001146054609F097FB6B6A039020465F6845
:1019E00009F0ECFA90B1E86D09F070FAAB6A0022E8
:1019F000013B3A44904201D9013BFAE7039A9342F2
:101A000004D80123E37107B0BDE8F08F2E6A0EB948
:101A10000AF063FAD5F84C80B8F1000FF8D04246CE
:101A200021462846FFF79EFF6379012B56D1DDF84A
:101A30000C90DFF878B14CE022680399C2F1010301
:101A40000B444B4543D36B6A196853F8390003EBD9
:101A5000C903012A53F8083CA3EB0103A0EB010AD8
:101A6000049315D1E368022B0CD03146284609F0C7
:101A7000DAFA0028CCD122463146284609F0E8FAA5
:101A80000028C5D14146284609F0CDFA0028BFD12B
:101A900000233A4651463046FFF74AFC0028B7D1AA
:101AA000CDE900A7049B324631462846FFF768FD82
:101AB0000028ADD12146284609F08DFA236801336C
:101AC000236020B1DBF800300133CBF8003009F19E
:101AD000FF39B9F1000FAFD10123236002236371F5
:101AE0004FF00109039B99458DD823684B455AD87F
:101AF0006A6A4FEAC90352F839100491083B296D0C
:101B0000D2F800B0C8580968A0EB010A2179012970
:101B100047D1D1583046A1EB0B0100233A4605913D
:101B2000FFF706FC00287FF473AF05990091019739
:101B30005346324641462846FFF722FD00287FF4EF
:101B400067AF2146284609F046FA0223237118B1EF
:101B5000164A13680133136000233A465146404643
:101B6000FFF7E6FB00287FF453AF049BCDE900A705
:101B7000A3EB0B03424631462846FFF701FD002840
:101B80007FF446AF2146284609F025FA2368013341
:101B900023600123237130B1044A136801331360B9
:101BA00001E00229D8D009F101099BE7580E002075
:101BB000BFF36F8F72B6124B4FF0FF32C3F8802025
:101BC000C3F88420C3F88820C3F88C20C3F8902081
:101BD000C3F89420C3F89820C3F89C20C3F8802150
:101BE000C3F88421C3F88821C3F88C21C3F890215D
:101BF000C3F89421C3F89821C3F89C21704700BF13
:101C000000E100E02DE9F0433F4ADFF80081404D5C
:101C1000404E4FF0FF33012185B05160C2F8483388
:101C2000C2F8083302F5C04200275160C2F84833B9
:101C3000C2F8083302F598325160C2F84833C2F84E
:101C4000083358F8044B4FF0FF3944F30730C4F819
:101C5000089302F053FC012363600023C4F84C3165
:101C6000D4F84C21C4F81031D4F81021C4F8443110
:101C7000D4F84421C4F80035D4F80C250092D4F8E7
:101C800014250192D4F808250292D4F81025039265
:101C9000C4F80C956846C4F81495C4F80895C4F8BF
:101CA000109550F8042B511C0FD002F01F0152095F
:101CB00020D0012A21D1324602EB8102D2F800174E
:101CC000294041F00201C2F800170133042BE8D18A
:101CD0007B1C022B4FF00107B3D10F4B4FF0FF32AB
:101CE000C3F808254FF080435F60C3F8082305B0B0
:101CF000BDE8F0834FF0A042DEE701F5E07100237C
:101D000053F82130FFDE00BF00B0004088E0000043
:101D1000F0F8FCFF0003005000F00140014B1B688D
:101D2000184700BFF800002030B5044685B00D46C6
:101D30001022002168460BF092FF02238DF802303A
:101D40002A46044B01932146684608F011FE05B06F
:101D500030BD00BF1D1D000080B505460E4617466C
:101D6000984606F075FD034602F0EEFCDFF8189089
:101D7000044649F80030424630463946A84754F8F0
:101D8000090002F07DFC00BF0800000008B5044611
:101D9000EFF31183202383F31288BFF36F8F05F0D5
:101DA0000FF9204602F062FE024809F010FC0AF02A
:101DB00068F8FCE7C0E300002DE9F043079D15B982
:101DC0001560002012E00324B5FBF4F404EB440793
:101DD000BD4218BF0134B4F1804F09D2A4000134D0
:101DE0008C4200D838B914606FF00B00BDE8F08366
:101DF0004FF0FF34F7E7DFF8BCE004460021B942BA
:101E000003F1030C04F104062CD3A942274624D283
:101E10001F7801F1010CAC45264938BF5B784FEAC9
:101E2000A70E28BF002311F80EE084F800E0AC45AF
:101E300001EB131E3CBF9B0003F03C034FEA071766
:101E400007F0300738BFCB5C1EF80770677028BFFB
:101E50003D23A3703D23E3703746381A00231060FA
:101E60003B70AEE71CF8034C1CF8023C1CF8018CDC
:101E70004FEAA40924011EF8099006F8049C04F016
:101E800030040EEB13199B0019F8044006F8034CBC
:101E900003F03C030EEB981408F03F08E35C06F8EF
:101EA000023C1EF8083006F8013C03313446634614
:101EB000A5E700BF01EA00002DE9F043DDF81CE0D2
:101EC000DFF8208100273C463E46764526D3D4BB2A
:101ED00014600020BDE8F0830135754531D013F85A
:101EE00005C0BCF1200FF7D0AEEB0509B9F1010F29
:101EF00016D0BCF10D0F13D103EB050999F8019031
:101F0000B9F10A0F1BD0B54205D1BCF13D0F0AD182
:101F10000137022F0AD96FF01500DBE73546DCE701
:101F2000BCF10A0FEEE71CF0800FF4D118F80C603A
:101F30007F2EF0D03F2E01D8002FECD101346E1C43
:101F4000C3E72E46C3E704F007054FF0060CE4088C
:101F50000CFB05F50CFB04F40735E41B04EBD5047E
:101F600070B18C420CD80027DFF878E0DFF8788079
:101F70001E44014603253C46B34205D10C1AA7E78F
:101F800014606FF00B00A5E713F8019BA9F10A0C90
:101F90005FFA8CFCBCF1160F04D828FA0CFC1CF07C
:101FA000010FE9D11EF809C00134BCF1400F08BF90
:101FB000013D0CF03F0C042C4CEA8717DCD17DB1BD
:101FC0003C0C012D0C7002D101310024D4E7022D0C
:101FD0004FEA17244C7016BF8F7002310331F4E7BB
:101FE0002C46C9E781E90000090040002DE9F047CF
:101FF000058B0446280717460CD501290CBF45F070
:10200000100545F02005258387F31188BFF36F8FF6
:10201000BDE8F087022905F0070540F094802046CE
:1020200009F0FDFA052864D801A353F820F000BF99
:102030000920000047210000F3200000B520000027
:10204000CF200000E120000001F007035A1F012A01
:102050001FD8002221F00701062BD4F8008089B296
:10206000C4E9002209D1434603E0628B0132628356
:102070001B68002BF9D141F002012183204609F0B1
:10208000CEFA4FF0000900286DD041F020012183E5
:1020900069E0042B0AD121F0070189B2218320468F
:1020A00009F0BDFA10B141F0200121834FF0000882
:1020B000C14658E02369D3F80090238B23F007032F
:1020C00043F0060323834FF0000846464BE02369A4
:1020D000D3F80490238B23F0070343F00403F1E7C4
:1020E0002369D3F80890238B23F0070343F00503FB
:1020F000E8E74FF00008C146E7E7012243F0080394
:10210000238387F31188BFF36F8F002A3BD1B8F187
:10211000000F4AD1B9F1000F02D02D492046C8471F
:10212000EFF31187202383F31288BFF36F8F238B84
:1021300023F008039BB22383D9063FD523F0100276
:10214000228303F007056669218B002EBFF67CAF62
:102150000023D4F8008021F00701C4E9003341F0E6
:10216000010121839946238B03F0070AAA4502D077
:10217000A268002AC1D1B8F1000F02D1B9F1000F55
:10218000DAD00022BAE7A1680029C0D00D68002982
:10219000BDD04F68334652462046B8471DB12B6824
:1021A00029461D46F3E72B46FAE741463346524699
:1021B0002046D8F8008009F05EFAA8E79A067FF575
:1021C00023AF23F02002228303F0070527E700BF97
:1021D000A3B60000014B03600020704790E00000B0
:1021E00070B5104B1C680D46B4B10F4B1968002335
:1021F0008B4202DB6FF0010070BD224612F8106BBB
:10220000864202D001331446F2E7E0680BF070F822
:1022100028B12C600020EFE76FF00C00ECE76FF0C6
:102220001200E9E7FC00002090E0000010B588B043
:10223000436802938368C068CDE903320A680023CB
:10224000CDE906230C4601AA0449059309F089FF4C
:10225000079808B9059B236008B010BD0DBA0000AF
:10226000F0B40D4B0D4E5F6A0D4BB34203D36FF0CC
:102270008500F0BC70475C68BC420AD31D6945B15B
:1022800094F802C08488E4B2A44502D12B46F0BC85
:1022900018472433E9E700BF5C0E00206C030020E0
:1022A000480300202DE9F047144CDFF85480DFF894
:1022B000549005460E461746444503D36FF08500FB
:1022C000BDE8F0876268D9F824309A4213D3A36935
:1022D0008BB1A9889078C9B2884205D13A46314677
:1022E0002846BDE8F04718475279012A03D13A46FB
:1022F0003146284698472434DEE700BF48030020D3
:102300006C0300205C0E00202DE9F0410B4CDFF83F
:10231000308005460E461746444502D36FF08500CF
:1023200009E063690BB92434F6E73A46314628469A
:1023300098470028F7D1BDE8F08100BF480300208E
:102340006C03002010B5044609F009FE10F1780F67
:1023500000D050B9054A204609F093FBD2F8C430AA
:1023600023EA0003C2F8C430002010BD5C0E002038
:10237000024B00221A605A60704700BF170F0020FE
:1023800070B50B4B0B4CA34201D3002070BD196AF2
:102390001E7F00220439D5B2AE4201D82433F2E7C1
:1023A000013211F832508542F5D10120EEE700BF2D
:1023B000480300206C03002073B58488E4B26306F0
:1023C0000D468DF8074007D02046FFF7D9FF78B1BA
:1023D0000D4B93F8BA0058B10B4E204655B102F0A0
:1023E0003BFFF3691BB10DF107010820984701205D
:1023F00002B070BD02F058FFF369002BF7D00DF169
:1024000007010920F2E700BF5C0E002008B509486B
:102410000378C3F341130A3350F823303BB100F182
:10242000080200F110019847C043C00F08BD1846CC
:10243000FCE700BF5C0E002004282DE9F14FDFF817
:10244000989004460F4616D001282DD1DFF88C80D5
:1024500098F8B93043B300F0E1FD214D4D4520D24D
:10246000D5F820B04FF0000A2B7F5FFA8AF6B3420E
:1024700004D82435F2E7FFF77BFFE7E70BEBC6064E
:102480000AF1010A307909F06AFD0246307909F053
:10249000F8FAD8F8C430002A23EA0003C8F8C43098
:1024A000E2DA002388F8B9300D4D4D4508D30B4BC7
:1024B0001B6A6BB13946204601B0BDE8F04F1847A2
:1024C000EB681BB13A462146284698472435ECE78D
:1024D00001B0BDE8F08F00BF6C0300205C0E00204F
:1024E0004803002073B586788DF80060037942793F
:1024F0001C4C43EA0223ADF80230C378304603F0A7
:1025000003038DF8043009F0BCFAD4F8C430184243
:1025100005460BD0304600F063FD3046FFF712FF52
:102520000BF077F810B9962006F074F9684602F0BF
:102530006FFE10F1780F03D010B1002002B070BD13
:102540009DF8000002F0ECFE10F1780F01D0002899
:10255000F3D1D4F8C43001202B4384F8B900C4F877
:10256000C430EBE75C0E00202DE9F047A64DAB69C7
:1025700004460E46174663B9207800F01F00012874
:1025800078D0022800F0DF8040B16FF01500BDE880
:10259000F08798470028EFD10020F8E794F9002051
:1025A0006378002A28DA062B09D0082B3A681ED057
:1025B000002BEAD15370012313700223FEE06388DD
:1025C000190A0A1F012A8C46DFD90729DDD8DAB299
:1025D0006B6A1C78002CD8D05D78654503D18242A7
:1025E00000F0E78001302344F3E71B78E6E095F83C
:1025F000BA3013700123E1E0052B16D0092BC4D1AA
:10260000638833B1FF276E6AB8463378A3B90028D0
:10261000BBD0FFF7ADFE638885F8BA30EB69002BBD
:10262000BAD07A4903209847B6E76088C0B202F072
:10263000DDFD0028B0D0A8E77378042B0DD0052B62
:102640000ED0022B06D177796388BB4208BF40F0D9
:102650000100C0B233781E44D7E796F80380F9E74B
:102660006388BB42F6D1B8F1000FF3D13046FFF7D3
:1026700039FFEFE795F8BA30002B86D0A188D5F85E
:1026800024805FFA81FC43461A78002A3FF47DAF2C
:102690005878022804D193F804E0E64500F29080CF
:1026A0001344F1E713705370306075E7984494E079
:1026B0000B2B7FF46AAF0026FF27B946B24608E02D
:1026C00098F80130042B11D0052B21D098F8003058
:1026D000984498F80030002BF2D1EB6913B15146C1
:1026E00007209847002E7FF457AF4EE798F8027006
:1026F000A38898F803909F42E8D163889945E5D173
:10270000072F1DD8EB19C24683F8BB900126DDE7E1
:10271000A388BB42DAD16388DBB24B450BD098F873
:102720000260304600F05CFC3046FFF70BFEB0FA6A
:1027300080F67609CAE74046FFF7D4FE0646C5E7AD
:10274000C2460026C2E794F900206378002A1ADA0C
:10275000002B7FF41AAFA3885FFA83F85B060AD0D8
:102760004046FFF70DFE00283FF40FAF95F8BA3052
:10277000002B3FF40AAF3C684046214602F0B4FD0E
:102780000023637019E7012B08D0032B7FF4FDAE03
:102790006388002B7FF4F9AE012103E061880029F2
:1027A0007FF4F3AE2046FFF707FE00287FF4F4AE77
:1027B000EBE602293B607FF418AF5B883360EBE601
:1027C00094F900206378002ABFF672AF3A68002BB4
:1027D0003FF468AF0A2B7FF4D8AE98F80030002B96
:1027E0003FF4D3AE98F8010004287FF45FAF98F867
:1027F000020081427FF45AAF072996BF491900238E
:1028000091F8BB30F5E600BF5C0E0020160F0020EB
:1028100070B5164D95F8B830FBB102F0C7FC002832
:1028200022DB00F0FBFB0024D5F8C430E340DA07DC
:10283000E6B214D4D5F8C43004F11002D340DB075B
:1028400005D546F08000FFF77DFD00280CDB013444
:10285000102CE9D1002385F8B830002004E0304680
:10286000FFF770FD0028E5DA70BD00BF5C0E0020A8
:1028700013B5164C237DF3B9E268A168019201AB50
:10288000802009F00CF9019AA3681344A360E3685F
:102890009B1AE3606BB962B12369E2889A4208DD52
:1028A00094F8C82093FBF2F102FB11330BB901231A
:1028B000237502B010BD00231A46194680202375E7
:1028C00002B0BDE8104002F055BD00BF5C0E002014
:1028D00030B585B0002302460D460193002858D13B
:1028E000002935D108220B460DEB020109F050FBFF
:1028F000002804DA802002F0AFFC05B030BD2A4C7D
:10290000029A2260039A626004F13802A2609DF983
:102910000820BDF80E302575002AC4E903550ADBEE
:10292000802B04D9802002F097FC0020E3E713B14C
:10293000C4E90333E1E7FFF769FD0028DAD0E28854
:1029400023699A42D4BFE260E360FFF791FFD4E7C6
:10295000154CD4E90215002D01AB04DC09F018FB7D
:102960000028CADAC6E72A4609F012FB0028D9DB9C
:10297000019AA3681344A360E3689B1AE360002BE9
:10298000BBD104F13803A360FFF740FD0028DCD180
:10299000B0E78028B1D1044BDA68002AD5D11B7D7D
:1029A000002BD2D1A9E700BF5C0E0020054B064AE0
:1029B0009A62064ADA62064A1A63064A58629A61BD
:1029C000002070475C0E0020692500006122000095
:1029D00009230000A52200002DE9F3410446454DDE
:1029E00045484FF0FF334FF0FF3205F08FF995F86F
:1029F000B830002B78D16E6A76B900F0CBF8FFF7CB
:102A0000D5FF6E6A46B94FF0FF343B4805F0F0F948
:102A1000204602B0BDE8F08138482C62E86102F03F
:102A2000BDFD02F095FB041EEFDB00F019FB041E58
:102A3000EBDB7378012B5AD1F379002B57D00026AA
:102A4000684685F8C830ADF802308DF804608DF81E
:102A5000006002F0DDFB041ED7DB802768468DF89E
:102A6000007002F0D5FB041ECFDB2549304602F092
:102A700081FD041EC9DB2249384602F07BFD041E9D
:102A8000C3DB204CDFF8808044451AD3002002F0DD
:102A900047FC041EB9DBD5F8C430802043F00103A5
:102AA000C5F8C43002F03CFC041EAEDBD5F8C430DF
:102AB00043F48033C5F8C430012385F8B8300024CE
:102AC000A3E7276A0026227FF3B29A4201D8243472
:102AD000DAE707EBC30257F83310107902F04AFD2A
:102AE00001360028EFD08EE76FF077048DE76FF0A6
:102AF00015048AE75C0E00204C02002039240000F7
:102B0000D1280000480300206C03002030B51F4B83
:102B10008BB005AA03F1100518685968144603C460
:102B20000833AB422246F7D11B78237001AC102248
:102B3000002120460BF093F81222002114480BF0DC
:102B40008EF81021204609F0BEFB00281ADD082867
:102B5000B8BF082009380E4A0444002114F8013F88
:102B60000AA800EB131003F00F0328336B44013164
:102B700010F8140C13F8143C10700829537002F16B
:102B80000202EBD102480BB030BD00BFE9E3000008
:102B9000192300202DE9F04F724B93F800B087B055
:102BA000BBF1000F03D0704807B0BDE8F08F6E4C4A
:102BB00000264FF0011AB0463546B14623783BB99E
:102BC0006A4B02349C42F3D1664A01231370EAE750
:102BD0006378052B05D8DFE803F08F07038F1F3BD1
:102BE000A14623781C44E9E7402304A88DF810B0DF
:102BF000ADF812308DF814B009F09DF940B10823FA
:102C000004A8ADF8123009F096F908B1ADF812B089
:102C1000BDF81230E371E4E7E378002BE1D1A3784B
:102C20006BB108F101085FFA88F8DAE76B689C423B
:102C300007D024354E4B9D42F8D30020B4E74D4DCC
:102C4000F8E7AB68002BECD0414620469847E8E710
:102C5000002DF2D000222B7F9A42EED2296AA07872
:102C600001EBC2010B79984244D10127E07800F0D2
:102C700003008DF81400207994F805C040EA0C2078
:102C8000ADF8120094F902000028FBB228DA07F12F
:102C900010004FF0010C0CFA00F010EA0A0F26D1D8
:102CA00043F080008DF8100004A8CDE902130192D2
:102CB00009F041F9DDE90121039BC0B99DF810201D
:102CC000A27012F0800F18BF10330A7118BFDBB268
:102CD0004FF0010214BF9A40BA404AEA020A80E764
:102CE0000120B84010EA0A0F01D11846DAE701378F
:102CF000102FBBD10132AEE7032E1AD1FFF706FF2A
:102D0000074650B1FDF73CFF024630B11028A8BF7E
:102D100010223946A01C0AF07BFF23786FF00201D5
:102D20001A19091B04EB5303D14213D50136F6B22D
:102D300057E7002EF1D1B9F1000F3FF47EAFA4EBBD
:102D4000090389F80230C3F3072389F8033089F8AF
:102D50000480EBE702F801BC13F8010902F8020D48
:102D6000E2E700BF18230020800200204703002074
:102D70006C0300204803002010B5094B00211A46BF
:102D80001C78844204D15C6814B102EB811010BD40
:102D90000131042903F14003F2D10020F7E700BF1D
:102DA000280F00202DE9F34150F8283C10F82C6C36
:102DB000103304460AD1036950F8202C980736D501
:102DC000D2B9590715D5002344F8283C54F8283CBB
:102DD00010330BD054E9077554F8148C0AF019FC21
:102DE00000284FD02E4821460AF0F7FB02B0BDE87C
:102DF000F08143F00403236154F8241C01AB3046F6
:102E000008F04DFE10B16FF01503DDE7019A54F89C
:102E1000243C134444F8243C54F8203C9B1A44F8C6
:102E2000203C54F81C3C134444F81C3CCEE754F8B6
:102E3000241C01AB304602F013FB0028E3D1019DB6
:102E400054F8243C2B4444F8243C54F8203C5B1BAD
:102E500044F8203C54F81C3C2B4444F81C3C002D06
:102E6000B1D0304602F0A0FBB5FBF0F303FB1055E8
:102E7000002DA8D154F8203C002BA4D0304602F0FD
:102E800037FBA3E744F8180CA4F1100005F032F862
:102E9000002DABD0424639463046A847A6E700BFD2
:102EA000700300204B1E012B73B506460D460FD84C
:102EB000FFF762FF044668B9012D09D101AB012279
:102EC0000DF10301304602F0CBFA019B002BF5D146
:102ED00002B070BD0AF09DFB04F12C0108B1012D78
:102EE00005D1084602B0BDE87040FFF75BBF03485C
:102EF00002B0BDE870400AF070BB00BF7003002054
:102F00002DE9F74F064601911546984608F00FFE49
:102F1000044600285BD1EFF3118A202383F3128843
:102F2000BFF36F8FDFF8ACB000220023584605F0E6
:102F300015F870B9DFF8A090A70109EB8414636855
:102F400013F1100F14D10193584604F0D3FF019BE5
:102F500006E00134042C0BF1400BE5D16FF00B03BC
:102F60008AF31188BFF36F8F184603B0BDE8F08F66
:102F7000019B2061C4E902350C9B63610D9BA36139
:102F800030466FF00F0309F80760C4F83C806360B7
:102F900002F00AFB58B1304602F006FBB5FBF0F335
:102FA00003FB10551DB1E36B43F00403E36318F01A
:102FB000020F07D007F12C01084849440AF00DFB25
:102FC0000023CDE7304602F093FA0346C8E76FF0DE
:102FD0000F03C9E7440F0020280F002070030020D2
:102FE00010B5EFF31184202383F31288BFF36F8FA2
:102FF000FFF7C2FE50B14368103307D16FF08B0367
:10300000436000F12C0104480AF0E7FA84F31188C8
:10301000BFF36F8F10BD00BF70030020F8B50E4CDA
:1030200004252027EFF3118687F31288BFF36F8FF3
:103030006368103307D16FF08B030848636004F1B5
:103040002C010AF0CAFA86F31188BFF36F8F013D95
:1030500004F14004E6D1F8BD280F002070030020E1
:1030600038B5094C0025094920460AF09AFA012290
:10307000A4F11000114601350AF04EFA042D04F1B6
:103080004004F0D1002038BD540F0020A52D0000D1
:103090000169012381F84B300B6833B191F8493055
:1030A0001BB1024808310AF098BA7047700300203B
:1030B0000169012381F84A300B6833B191F8483037
:1030C0001BB1024808310AF088BA7047700300202B
:1030D00070B50569EFF31186202383F31288BFF3DF
:1030E0006F8FD5F8900008F0F3FB044686F3118843
:1030F000BFF36F8F30B104480022002305F118019F
:1031000005F09AF8204670BD7003002070B50123C9
:1031100082F8483013680D4614463BB192F84A30A5
:1031200023B10E4802F108010AF057FAD4F89030A2
:103130005A89DB889A4205D17DB904F1180140F61D
:10314000CD4204E004F11801002DF8D00022BDE8C2
:1031500070400248002305F06FB870BD7003002076
:1031600070B50E4681880446C9B21548154608F068
:10317000BAFC10B394F900206378002A16DB202BE8
:1031800004D0222B0ED06FF085000AE02B681A685D
:1031900040F8102C9A8820F80C2C9B7900F80A3CF7
:1031A000002070BD638800F8093CF9E7212BEAD1C3
:1031B0001038072328603360F2E76FF01200F0E761
:1031C0002C10002008B50146034808F09AFC10B105
:1031D000012300F8073C08BD2C1000200D4A0346CF
:1031E0000021A0F848101068C3F8940090889279E4
:1031F000A3F8980083F89A2083F89C1083F89B101A
:10320000A3F89E1083F8A010402203F14C000AF0AE
:1032100026BD00BF40E0000010B504690023C4F8DB
:10322000A8300C4BC4F8A400596804F1A80269B98D
:10323000C3E9002204F1080007490AF0B2F904F1D9
:10324000180006490AF0D9F9002010BD0A605A603A
:10325000F0E700BF2C10002059BB0000293300000C
:1032600030B54FF40033426805690D4C85B042F229
:10327000A100CDE90103002385F89D30106AADF867
:103280000C1000790A2201A908F009FC95F89D307C
:1032900023B901200AF010F8013CF7D105B030BD88
:1032A000A186010073B504698DF80710002384F826
:1032B00048302025EFF3118685F31288BFF36F8F16
:1032C0000122D4F890000DF1070108F001FB86F30C
:1032D0001188BFF36F8F012810D00AF09AF9B0B1AE
:1032E0000F4BBFF35B8F012253E8001F002903D16E
:1032F00043E800200028F7D1BFF35B8F2122002391
:1033000004F11801074804F097FF02B070BD94F86B
:10331000A130002BE4D0002121200AF03FFAC9E7B8
:103320002810002070030020F0B5D0F88C305B68C6
:103330001B6A1F7D85B00546384608F0F8FB064637
:1033400050BB95F886303BB3A86F0146C38831F86F
:103350000A2F9B1A9BB2B3F5806F28BF4FF480638E
:1033600003AA08F066FA0446B0B18306A5F1180373
:1033700008BF00F1FF3485F830600193074B0399D3
:103380000093224602233846FFF7BAFDA86F224673
:1033900000F10A0108F083FA05B0F0BD0D3100001C
:1033A00037B514460A1E054621DDD4F88C0004F119
:1033B0004C0108F08DFA012384F8493023683BB1B1
:1033C00094F84B3023B1114804F108010AF005F9D3
:1033D000D4F88C209388918912695B1A9BB2D31A16
:1033E0003F2B04D8012384F8A03003B030BD94F8FB
:1033F0009E30002BF9D0064B00930194012340220C
:1034000004F14C012846FFF77BFDEEE77003002036
:10341000A133000073B50D4601461D4808F057FB67
:10342000044610B3691EA0F1A40605291DD8DFE8E3
:1034300001F01E1C031E242810F8061CA9B90368FD
:103440005D68012300F8063C2B6A3246187BFFF7C3
:10345000A7FF14F85C2C42B92B6A187D0D4B009322
:10346000019602231146FFF74BFD02B070BD3046B6
:1034700002B0BDE87040FFF7B1BE012304F8053C7F
:10348000F3E710F8053C002BEFD00023F6E700BF70
:103490002C1000200D31000013B500240749084806
:1034A00000944FF0FF334FF4806204F085FE05492D
:1034B00003480AF0B4F8204602B010BD002C0020EA
:1034C0007003002010E4000008B5054808F07FF8FC
:1034D000044808F07CF8044808F079F8002008BD9A
:1034E00019E400004AE400007DE40000F7B5224E34
:1034F00030688368DB6B03B1984730688368DB6AA8
:10350000002B31D11D4C1E4D306883681B69002B88
:103510002DD001220DF107019847012827D12368FA
:1035200043B92B681BB369681A682A608B4208BFCD
:103530006A602360134A9DF8070011887F2904D828
:1035400023680B444F1C178018720A28DCD12368AB
:103550001188596000200C4918604D684DB9C1E9C7
:10356000003310802060CEE798470028CAD103B00E
:10357000F0BD2B604B60F4E78C1400203410002069
:1035800044100020142200203C10002010B5044BF1
:10359000044618688368E1B25B689847204610BD0E
:1035A0008C140020F8B5054616460846EFF3118C3A
:1035B000202383F31288BFF36F8F19490B684BB137
:1035C000184C62689A4205D000221A6062689AB963
:1035D000C4E90033144A13682BB157681C6814609F
:1035E000BB4208BF54608CF31188BFF36F8F0B6030
:1035F0002BB918463360F8BD13606360EAE75C6876
:10360000A042D8BF00F1FF3403F10801224628464A
:103610000AF0FEFA00232B55601C0123EAE700BFE5
:1036200038100020441000203C10002037B52449F9
:10363000244A0023C1E90033C2E90033224A1C4670
:103640004868146088B9C1E900220133082B02F1EF
:103650008802F5D11D4D1E48286009F049FE38B991
:103660004FF0FF34204603B030BD02604A60ECE703
:103670000020FFF7B1F904460028F1D128688368DB
:1036800023B11B6C13B113492246984728688368FD
:10369000DB6A0BB1984748B1286883681B69002B27
:1036A000FAD001220DF107019847F4E70A4B286888
:1036B00000221A8083681B6A002BD3D09847D1E779
:1036C000441000203C1000204C1000208C140020DE
:1036D000A8DD0000ED340000142200202DE9F04F99
:1036E000EFB0DFF8DC90DFF8DC80D9F8001041F2B1
:1036F0000443ADF80C3040F60613ADF81030324BF1
:103700001E680B785A1CA6EB080662F302030B70C6
:1037100073BA4B808B8800245BBA8B804C70082274
:10372000204608F0DDFBB5B23246414608F0D8FB32
:1037300005F10A03D9F800101FFA83FB5BBAADF854
:1037400018300B68CDF81A3007460DF1180A4B688F
:10375000CDF81E30324641467FBA0DF122000C35BD
:103760000AF056FAADB22AF80B7032AE05AF0095EA
:1037700053463A46ED213046FEF71EFB134DBDF889
:103780001480A04502DC6FB0BDE8F08F2B680221E9
:103790005B6894B904A8A8EB040798472B687C2FB2
:1037A000A8BF7C27301939465B6898472B680848C2
:1037B0005B6801213C449847E3E703A8EBE700BFBF
:1037C000F01400202B230020A8140020F414002063
:1037D000BBE8000010B50A2104460A4809F058FD6C
:1037E00002220949074809F046FD2146054809F02B
:1037F0001FFD04480A2109F053FDBDE81040FFF702
:103800006DBF00BFA8140020AAE400002DE9F04F0E
:10381000D5B005AE0DF1180907AF4FF0FF34346095
:10382000C9F800403C6008AC00250B460DF1280AA1
:103830000121CAE900550246256030A80091CDE972
:1038400001550421099509F06AFC4022294620A867
:103850000AF005FA8C4B1C9305231D938B4B8C4867
:10386000CDE91E398B4B21938B4BCDE9233A8B4B02
:1038700026938B4B0321CDE92B01CDE92837CDE9E8
:103880002D360422279109AB1CA930A8229208F0FA
:1038900085FA20B303250A21824809F0F9FC824900
:1038A0008048022209F0E7FC7E48294609F0C0FC66
:1038B0004DB977497B48032209F0DDFC7B4B794801
:1038C000196809F0BFFC0A21764809F0E9FCFFF706
:1038D00005FF206808F04CF855B0BDE8F08F33685C
:1038E0005A1CD7D0DAF80080B8F1000FD2D0DAF83D
:1038F00004506F4A33B9D9F80010B1F1FF3F18BF37
:103900000B46136000211068FDF718FB2146C0B27A
:10391000FEF766FC0028BDD13368644E002B4BD106
:10392000D4F800A033605046DAF8089007F026FA81
:10393000604A0146504607F05CF9002840F0A1803B
:103940003B684B45A6D85C4A10605C4A13603268FD
:10395000594F206839682A44013A08F0FFF90028D5
:10396000386097DB2068DFF854B108F041F8B5FB08
:10397000F0F303FB00F933682068A5EB090A1D4446
:10398000DBF800309D4238BF4FF0000A08F030F8F5
:1039900001284F4606D9206808F02AF8013818EAAD
:1039A000000F4CD1316820684B46424607F0F6FFC5
:1039B00000287FF46FAF2FE03268934201D00025DA
:1039C00069E73E4A12682B449342C0D962E7B94581
:1039D000206828BFB94608F012F8402201460CA81A
:1039E0000AF03DF94A4641460CA80AF011F931683F
:1039F00020684B460CAA07F0D1FF054600287FF44B
:103A00004AAF33684B443360C844A7EB09072068CA
:103A100007F0EEFFB842DAD9BAF1000F12D13368DD
:103A2000DBF8002053443B4493423360C7D1214B21
:103A300020681A68114608F091F9C50F2BE74FF07E
:103A40004009E4E7206807F0DAFF082201460CA8E5
:103A50000AF005F9524608EB07010CA80AF0D8F85D
:103A6000D4F80080316840467D1807F0C1FF0CAAE9
:103A700003462946404607F091FF00287FF40AAF2D
:103A8000CDE7012507E700BFADE400004DCF000002
:103A9000BCE40000B3E4000057CF0000B8E400002D
:103AA00053CF0000A8140020AAE40000A0140020B6
:103AB000A4140020981400209414002090140020D6
:103AC000F0B50C68164F174B85B002380D46C4F59B
:103AD0008061009003AA38190131FEF7EDF9044620
:103AE000D0B92B68039A1344022B2B6011D93E885E
:103AF00076BAB6B2023B9E420BD13246B91C08F0F0
:103B0000EFF930B9022E04D92B689A1E2A60FC54B2
:103B10000124204605B0F0BD4FF0FF34F9E700BFA7
:103B2000D0230020D327002007B500230093044AA8
:103B30000448A423022109F0B5FB03B05DF804FB9F
:103B40002B230020A81400202DE9F04F0729ADB049
:103B5000044640F2DA80037813F0050F40F0D58078
:103B600043885BBAA1F108069BB2B342C0F0CD8096
:103B7000874B186083885BBA8380FFF7D5FFA588E1
:103B8000012D40F0EC80E37923B1012B00F0E180BE
:103B90000820F9E02778FDF7ADFC064607F08BF921
:103BA000304607F0E6F907F007070146002840F025
:103BB000CE803046FDF79CFB0446002840F0C380D1
:103BC000002F40F0C28029467248DFF8CC81DFF830
:103BD000CC91DFF8CCA109F05BFB72496D4806225D
:103BE00009F049FB6B48052109F04EFB27467B4253
:103BF00006F1200203F02C03D558002D6AD02023B3
:103C00000CAA00212846D8F800B007F0B2FE0C9BA1
:103C10004B450CD10023CDE902330193402300939F
:103C20002A461CAB0CA93046FDF79AF98346DAF810
:103C300000305B454ED1002300932A464FF6FF73B8
:103C40000CA906A806F0F1FF002861D04FF0FF355F
:103C50001421504809F01CFB53494E48042209F036
:103C60000AFB4C48394609F0EDFA4DB94F4949482D
:103C7000042209F000FB4748202214A909F0F2FAB7
:103C80004B494448072209F0F6FABDF84630019343
:103C90001CAD9DF845300093464A9DF844304021C4
:103CA000284606F03BFE129B43B1421E3E2A05D831
:103CB000C0F14001404A284406F030FE2846FCF797
:103CC0005FFF29460246334809F0D5FA31481421EE
:103CD00009F0E6FA7B1C022B4FF0010787D1052182
:103CE0002C4809F0D9FA39462A4809F0D9FAFFF7E1
:103CF000F5FC304607F055F914B12046FFF76AFD90
:103D0000FFF712FF2D4B01221A702DB0BDE8F08F86
:103D10000DF1120304AA05A906A806F0D4FF002895
:103D200094D1BDF81230102BF2D1BDF81030202BF9
:103D30008CD12846059914AA07F01BFE051E18BF52
:103D400001256D4284E72C46D3E70824D1E72C46B1
:103D5000D3E7314604F10800FFF758FDD2E7002D04
:103D60007FF416AFE379012B0DD0052B7FF410AF54
:103D70002846FFF72FFD4FF40050002109F00EFDFB
:103D80000120FEF703F82846FFF724FDBAE700BF3D
:103D9000F0140020A8140020F40000203DB8F39691
:103DA000F4090020C0E40000C7E40000CCE40000F7
:103DB000D1E40000D9E40000E5E40000CF230020B6
:103DC0002DE9F347354B00240646884600941860D9
:103DD00009F08FFD4FF47A72A0FB020302FB01335E
:103DE000C00B40EA4345A14623462D4F2D4C434589
:103DF00005DB2D4B1B7813B902B0BDE8F0872B4BC8
:103E000040F2014AC3F80046C3F80446C3F8084626
:103E1000C3F80C46C3F81046C3F81446C3F8184656
:103E2000C3F81C46336801AAAAEB090107EB090095
:103E300098470028019B0FDCABB181443B78062BEF
:103E40001ED17B78092B20D1002300936946A9F16C
:103E50000200FFF735FE18E08144002BEED1D1457A
:103E600001D14FF0000909F044FD4FF47A7CA0FB2A
:103E70000C320CFB0122DB0B43EA42435B1BB6E72F
:103E8000042B02D17B78142BE0D00128E9D10099D2
:103E900007480239FFF758FEE3E700BFF41400209B
:103EA000D12700203546526ECF230020000001406C
:103EB000D2230020024B012200211A70FFF780BF9D
:103EC000CF230020024B00221A70FFF779BF00BFFA
:103ED000CF23002008B50348034A0021121A07F037
:103EE000B3FF08BD70030020E02B00200748084AFC
:103EF000084908B5121A07F0A9FF0748074A0849F8
:103F0000BDE80840121A07F0A1BF00BF4000002022
:103F10006C030020D8EA00000000002040000020D0
:103F200098EA000038B505460C4699B1D1E901235D
:103F30000F48096807F04BFBD4E90423E1680D48FA
:103F400007F045FBE1690C4807F041FBA1690B480C
:103F500007F03DFB012D05D1EFF30581084810392D
:103F600007F035FB21462846BDE8384003F05EBD2A
:103F7000E9E4000019E5000049E5000059E500000A
:103F800088E5000030BFFFF7FDBF00BF2DE9F0411D
:103F90000B4EDFF8308006EB0807CC1B0546324697
:103FA0000949204609F034FEA01942460021083C88
:103FB00009F055FE2C6707F10800BDE8F08100BF4D
:103FC00000000000040000003CE000002DE9F84380
:103FD000324D804632488946174607F0F8FAAB6AF8
:103FE000DE0622D52F4807F0F2FA1124AB6A1D072E
:103FF00003D52D4807F0EBFA1224284DAB6A980739
:1040000015D52A4807F0E3FA6E6BAB6A190642D55C
:104010002748314607F0DBFAB9F1000F03D0AB6A4D
:1040200023F08003AB62132403E01024DEE76FF07B
:1040300015061A4DAB6ADA0703D51E4807F0C7FA12
:104040001424AB6A9B0603D51B4807F0C0FA15245D
:10405000124B9A6AD50602D49A6A90070AD55B6811
:10406000190507D54146304600F0C0FA10B180F37B
:1040700009880224094B9A6A920642BF5A6A22F4BE
:1040800000525A629A6A42F0FF029A6200233B7021
:104090002046BDE8F8836FF01506C4E700ED00E0A8
:1040A0009CE50000B3E50000E7E50000FBE500004B
:1040B00014E600002BE600004BE6000010B51D4C96
:1040C0001D4807F084FAA36A990130D51B4807F010
:1040D0007EFA1E20A36ADA0103D5194807F077FAA1
:1040E0001F20144CA36A1B0303D5164807F06FFA70
:1040F0002120A36A590303D5134807F068FA222048
:104100000C4CA36A9A0303D5104807F060FA2320E9
:10411000A36ADB0303D50E4807F059FA2420054AA9
:10412000936A6FEA03436FEA1343936210BD1D2045
:10413000D0E700BF00ED00E07BE6000094E6000061
:10414000A8E60000C3E60000E2E6000008E7000081
:1041500023E7000070B5244C064624480D4607F0BE
:1041600036FAA36AD90435D5214807F030FA17206A
:10417000A36A1A0503D51F4807F029FA18201A4C1C
:10418000A36A9B050FD51C4807F021FAA16BA36A0F
:10419000180407D5194807F01AFA1EB1A36A23F4C8
:1041A0000043A3621920104CA36A590503D5144893
:1041B00007F00DFA1A20A36ADA050DD5114807F0A9
:1041C00006FA1B20084A936A43F47F439362002354
:1041D0002B7070BD1620CBE7A36A9B04F2D50A486A
:1041E00007F0F5F91C20EDE700ED00E04FE70000D7
:1041F00066E70000E7E5000078E7000092E70000CE
:10420000A8E70000C4E700004BE600002DE9F041FC
:104210005D4B5F688AB00446C7F30806002585F346
:104220001188BFF36F8F02F07F43B3F17F4F06D148
:1042300002F00C03082B13D1544807F0C8F90025ED
:104240002C464FF00008F31E8DF80780092B00F272
:104250008C80DFE803F00A80847C8A8A8A8A8A88D4
:1042600010074CBF0C460125EBE74948464E07F0C6
:10427000AEF98DF80780F36A9A0704D5454807F030
:10428000A6F900232AE0F36A002B01DA4248F6E798
:10429000F36A5B00F5D5414807F099F97369A269A3
:1042A00043F480737361BFF34F8FBFF36F8F32F8A6
:1042B000023C726922F480727261BFF34F8FBFF3C8
:1042C0006F8F03F47F42B2F55F4F27D1DBB2022B31
:1042D00024D12168324807F07AF923689DF8072035
:1042E000CAB902AE04F1200720686168324603C2F1
:1042F0000834BC421646F7D1099A002D41D0C2F3CA
:10430000080121B96FEA52226FEA4222099202A9FA
:104310001846FFF707FE0AB0BDE8F0811A4B9A6A0B
:10432000D2B232B10DF1070201212046FFF74EFE55
:104330000FE09A6A12F47F4F05D00DF107010120BA
:10434000FFF708FF05E09B6AB3F5803F99D3FFF7BD
:10435000B5FE0346C2E70DF107020021E5E70DF1C6
:1043600007010020ECE70F4889E70F4B0F49104881
:1043700017F4F87FA6F1100208BF194607F027F9D5
:104380007FE76FF30802C1E700ED00E00BE80000F3
:1043900037E800004FE8000071E8000080E8000006
:1043A000A0E80000BDE80000DDE70000F2E7000043
:1043B000E2E80000044B5A6942F010025A615A695F
:1043C00022F008025A61704700ED00E0EFF3088028
:1043D000EFF3098101B57246FFF718FF01BD00BF79
:1043E000002080F31488BFF36F8F0F4880F3088894
:1043F00002F016FF00200D490860BFF34F8F00F058
:104400002BF8202080F3118809484FF404614018EC
:1044100080F30988EFF314800221084380F31488A5
:10442000BFF36F8F00F0B2F84066002094ED00E01B
:10443000803400200749D1F890200023C2F30722DE
:104440001846934200DB7047C1F89830C1F8A000CD
:104450000133F6E700ED00E008B572B6002383F300
:104460001388FFF7E7FF144B4FF0FF32C3F88020AB
:10447000C3F88420C3F88820C3F88C20C3F89020A8
:10448000C3F89420C3F89820C3F89C20C3F8802177
:10449000C3F88421C3F88821C3F88C21C3F8902184
:1044A000C3F89421C3F89821C3F89C2162B6BFF3E6
:1044B0004F8FBFF36F8F08BD00E100E01EF0040FC7
:1044C0000CBFEFF30880EFF30980816911F8021C3B
:1044D0000229FFD001B5724607F0BAFC01BD00BF4A
:1044E00040B2002807DB044A4109012300F01F0005
:1044F000834042F82130704700E100E040B20028DC
:104500000CDB4309064900F01F00203301228240E2
:1045100041F82320BFF34F8FBFF36F8F704700BF69
:1045200000E100E0054B420900F01F0053F8222093
:10453000012303FA00F01040704700BF00E100E0E3
:1045400040B20028A8BF00F1604001F10101B8BFEE
:10455000064B4FEA4111ACBF00F5614000F00F007F
:10456000C9B2B4BF195480F80013704714ED00E0CD
:10457000044B054A23F07F039360BFF34F8FBFF3D3
:104580006F8F70470000000000ED00E008B5FFF7F6
:10459000EFFF074AD2F8883023F47003C2F888305E
:1045A000FFF798FCFFF7A2FC00F0B0F803F006FB61
:1045B00000ED00E042F8203C009B42F81C3C0A4918
:1045C000019B42F8183C029B42F8143C21F0010187
:1045D0004FF0807342F8043C42F8081C0023203A54
:1045E00002654367704700BF591D0000094A034632
:1045F000906870B113F1160F006E05D0A0F1400263
:10460000934205D3834203D2814228BF00207047E2
:1046100000207047AC20002008B515460B4A0C4B13
:104620009060026F1A600E4600F0A0F82C4686F3E8
:1046300009880020034B98472046002100220023D0
:10464000014C204775BE0000591D0000AC20002021
:10465000F8140020014B10221A61704700ED00E0B1
:10466000054B5A699B689A421FBF044A536843F03E
:1046700080535360704700BFAC20002000ED00E085
:10468000084B9B6883420BD1EFF3058343B1064B84
:104690005A6842F080525A605A6A22F400425A62C2
:1046A00004F0DCB8AC20002000ED00E014498A687A
:1046B0004FF030001044EFF3098C80E8F01F202009
:1046C00080F31288BFF36F8F0E4F4FF000664A6978
:1046D0008A603E60106F0C4C2060506F002353675F
:1046E00080F3118804B5104600F040F8BDE804409E
:1046F00002F1300090E8F01F8CF309887047000049
:10470000AC20002004ED00E0F81400200448002351
:104710002021C2180133302B82F80013F9D17047E1
:1047200000E100E008B5EFF30583064A103B02EB19
:10473000C30152F8330049688847BDE80840FFF7D5
:104740008FBF00BFFCDD000001480068704700001B
:10475000F8140020024B034A0348012100F076B808
:104760000000022000000020D4E00000036E054A93
:10477000403B1360044B4021C2E901131046012164
:1047800000F06EB8FC14002000000B15084AC2F8B7
:1047900098000B6823F01F03034343F01003C2F893
:1047A0009C308B6843F00103C2F8A030704700BF13
:1047B00000ED00E02DE9F043DFF8608085B00E46A3
:1047C0001F4604464FF00009B14523DA6068D8B1AE
:1047D0003FB1411E08421BD11F2819D92368194235
:1047E00016D12368019307F068FBA3680343039382
:1047F000D8F89050C5F30725D0B2013DA84207D89C
:1048000001A9FFF7C3FF421C09F101090C34DBE7E2
:104810006FF01502104605B0BDE8F08300ED00E032
:10482000044B0522C3F89420BFF34F8FBFF36F8F63
:10483000704700BF00ED00E0BFF35F8F024B002226
:10484000C3F89420704700BF00ED00E010B5034CA2
:1048500001232278FFF7AEFF207010BDD22B00207D
:1048600008B50B4A00231278FFF7A4FF10F1160FCA
:1048700007D0084A0021D2F89030C3F307239842AA
:1048800000DB08BDC2F89800C2F8A0100130F2E7C2
:10489000D22B002000ED00E02DE9F0435A4B5B4D98
:1048A000D3F890302C68C3F307239C4285B000F204
:1048B000A780FFF7C1FF00200C2684421AD1544E76
:1048C000DFF8449134706846FDF784FC514C524D3A
:1048D00080460027B84514D133784B490020D1F8E1
:1048E0009020C2F307229342C0F28480FFF798FF22
:1048F000002045E0696806FB0011FFF747FF013023
:10490000DBE7009800EB07114FEA071CCB68234058
:10491000B3F5000F4DD00AD8B3F5001F33D0B3F56F
:10492000800F3BD0B3F5801F13D00137D2E7B3F12E
:10493000007F47D0B3F1805F4DD0B3F1807FF4D1D9
:1049400050F80C3088684A6807F0B7FA40F0887071
:1049500009E050F80C3088684A6807F0AEFA40F079
:10496000885040F43020CDE901230390D9F89030ED
:104970003078C3F30723013B984234D96FF0150018
:1049800005B0BDE8F08350F80C3088684A6807F03D
:1049900094FA40F0885040F40020E4E750F80C30DE
:1049A00088684A6807F089FA40F0007040F40030E7
:1049B000D9E750F80C3088684A6807F07EFA40F072
:1049C0008270D0E750F80C3088684A6807F075FAB2
:1049D00040F48020C7E750F80C3088684A6807F038
:1049E0006CFA2843BFE701A9FFF7D0FE3378013303
:1049F00033709AE7C1F89830C1F8A00001336EE730
:104A00004FF0FF30BCE700BF00ED00E0E0E0000049
:104A1000D22B00200000F0FF0000021108B505486D
:104A200006F0D5FD002383F31188BFF36F8F0423B5
:104A3000184602DF05E90000024B0122C3F84025B9
:104A40000020704700E0014048B1054B054A1B6853
:104A5000B3FBF2F35843044B43F00103184770478C
:104A6000D401002040420F0050E00000BFF34F8F00
:104A70000549064BCA6802F4E0621343CB60BFF3FA
:104A80004F8F00BFFDE700BF00ED00E00400FA0516
:104A900000F07F03082B42B204D010F0780F01D051
:104AA00000207047002A00F00F0300F0080004DA2D
:104AB00030B9054800EB4310704718B90348F9E7CF
:104AC00003487047034870475415002074160020AF
:104AD00054160020741700200149024808F07DBDDB
:104AE00030150020100400200146014808F009BDDF
:104AF0007002002002480022002303F0C9B900BF61
:104B00007002002013B5114800F080FE0446C8B9B9
:104B10000F4802F0DBFE0F4802F0FEFE0E490F4880
:104B200000944FF0FF334FF4806203F045FB0C49D3
:104B30000A4808F074FD0B490B4808F032FD204686
:104B400002B010BD6FF00404F9E700BF594D00003A
:104B500044EA000000E10000403000201004002082
:104B60000EE90000754E00003015002010B50E490A
:104B7000BFF35B8F002351E8002F012A03D141E8E6
:104B800000300028F7D1BFF35B8F0CD151F8044CF3
:104B90001439204606F014FE783004D12046BDE8D2
:104BA000104006F0E9BD10BD2815002038B50024DE
:104BB00064F07F00C0B2FFF76BFF013407F0A4F987
:104BC000082CF5D10E4D0024E0B2FFF761FF036918
:104BD00003B90561013407F097F9082C05F1400588
:104BE000F2D1084807F090F9074BD3F87C2212B9AC
:104BF000064AC3F87C22BDE83840054807F084B96E
:104C0000981B00205416002008150020981700203B
:104C10007417002008B5FFF76DFF20B14168024806
:104C200008F09EFBF7E708BD3002002007B500231F
:104C30000E48002201A903F03BF890B1FFF7EAFF0C
:104C40000A480022002301A903F032F838B901987C
:104C5000042340600374FFF747FFFFF73DFF002088
:104C600001E00198406003B05DF804FB30020020D1
:104C700010B50446FFF7DAFF60B100220274047237
:104C8000FFF732FF044B93F824301BB1BDE810400E
:104C9000FFF722BF10BD00BF08150020022803D86F
:104CA000024B185CFFF7E4BF704700BF41EA000009
:104CB00070B5817806460846FFF7EAFE0B06F578E0
:104CC000044612D5002D43D1FFF7B0FF034600285C
:104CD0003ED00122A5770274032202739C60FFF785
:104CE00003FFBDE87040FFF7F7BE4DB1012D2FD196
:104CF000FFF79CFF034658B3657705740573EDE72E
:104D0000FFF794FF20B3B278124B12F0800F02F03D
:104D1000080111D041B1D3F8A836E3600123037430
:104D2000022303738460DAE702F00F02142101FB0F
:104D30000233D3F80836F0E711B1D3F8A837ECE71F
:104D400002F00F02142101FB0233D3F80837E4E725
:104D500070BD00BF00700240F0B5064689B0142255
:104D6000002103A808F07BFF3378013B052B21D8F5
:104D7000DFE803F07A0314146A1603238DF8143065
:104D80000024FFF753FF0346A0B1047400F10802AA
:104D9000DDE9050182E8030018461DE00423EDE784
:104DA000B1780846FFF774FE837A044623B1013BCD
:104DB000022B43D909B0F0BD0B06F57813D5002DB1
:104DC000F8D1FFF733FF03460028F3D00122A5777F
:104DD0000274032202739C60FFF786FE09B0BDE8EF
:104DE000F040FFF779BE55B1012DE3D1FFF71EFF6B
:104DF00003460028DED0657705740573EBE7FFF7FF
:104E000015FF07460028D5D001230374022303733E
:104E1000846004F10C01B07807F0D6F8134AE16819
:104E2000B2F88C328B4206D95B1AA2F88C3201F0B0
:104E30002DF83846D0E7A2F88C52FAE7304609B090
:104E4000BDE8F040FFF734BF01A800F0FDFF9DF87A
:104E50000530052B04D19DF8043013F0600FA9D064
:104E6000034B059301248CE702248AE708150020F0
:104E7000741600202DE9FF41AD4C8046FFF73AFE45
:104E8000074610B904B0BDE8F08194F825303A7CAB
:104E90003BB9002A00F085807968A64808F060FADE
:104EA000ECE7042AF8D8DFE812F07C0005000201E4
:104EB000180133013B7BBD68032BEDD8DFE803F01D
:104EC000023C595E6E699C4B002232607260D3F8DE
:104ED00080143170D3F884147170D3F88814D3F827
:104EE0008C0441EA00217180D3F89014D3F8940423
:104EF00041EA0021B180D3F89814D3F89C3441EAF8
:104F00000323F3800823EB60306871688B4B03C385
:104F100011462B68687A984796F90030002B07DB1A
:104F2000F3889AB222B1A4F88C3200F0AFFFB3E755
:104F30000023A4F88C32AFE76B7F002BACD02B7F23
:104F4000002BA9D000266E774FF0FF327C482E77D9
:104F50004FF0FF3306F0EBFF6B6901936B68CDE90F
:104F6000023601A9687A00F0A3FC754806F0E1FF5B
:104F700092E72B680121687A98478DE7AB7A6BB985
:104F8000EB7F5BB96E484FF0FF324FF0FF3306F016
:104F9000CEFF00F081FF6A4806F0CBFF2B680221AC
:104FA000E9E73A7A042A3FF677AFDFE802F05B03DD
:104FB0002569750000F0EAFB054600287FF46CAF18
:104FC00000F07CFBBFF35B8F5E49012351E8002FAB
:104FD000002A03D141E800300028F7D1BFF35B8FEE
:104FE0007FF45AAF41F8085C41F8105CE0696361F6
:104FF000143906F076FB4FE7002565F07F00C0B25C
:10500000FFF746FD037A13B1407A01F0A5F80135A8
:10501000082DF2D194F854311BB194F8550101F0E8
:105020009BF80025E8B2FFF733FD037A13B1407A0D
:1050300001F092F80135082DF4D194F874321BB1C7
:1050400094F8750201F088F8002000F083FB01233A
:1050500084F825302368002B3FF41EAF0021022086
:10506000984719E7002584F8255000F0DDFFFFF789
:105070007DFD2368002B3FF40FAF29460420EFE7A6
:10508000002B3FF409AF00F08BFB2368002B3FF4AB
:1050900003AF00210520E3E72268002A3FF4FCAEBD
:1050A000002B3FF4F9AE002106209047F4E608F10A
:1050B00010054FF0FF334FF0FF32284606F037FF60
:1050C000FFF774FD284606F034FF58F8283C002B03
:1050D0003FF4E2AE00210120C2E794F874327BB1C4
:1050E000012584F8895284F88852FFF79FFD38B172
:1050F000154A057405738260FFF7F6FCFFF7ECFCB8
:1051000058F8283C002B3FF4C7AE00210A20A7E73F
:1051100007F035FD00F088FF00F0C6FAFFF77AFDD2
:10512000FFF744FD07F024FD084800F06FFBB3E6ED
:105130000815002030020020007002400C150020ED
:10514000401500202815002074170020594D00003C
:1051500038B5144C94F824500DBB04F1380008F015
:1051600049F9284601F056F92A460121E061272035
:10517000FFF7E6F907F0FCFCFFF718FD012384F8C0
:105180002430094B1B680BB1FFF7A6FC4FF080439E
:10519000D3F83834DB0702D50120FFF769FD002082
:1051A00038BD00BF081500207002002010B50D4862
:1051B0004FF0FF324FF0FF3306F0B9FEFFF72AFD44
:1051C00000F0E4FA08B100F02FFFFFF7CFFC07F082
:1051D000D6FC0548002480F82440383006F0A9FEAB
:1051E000204610BD4015002008150020074B93F8FD
:1051F00024203AB193F82530002B0CBF6FF0120039
:10520000002070476FF01200704700BF08150020A3
:1052100010B5104B93F824300146BBB104782046FA
:10522000FFF736FC10B96FF0150010BD44720B7912
:1052300083724B88436008784988030702D44B1E69
:105240000B42F0D106F0BBFE0020EEE76FF012003B
:10525000EBE700BF0815002010B5124B93F824208F
:105260000146CAB193F82530B3B1FFF711FC0446EB
:10527000A8B1837A012B12D007D9023B012B07D9A1
:105280006369A3610020E06010BD00F00BFEF7E74A
:10529000084600F0ADFDF3E76FF01200F4E76FF0A1
:1052A0001500F1E70815002038B50E4B93F82420BF
:1052B000054682B193F825306BB1FFF7E9FB68B181
:1052C00015F008040AD1284600F0B4FD284600F085
:1052D0007BFF204638BD6FF01200FBE76FF0150032
:1052E000F8E700BF0815002038B50C4B93F82420D0
:1052F00005460C4662B193F825304BB1FFF7C8FB69
:1053000048B141B1284600F07BFD2070002038BD37
:105310006FF01200FBE76FF01500F8E708150020AA
:1053200070B5134E96F824300446C3B1FFF7B0FBB6
:105330000546B8B1230705D4204600F07BFD204682
:1053400000F042FF2B7A83B901232B7296F82530A7
:105350000BB9002070BD204600F0FEFEF9E76FF0AB
:105360001200F7E76FF01500F4E76FF07700F1E750
:10537000081500202DE9F043DFF8DC801F4698F87F
:10538000243085B0044689461646002B5DD098F837
:105390002530002B59D003065AD5FFF779FB054677
:1053A000002855D0037A002B52D04FF0FF334FF036
:1053B000FF3208F1380006F0BAFDAB7F4BB108F1BF
:1053C000380006F0B6FD6FF00A04204605B0BDE8CF
:1053D000F08316B9EB7F03B1EE77AB7ABBB95EB160
:1053E000B8F80A309E4207D26A68B6FBF2F302FBB5
:1053F00013630BB90123EB7700F05AFD844206D00A
:1054000000F04AFD154806F094FD0024DDE7012375
:105410002046AB774FF0000801A9CDE90196CDF801
:105420000C8000F045FA044658B185F81E802FB96B
:105430006FF00404094806F07CFDC6E7C7F8008059
:10544000F6E7002FF6D03E60F4E76FF01204BCE7F9
:105450006FF01504B9E700BF0815002040150020C3
:105460002DE9F0411D46204B174693F824200E46A7
:10547000002A33D093F8253083B3030631D401B921
:105480007FBBFFF705FB044658B3037A4BB34FF0DD
:10549000FF3316484FF0FF3206F049FDE368BB4288
:1054A000984628BFB84646B93FB905B12B600F48AA
:1054B00006F03FFD0020BDE8F081A169424630467C
:1054C00008F0A6FBA3694344A361E368A3EB0803C8
:1054D000E360002DEBD0C5F80080E8E76FF0120024
:1054E000E9E76FF01500E6E70815002040150020F9
:1054F00070B51E4D95F82420034682B395F82520FB
:105500006AB31B062ED4FFF7C3FA044650B3037ADE
:1055100043B34FF0FF334FF0FF3205F1380006F090
:1055200006FDE368B3B9012663692677A361637F4B
:1055300083B1FFF77BFB30B905F1380006F0F9FCC9
:105540006FF00B0070BD067484600673FFF7CCFA31
:10555000FFF7C2FA064806F0ECFC0020F2E76FF015
:105560001200EFE76FF01500ECE700BF0815002010
:105570004015002008B5084B93F824302BB1FFF7F5
:1055800087FA28B10160002008BD6FF01200FBE728
:105590006FF01500F8E700BF08150020014B1860F8
:1055A000704700BF0815002008B5074B93F824305A
:1055B00023B1FFF76DFA20B1406808BD6FF012000B
:1055C000FBE76FF01500F8E708150020064B10F018
:1055D000800F03F1D80218BF134600F00F00182205
:1055E00002FB0030704700BFD81D0020EFF3118090
:1055F000202383F31288BFF36F8F0A4BD3F8001C6C
:10560000032261B949F27531C3F8001CC3F8142DA7
:10561000C3F8001C80F31188BFF36F8F7047C3F885
:10562000142DF7E700E00640EFF31180202383F309
:105630001288BFF36F8F0A4BD3F8001C61B949F28F
:105640007532C3F8002CC3F8141DC3F8002C80F386
:105650001188BFF36F8F70470022C3F8142DF6E74F
:1056600000E0064008B54FF08053D3F830310D2BE1
:1056700001D1FFF7BBFF0B4B0122C3F80025D3F884
:1056800000241205FBD54FF40062C3F800244FF04C
:105690008053D3F830310D2B03D1BDE80840FFF71C
:1056A000C3BF08BD00700240024A00231360024AD3
:1056B00013707047901F0020D72B0020F8B51E4FA5
:1056C0004FF400634FF08054C7F80034FFF7CAFF6F
:1056D000D4F830310D2B04D1184D2B7803BBFFF7D4
:1056E00085FF154B8022C3F81C250122C3F8302505
:1056F000134B40F2FF121A60124A00231360124A41
:105700001370124A1370124B02221A704FF080531A
:10571000D3F830310D2B0ED1BDE8F840FFF784BF30
:105720000026C7F80065FFF79DFF2E70D4F83031D2
:105730000D2BD6D1D3E7F8BD00700240E801002060
:105740008C1F0020881F0020D32B0020D52B002089
:10575000D72B0020094B002210B51A70084A094BBC
:10576000094C002808BF1346C4F800332720FEF771
:10577000B7FE0123C4F8043510BD00BFD62B0020AE
:10578000FDFFDF01FDFFFF0100700240034B1878B1
:10579000012894BF00200120704700BFD72B0020B4
:1057A00010B54FF0FF324FF0FF33154802F0D6FB33
:1057B000EFF31181202383F31288BFF36F8F114B16
:1057C0001B7803F0FF0483B10F4BD3F8002412F4CD
:1057D00000720AD10120C3F82C05D3F82C05D3F8A8
:1057E0000004800502D5C3F82C25002481F311881C
:1057F000BFF36F8F024802F07DFB204610BD00BF53
:1058000060020020D62B002000700240F8B51C4B2F
:105810001C7894BB1B4A106001221A7040F2FF17DB
:10582000264664F07F0514F0080FEDB214BF394628
:105830004021284606F0C3FB2846FFF7C7FE013487
:10584000092C867506730661EBD1002440F2FF1720
:10585000254614F0080FE6B214BF39464021304601
:1058600006F0ADFB3046FFF7B1FE0134092C85751B
:1058700005730561EDD10020F8BD6FF07700FBE7FF
:10588000D72B0020901F0020084B10F0800F14BF72
:10589000D3F81035D3F8143500F00F0201209040F2
:1058A0001840003818BF0120704700BF0070024048
:1058B0002DE9F843024606F07AFBEFF31188202326
:1058C00083F31288BFF36F8F130703D1174B1B7835
:1058D000934224D1164B174F1C683E68E4434FF0A7
:1058E0000109A4B209FA00F534432C401AD110463C
:1058F000FFF76CFE80F80C90034607C91C6183E833
:1059000007009C750C4B2E4380223E602046C3F856
:10591000042188F31188BFF36F8FBDE8F8836FF01F
:105920000D00F6E76FF00F00F3E700BFD52B002066
:105930008C1F0020881F002000E100E010F0080FFD
:10594000074B06D0D3F8C00410F4803F18BF0020E6
:10595000704700F00F0000F5947053F82000704776
:10596000007002402DE9F04F584BDFF86491D3F8F6
:10597000542185B0EAB10022C3F85421D3F80413AE
:10598000890216D58DF80C20D3F82025ADF80E200D
:10599000D3F8C034002BD9F8003014BF4FF00122E7
:1059A0004FF480721343C9F800304A4B03A81B68B8
:1059B0009847464BD3F8604134B10022C3F86021C8
:1059C000D3F86C44C3F86C44D3F828214AB10022C0
:1059D000C3F82821404B187806F0E9FA01238340E8
:1059E0001C43DFF8F8A09AF800509AF9006015F00F
:1059F000080005F00F0236D1002EB4BF384B394BEA
:105A000091000B441968DFF8E08041B30021196070
:105A10002E4B78BB8E424FF0140101FB0233B4BF12
:105A2000D3F80836D3F80837304A117803F0010369
:105A30004B4013702E4802F05DFA2846FFF7C6FD72
:105A4000837D032B1DD1284606F0B1FA012303FA0A
:105A500000F0D8F8003023EA0003C8F800301D4FEA
:105A60000125062671E0234B234933EA260328BF8C
:105A70000B46C7E7002EB4BFD3F8A836D3F8A83733
:105A8000D2E7037BE3B9284606F091FA012303FA33
:105A900000F0D8F80030002E23EA0003C8F80030E8
:105AA00001DA882DDBD106238DF80C3000238DF828
:105AB0000F30084B8DF80E501B6803A89847CEE7AF
:105AC000002DCCD1014B0122DA64C8E700700240FE
:105AD0008C1F0020901F0020D52B0020D42B0020ED
:105AE0000871024030710240881F0020D32B002033
:105AF00060020020507102402C71024094FAA4F31D
:105B0000B3FA83F30F2BD9F800201946C8BFA3F1CD
:105B1000100105FA03F342EA0302C9F80020D8F89D
:105B20000020CCBFC9B241F0800124EA0304134035
:105B30000A0640F1938043B98DF80C608DF80E1081
:105B40008DF80F303B6803A89847002CD6D1A24BA4
:105B5000D3F800215AB1C3F80041A04B1C70A04BF0
:105B60001C70012303939F4B03A81B6898479A4B13
:105B7000D3F85821002A2ED00022C3F85821D3F898
:105B80000044C3F80044E50508D5944B01221A707F
:105B900002230393934B03A81B689847A00508D5DD
:105BA0008E4B00221A70032303938E4B03A81B68AD
:105BB000984761050FD5894B1A7862B100221A7097
:105BC000854B0122C3F808259A6504230393854B6E
:105BD00003A81B689847804BD3F85C3123B3824BF2
:105BE0009B681BB99AF800305A061DD07A4B0022E8
:105BF000C3F85C21D3F88034794A23F07F03137013
:105C0000D8F8003023F00113C8F80030D9F800307C
:105C100023F4803343F00103C9F8003005230393D4
:105C2000704B03A81B689847D8F80020D9F80030BB
:105C30001A4200F0BE806C480022002302F08EF968
:105C4000002840F0B680644BD3F82C35002B44D0AC
:105C5000654805B0BDE8F04F02F04CB9002B7FF469
:105C600074AF8DF80C608DF80E108DF80F5069E749
:105C70000A4663E000396BE02046FFF75FFED5E996
:105C8000002CB5F814E060459FBFACEB000C861803
:105C90002E60C5F804C094BF0646002670450CBFB0
:105CA00001230023BCF1000F08BF0023002A55D0B8
:105CB000864253D20123BB4021EA0303C8F80030D7
:105CC00006238DF80C30474B8DF80E4002221B68DE
:105CD000AA758DF80F2003A89847D9F80030D8F896
:105CE0000010019311EA0307B2D017F0012314BF8B
:105CF00093FAA3F797FAA7F7B7FA87F7FCB20F2F33
:105D0000C6BF103CE4B244F080042046FFF75EFCBE
:105D10004FFA84FBBBF1000F0546ADDA4268868A74
:105D20000168964228BF164601F06042B2F1005F5A
:105D30009ED032462D4807F06BFF2C4A28686968D0
:105D400030442860A868891BC307696092D5311E5A
:105D500018BF012121B90021297301E0002BFAD0DD
:105D60002969019B8AF80040012000FA07F73144B5
:105D700023EA070714F0080F2961C9F800701649D3
:105D80001AD1BBF1000F04F00F044FF0140303FB12
:105D90000413A9BF0A3401EB8401C3F80027C3F838
:105DA0000467AFBF41F82400C3F80026C3F80466B7
:105DB000486005B0BDE8F08FBBF1000FB5BFC1F87A
:105DC000A026C1F8A027C1F8A466C1F8A467B4BF93
:105DD00048628864EDE700BF00700240D62B0020C7
:105DE000D52B0020901F002060020020981D00206D
:105DF000024B40F48070C3F81805704700700240F1
:105E0000030713D400F00F0310F0800F084A0BBFF4
:105E100003F5887303F5847302EB830252F82300C1
:105E200008BF5068003818BF012070470020704735
:105E300000700240034BC3F80C0540F48070C3F8B7
:105E40000C057047007002400023036043600E4B56
:105E5000D3F880240270D3F884244270D3F88824C5
:105E6000D3F88C1442EA01224280D3F89024D3F86C
:105E7000941442EA01228280D3F89824D3F89C3407
:105E800042EA0323C380704700700240014B0122A5
:105E9000DA64704700700240014B01221A657047B6
:105EA00000700240014B01225A65704700700240A9
:105EB000014B1878704700BFD52B002010B5024663
:105EC000EFF31184202383F31288BFF36F8F06F062
:105ED0006EF80B49012303FA00F00B6823EA000374
:105EE0000B6012F0080101BF02F00F02054B02F532
:105EF000947243F8221084F31188BFF36F8F10BDA2
:105F00008C1F002000700240F7B50146EFF31185A9
:105F1000202383F31288BFF36F8FFFF757FB0646EA
:105F2000084606F044F8012211F0800F02FA00F250
:105F30002D4818D1036832EA03040AD00846FFF757
:105F4000BDFF0323B37585F31188BFF36F8F03B0D3
:105F5000F0BD2649347323EA020303600B6823EA89
:105F600002030B60EDE70B0715D48029204B2FD0DF
:105F700001F00F0404F2DA346400C3F80048D3F8E7
:105F80000448D3F80478E4B244F002043C43C3F874
:105F90000448D3F80438154F04683B6864EA030CDE
:105FA0001CEA020FCFD013433B600023337303235B
:105FB000B3758DF807300F4B8DF8061024EA0204F4
:105FC000062204601B688DF8042001A89847BAE7F0
:105FD00040F2B474C3F80048D3F80448D3F8047806
:105FE000E4B244F00404D1E7881F00208C1F002095
:105FF00000700240901F002010B504464FF0FF32A1
:106000004FF0FF33064801F0A9FF2046FFF77CFF61
:10601000034801F06FFF034B8022C3F8042110BD39
:106020006002002000E100E0F8B54FF0FF324FF0D1
:10603000FF332A4801F092FF294B8022C3F88421C4
:106040002720FEF76FFA98B1264E274B34681B685D
:106050006FF30F041C43012754BB244D40F2FF1380
:1060600033602720C5F80445FEF748FAC5F8004319
:106070001F4A13788BB11D4B0021C3F80811012171
:10608000C3F80026C3F804165960D3F80811002994
:10609000FBD00021C3F808111170144B0022C3F883
:1060A00000250E4801F026FF124B01221A70F8BDA0
:1060B00094FAA4F5B5FA85F50F2D2846C6BFA5F1CB
:1060C0001000C0B240F08000030701D4FFF71CFFAE
:1060D00007FA05F524EA0504BEE700BF60020020C8
:1060E00000E100E08C1F0020881F002000700240AB
:1060F000D32B0020D72B002010B504464FF0FF32E1
:106100004FF0FF33114801F029FF2046FFF7FCFE56
:1061100004F00F02012393400D4A14F0800F14BFC6
:10612000D2F81015D2F814156FEA030315BF0B400F
:106130000B40C2F81035C2F81435044801F0DAFEFD
:10614000044B8022C3F8042110BD00BF6002002070
:106150000070024000E100E070B50446FFF794FBD8
:1061600068B904F00F02012514F0800F144B05FAF2
:1061700002F205D0D3F810150A43C3F8102570BDFC
:10618000D3F814150A43C3F81425631E062BF6D85A
:10619000EFF31186202383F31288BFF36F8F20461D
:1061A000FFF78CFE204605F002FF064A1368854083
:1061B00023EA0503136086F31188BFF36F8FDEE7D0
:1061C00000700240881F0020030610B5044605D465
:1061D000FFF716FE10B12046FFF770FE014BC3F823
:1061E000184510BD00700240084B70B5C31A0D462B
:1061F00007499B10044659430648402205F003FF17
:106200002B4601462046BDE870401847A81F0020D5
:10621000B76DDBB654DD000073B50C4C0C4A40235F
:10622000041B00930D460B460A49A4106143064621
:10623000094805F013FF014628B130462B4602B04D
:10624000BDE87040184702B070BD00BFA81F002015
:10625000CBC00000B76DDBB654DD00000022F8B5FE
:10626000012105461046FEF76BF9114801F056F87A
:106270000446D0B9286900F0CBF901F06FF82F6916
:106280000C49384605F01AFA031E09DB01263E6464
:106290002D69084905F11C0005F010FA031E02DA09
:1062A0001C462046F8BDEE64FBE76FF00404F8E7F7
:1062B0006963000004E100001FB500220123CDE95D
:1062C00002236C46074A6B46CDE9004405F0F6FE12
:1062D00028B94FF480420023684601F03FFE04B025
:1062E00010BD00BFDDC0000010B5EFF31184202306
:1062F00083F31288BFF36F8F074A136823F00201FC
:10630000DB07116002D4012006F00FF984F3118835
:10631000BFF36F8F10BD00BFF81F002030B4104BCB
:106320000C2202FB003301460020D3E90E52986391
:10633000EFF31180202484F31288BFF36F8F1C6C5D
:1063400004F0C00444F002041C6480F31188BFF31D
:106350006F8F1DB12B46034830BC184730BC7047C7
:10636000A81F002054DD0000012810B504460AD003
:1063700003280CD078B9084B1B6C5B070BD1BDE828
:106380001040FFF7CBBF00F051F92046F7E7BDE81A
:10639000104000F059B910BDA81F002010B4EFF351
:1063A0001180202282F31288BFF36F8F17490B6888
:1063B00043F0020413F001030C601AD04FF0804345
:1063C000D3F80C14D3F80C3413F0010311D0EFF30D
:1063D000118182F31288BFF36F8F0D4A136C03F0A3
:1063E000C00343F00203136481F31188BFF36F8F7E
:1063F000012380F31188BFF36F8F1BB110BC002005
:10640000FFF78CBF10BC012006F087B8F81F0020F2
:10641000A81F0020024AC3B21C2000FB03207047C3
:10642000A81F0020F8B52849BFF35B8F064601225C
:1064300051E8003F41E800200028F9D1BFF35B8F0D
:1064400033B9224922484B60CB608A6005F049F994
:10645000731E012B2CD807F0DCF8044650B1EFF383
:106460001185202383F31288BFF36F8F01244FF02F
:1064700080470EE0174B1B78002BF0D04FF0804385
:106480000222C3F808230546F1E794B1284605F037
:1064900005FDD7F81824D7F81834D203F5D59B0793
:1064A00001D0012EF1D14CB185F31188BFF36F8F6C
:1064B000F8BD0021212007F071F9EAE74FF0804391
:1064C0000222C3F80423F3E7A41F0020941F002036
:1064D000C41F0020DB2B00200D4BBFF35B8F01227C
:1064E00053E8001F002903D143E800200028F7D11A
:1064F000BFF35B8F0BD1074A0023D360064B536079
:1065000003239360054B1146186805F0EAB87047FD
:106510001820002000200020E5650000FC1F00205E
:1065200007B500220023CDE9002308484FF40032CC
:10653000002302F079FC064B186805F01DF9054BA5
:1065400000221A6003B05DF804FB00BFF8010020D0
:10655000FC1F00201820002073B51D4D1D4CAE6897
:106560004C21F3682846984770B1002323701A46DF
:10657000217809B1012A1FDD174A138005F0DDFFDC
:106580000123237002B070BD0C2133696A4628468E
:1065900098470028E9D1114A019B93FBF2F3009A36
:1065A00003EB82030C4AB2F900201BB29A1A002AAC
:1065B000B8BF524212B2DBE7094A1368013901330E
:1065C0002170136002B0BDE87040FFF7A9BF00BFA3
:1065D000E0DD0000D82B00201622002090D0030020
:1065E0001020002008B5074806F082FE28B905F003
:1065F000A4FF054B01221A7008BDBDE808400348FE
:1066000001F0D4BDE0DD0000D82B0020C401002043
:10661000034B044A186000231360034A1360704759
:10662000FC1F00201420002010200020024B00221C
:106630001A70FFF751BF00BFD82B0020014802F0AD
:106640002BBC00BFF8010020024A1368013313601D
:10665000FFF766BF14200020024B0B60012313607C
:10666000704700BF1C2000200048704720E1000058
:1066700010B5012211460648064C06F04DFF06F003
:1066800067FA206006F060FA6060002010BD00BF6D
:10669000242000201C20002070B50C46154606F072
:1066A00053FA29460646204605F090FD00B3B4FB98
:1066B000F6F306FB1343DBB9B5FBF6F306FB135306
:1066C000B3B9AE4212D84FF0FF324FF0FF330A4851
:1066D00001F044FC06F038FA0646204601F0CCF8FA
:1066E000AD1B3444F9D1044801F004FC002070BD16
:1066F0006FF01500FBE700BF24200020F8B50E4620
:106700003046194617461D4605F060FD10B346EAAF
:10671000050414F003041DD10DB90020F8BD0F4885
:106720004FF0FF324FF0FF3301F018FC25F0030566
:10673000A54206EB040008D1094AD2F80034DB0771
:10674000FBD5064801F0D6FBE7E7395901F0B0F870
:106750000434EDE76FF01500E0E700BF24200020CF
:1067600000E001402DE9F043476840F20636D006CC
:106770003B7C87B002EA060654BFC2F3401C4FF0D0
:10678000030C01F01F05B6F5837F144645EA431557
:106790008DF803C044D00DD8062E16D005D8A6B16A
:1067A000022E3FD06FF0150037E0B6F5807FF9D1AB
:1067B00001260AE040F20222964235D0B6F5407F2B
:1067C00034D0B6F5007FEDD10226220330D57A68A9
:1067D00001238B40C2F80835B868A0BB05F01F0341
:1067E0006D092DD0012D77D13E4A02EB8302C4F30F
:1067F0000043D2F8001783F00103C4F3404444EA95
:10680000430421F4E16144EA8C0421F0070144EAE5
:1068100006230B43C2F80037002007B0BDE8F08321
:106820000726D2E70426D0E70526CEE70326CCE7E5
:10683000630341BF01237A688B40C2F80C35CBE774
:106840004FF0A042D1E70DF10202294606F0ECF824
:1068500014F4403F80460CD1B868294606F019F977
:10686000B8F1000FD8D19DF80210B86800F000FF11
:10687000D2E74FF0000901ABCDE90199CDE9043928
:10688000CDF80C90B86803AA294605F0A2FF484548
:10689000C2DB14F4003314D0C4F300449DF8033079
:1068A0008DF80E3084F001048DF80C608DF80D40E9
:1068B000B8684B4603AA294606F03EF80028CFDA0E
:1068C000AAE7CDE904330DF103030393B86803AAE3
:1068D000294605F07EFFF1E703F5E07350F8233019
:1068E000FFDE00BF00030050420970B5034602D02E
:1068F000012A17D070BD0D4E326951680029F9D0B8
:1069000003F01F0301250C689D400029F2D08A681E
:106910002A4002D04B68304698472CB12368214664
:106920001C46F2E7024EE7E72346F8E78CDD00005D
:1069300070DD000038B54568A86890B106F0A3F88E
:10694000014670B9A86806F082F8044658B90246B4
:106950000649A86806F065F8224605210620FDF7DD
:10696000EFFD002038BD6FF00400FBE7E968000090
:10697000F0B544681646A068227C01F01F0587B078
:1069800045EA421500286DD0B6F5001F04D129460E
:1069900006F0D2F8002056E06268607CC2F8240558
:1069A00001AA0020B6F5800F0190506037D1B3F1F5
:1069B000007F14BF052304238DF804300023CDE9A4
:1069C00004230393E36823FA01F111F001010DF1AF
:1069D00003073AD1B6F1A07F37D105F01F036A094A
:1069E00003F5E07326D0012A3FD1214A52F8233023
:1069F000DB072AD4A0683A46294606F015F8163077
:106A00001BD00297A06803AA294605F0E2FE0028E1
:106A100019DBA0680122294606F03DF8BAE7B3F178
:106A2000C06F05D0B3F1007F14BF01230223C3E779
:106A30000323C1E74FF0A042D8E7A068394600F031
:106A40001DFE0028DDDA07B0F0BDA0683A462946F1
:106A500005F0EAFF0028D5D19DF80310A06800F0EA
:106A600007FECFE76FF08500EDE751F82330FFDE3A
:106A700000030050014B01221A60704700C0004023
:106A80000C2903690BD15B6A064907484B4393FB0A
:106A9000F0F100FB113311605360002070476FF07C
:106AA0008500704790D0030040420F00044B0069FE
:106AB0000022C3F80021D3F8003101F01BBA00BF57
:106AC00000C000407FB50569AB6A63B321F04001A7
:106AD0000C292BD105F110064FF0FF324FF0FF3398
:106AE000304601F013F9134B0193A86A03230024E5
:106AF00069460394029304F0F4FD4FF0FF324FF027
:106B0000FF33284601F02AFAA86A04F035FE0A4B42
:106B1000D3F808256A6201225A60304601F068F90C
:106B2000204604B070BD6FF00A00FAE76FF08500F0
:106B3000F7E700BF756A000000C0004010B50469A7
:106B40000020FFF767FCA0624FF0FF3200212046D3
:106B500006F0E2FC04F1100006F04CFC00220121DA
:106B60000C20FDF7EDFC0C20FDF7BAFC024B0122D6
:106B7000C3F80423002010BD00C0004070B50123FD
:106B800083400F4ABFF35B8FDC4352E8001F01EAEA
:106B9000040542E80056002EF7D1BFF35B8F4FF497
:106BA000803282400748C0F80823BFF35F8FBFF3ED
:106BB0006F8F03EA0100003818BF012070BD00BFCD
:106BC0007C2000200010014070B41249D1E900344B
:106BD000D01AC31844F1000422F07F46C1E9003402
:106BE000A6F50013B3F5400F09D20B4B1B681A0A28
:106BF0001B069C19094B42F10005C3E90045EFF360
:106C00001181202383F31288BFF36F8F70BC02F0D1
:106C100013B800BFC004002080200020C80400205A
:106C200011B3BFF35B8F0123104A834052E800CFBA
:106C30004CEA030C42E800C10029F7D1BFF35B8F97
:106C40000B4A4FF480338340C2F80433094BBFF33F
:106C50005B8F1B68BFF35B8FC340DB0742BF064BF4
:106C60004FF40032C3F80021704700BF7C200020A1
:106C7000001001407820002000E100E00D4B186872
:106C8000010A0006BFF35F8F0B4BD3F804351818C9
:106C900041F10001B3F5801F0AD2084BD3E900236C
:106CA000904271EB030303D210F1807041F10001B7
:106CB000704700BF8020002000100140C804002061
:106CC0002DE9F04F85B016461F469DF840A00446BA
:106CD000FFF754FF0190FFF7D1FFB04271EB0703BC
:106CE0005ED23E4B301A67EB0101984271F1000110
:106CF00009D36FF0150520460199FFF791FF28464B
:106D000005B0BDE8F08F364B03EB0413D3E9022343
:106D10009F4208BF964254D032494FF4803804F164
:106D2000500508FA04F8AD00C1F848832046ADB21A
:106D300005F0DDFA26F07F4B05F1804504F5A873D8
:106D400005F58835DC464FF003090293029A2CF0D2
:106D50007F4341F82230C1F84483D1F80435224AF8
:106D60006FF00200C01A604420F07F40904228D9A2
:106D7000286868B1D1F804350393A3EB0B0020F029
:106D80007F40B0F5000F1CD9204605F0B0FA039BF8
:106D9000BAF1000FADD109EB030C09F10109D5E7F8
:106DA000BAF1000FA5D10123104ABFF35B8FA340B6
:106DB00052E8000F184342E800010029F8D1BFF360
:106DC0005B8F07490E98230101EB0412C8500F9BFB
:106DD0005360C2E9026700258DE700BF0100800013
:106DE000B004002000100140FDFF7F00782000204B
:106DF0007FB51C4C1C4BC4F80833C4F848331B4BFC
:106E000000254FF0FF304FF0FF31C4F80855C3E9BB
:106E100002014FF48033C4F80433154B02264FF4BB
:106E200000320121C4F804631120C3F880212A46EE
:106E3000FDF786FB1120FDF753FB0E4A0123A360EB
:106E4000236013600C4B0D4A0093CDE901550023DC
:106E50002846FFF735FF3046FFF7E4FA284604B02E
:106E600070BD00BF0010014003000F00B0040020FF
:106E700000E100E07C200020C96B0000FFFF7F00E4
:106E80002DE9F7432E4CD4F8043399070BD5D4F8E9
:106E9000043143B12B4A0023C4F80431D4F804313F
:106EA000136801331360D4F80433DA0343D5BFF316
:106EB0005B8F254B53E8002F22F0010143E80010BF
:106EC0000028F7D1BFF35B8FD30702D4D4F8403149
:106ED0008BB30025C4F84051D4F84031FFF7CEFE03
:106EE000EFF31182202383F31288BFF36F8F174BC8
:106EF000D3E90267B042B94120D34FF0FF304FF0E1
:106F0000FF31C3E90201D3E900981D604FF48033DB
:106F1000C4F84833C4F84051D4F8403182F31188A2
:106F2000BFF36F8FB9F1000F05D0CDF80080324666
:106F30003B460020C84703B0BDE8F083A946EDE713
:106F4000001001408020002078200020B0040020A4
:106F500030B5431C124C85B005D08442A8BF04460E
:106F6000012CB8BF0124FFF789FE0E4B0C4DD3E96D
:106F70000013401AB0F5000F10D22218AA4228BF01
:106F80002A4652184FF0000007490091CDE9010050
:106F900043F10003FFF794FE05B030BD2A46F0E749
:106FA000FFFF7F00C0040020C96B000008B5FFF799
:106FB00065FE024B1B68C01A08BD00BFC00400205C
:106FC00010B5084C012363601120FDF797FA064BBA
:106FD000C4F80833C4F84833044B4FF40032C3F804
:106FE000802110BD0010014003000F0000E100E00F
:106FF000F0B5264DDFF898C02C6800270CEB04167E
:107000002301D6F80868F6B286BB07B12C604FF0B2
:1070100080542669B0FBF6F506FB15057DBB266995
:10702000B1FBF6F506FB15154DBB256964696C438C
:107030008C4224D319B303F1804404F5F034C4F82E
:107040000008C4F80418C4F80828D4F80058A84266
:1070500018D1D4F80408814214D1D4F80838DBB22E
:107060009A4214BF6FF00D00002007E00134072C96
:107070004FF00107C2D92C606FF01B00F0BD6FF01C
:107080001500FBE76FF00D00F8E700BF842000203B
:1070900000E00140F0B5816885B01039054621F067
:1070A000070404F0ACFC0B4B6A4603F110071868A8
:1070B0005968164603C60833BB423246F7D110233F
:1070C0006A462146284604F069FC003818BF0120B2
:1070D00005B0F0BDA2E2000030B50D46816887B072
:1070E000102302AA1039044604F043FC002802DAF7
:1070F000012007B030BD102202A9204605F029F971
:1071000000283AD11E49102202A806F0B0FD00283E
:107110000CBF012302232B70204605F006F9012342
:1071200001460DF10702204604F023FC0028DFDBB6
:107130009DF8073003F00F021B096A702B710122C2
:107140000DF10701204605F004F910B96B78042B06
:1071500003D901236B7000232B71A268183A22F027
:107160000702083AA91C204605F006F90028BFD1FD
:10717000E91C204605F058F9BBE70323CBE700BF25
:10718000A2E200007FB5244D4400694655F8240072
:1071900005F050F990BB013402A955F8240005F020
:1071A00049F9012804BF03238DF808309DF80050E9
:1071B0009DF80860194A08BF8DF80B30002410783C
:1071C000294605F0B8F8F8B15078314605F0B3F823
:1071D000D0B19378042B03D09DF80310994213D1BA
:1071E000D378042B03D09DF80B1099420CD113795E
:1071F000042B05D15079831E022B0BD9FF2009E007
:107200009DF802109942F5D00134032C02F10602D8
:10721000D5D1012004B070BD50E1000045EA000066
:107220004FF08053D3F830210D2A55D14FF08041D3
:107230000022C1F80C21C1F81021C1F83825304ACC
:10724000D3F80404C2F82005D3F80804C2F82405D2
:10725000D3F80C04C2F82805D3F81004C2F82C05A2
:10726000D3F81404C2F83005D3F81804C2F8340572
:10727000D3F81C04C2F84005D3F82004C2F8440532
:10728000D3F82404C2F84805D3F82804C2F84C0502
:10729000D3F82C04C2F85005D3F83004C2F85405D2
:1072A000D3F83404C2F86005D3F83804C2F8640592
:1072B000D3F83C04C2F86805D3F84004C2F86C0562
:1072C000D3F84434C2F87035D1F80034DB0709D55F
:1072D0006FF00103C1F800344FF08053D3F8303120
:1072E0000D2B0CD14FF08053D3F834313BB14FF01C
:1072F0001023D3F808224FF08043C3F85825704775
:1073000000C00040014B00201B6818478820002067
:10731000014B1B68184700BF8820002010B50C4C9B
:10732000237993B9012323710A4B2060002818BFE9
:10733000184600F025F850B923680748002BBDE82F
:10734000104008BF184600F05DB86FF0770010BD20
:1073500088200020057300001173000008B5064B5B
:107360001B682BB10020FDF7DDF808B9FDF7B8F870
:10737000024B01221A7008BD88200020D92B002062
:10738000054B0246187918B91A6001221A71704724
:107390006FF07700704700BF902000204FF08043CF
:1073A0000022C3F80021D3F80021094901221A6004
:1073B000096811B1C3F804237047D3F80021002AEB
:1073C000FBD00022C3F80021D3F80031704700BF82
:1073D000902000204FF08043D3F80423D2070DD52E
:1073E000D3F8002152B10022C3F80021D3F80021C4
:1073F0000122C3F80823024B1B681847704700BFDF
:1074000090200020074A13794BB901215371106075
:1074100011714FF080421846C2F8183570476FF06E
:10742000770070479820002010B54FF080431B4C28
:10743000D3F81814D3F8182411F4803F15D090070E
:1074400001D005F0A1F84FF080430022C3F81825C1
:10745000C3F80421D3F8042101229A60226872B98A
:10746000D3F80421002AFBD011E0D3F81424D1076B
:10747000E9D5D3F81C249207E3D122681AB102227D
:10748000C3F8042310BDD3F80421002AFBD0002246
:10749000C3F80421D3F80431F4E700BF982000209A
:1074A0004FF08043D3F80C14D3F80C24C80322D532
:1074B000D10720D5D3F81824D2031CD5114A51790D
:1074C00001F0FF00D1B9C3F80C01D3F80C11012170
:1074D00051711961126822B10822C3F804230020F7
:1074E0007047D3F80C21002AFBD00022C3F80C21EE
:1074F000D3F80C31F3E76FF0760070476FF00F00B0
:10750000704700BF98200020F8B54FF08043144E1C
:10751000D3F80443012704F01A04002504B9F8BD88
:10752000B4FA84F0C0F11F00830003F580739BB2AE
:1075300003F1804307FA00F2196892B224EA0204C8
:107540000029EBD01D601B684FF08043082AC3F868
:107550000823336808BF7571C0B29847DEE700BFE3
:1075600098200020036803F01F025B09026004D02A
:10757000012B034818BF002070474FF0A040704710
:1075800000030050034A430900F01F00D35C184475
:10759000C0B2704757EA0000024611F0010030B552
:1075A00015D18B07C1F3400022D51249D1F820052F
:1075B00050604FF08052C1F82005D2F830210D2ADA
:1075C00008BFD1F82025003818BF012010E04FF087
:1075D000A0444FF08055D4F820351360C4F820350E
:1075E000D5F830510D2D08BFD4F82045002BD8D048
:1075F00030BD00BF00030050F7B504460846FFF752
:10760000C1FF04EB40060D46B38ADB072AD52046AE
:1076100005F0BDF82946204605F029F850B120466E
:1076200005F03BF8276807EB80000023C0F8103511
:10763000C0F810352946204605F058F80021B182DF
:1076400001A80195FFF78EFF019B00EB8300074B1C
:10765000D0F80027134043F00203C0F80037084673
:1076600003B0F0BD6FF01500FAE700BFF0F8FCFFC3
:10767000014804F035BF00BFD801002010B5044810
:107680000C4604F00FFF0028A4BF2070002010BD9E
:10769000D80100202DE9F04F074689B057F8049B28
:1076A000D9F80413C9B28346082241F00041484684
:1076B00005F045F8051E2FDA0023032106A8CDE9C1
:1076C0000633FFF769FF634B01930DF118084FF084
:1076D000000A019A604912F8013B0192DA0803F0AE
:1076E00007038A5C22FA03F3DB071CD40AF10103C7
:1076F000022B08F104084FF0010AEAD14FF00041D3
:107700000022484605F01BF8032106A8FFF744FFB6
:107710000028D8D125F000450124002D40F08480B8
:1077200009B0BDE8F08F4D4B53440293D8F8006088
:10773000002EDBD0029B96FAA6F61C78B6FA86F6E7
:1077400046EA44142046FFF71DFF0BEB4000F20809
:10775000818A18F802000594C1F382030393009311
:1077600006F00706012303FA06F620EA060008F8E9
:10777000020005A8FFF7F6FE059A039B02F5E072EA
:1077800011F0100F50F82260C6F3014633D0009A72
:107790003846214604F08BFF05A80594FFF7E2FE6A
:1077A000059B03F5E073F6B250F82330C3F30143B1
:1077B0009E4207D10021204604F04AFF3146204670
:1077C00004F046FF05A80594FFF7CCFE059B0122B7
:1077D00002FA03F3C0F820354FF08053D3F830316C
:1077E0000D2B01BFD0F82035D0F82035D0F820354A
:1077F000D0F820359AE7022E14BF0221032120463B
:10780000039304F025FF039B032B03D0022E07D123
:10781000012BD7D1009A2146384604F048FFD1E722
:10782000032ECFD1022BF4E795FAA5F3B3FA83F335
:1078300004FA03F225EA020503F5A2720BEB4303F7
:1078400059F82220B3F87010C2F30142384604F010
:107850002EFF62E767EA00005CE1000067EA0000D3
:10786000044AD2F80034DB07FBD50160BFF35F8F19
:10787000704700BF00E001404FF080531A69B0FB31
:10788000F2F302FB13036BB9084B0222C3F8042581
:10789000C3F80805D3F80024D207FBD50020C3F8AD
:1078A000040570476FF00C00704700BF00E0014016
:1078B00010B5054C0123C4F80435FFF7D1FF0023B0
:1078C000C4F8043510BD00BF00E0014010B50B4CFA
:1078D0000346207878B91B784FF0804203F001030B
:1078E000C2F87835FCF71EFE08B9FCF7F9FD012354
:1078F0002370002010BD6FF07700FBE7DA2B00202B
:107900004FF080434FF46072C3F80823014B00220C
:107910001A607047A020002008B5FFF7F1FF036848
:107920000BB1014A136008BDA020002010B54FF034
:107930008043D3F80443620707D54FF4847005F001
:107940000BF910B11E4B1B689847A30608D54FF4DE
:107950008A7005F001F918B11A4B00201B6898478E
:10796000600608D54FF48C7005F0F6F818B1154B89
:1079700001201B689847210608D54FF48E7005F04A
:10798000EBF818B1104B00201B689847E20508D5AA
:107990004FF4907005F0E0F818B10B4B01201B6814
:1079A0009847A3050AD54FF4927005F0D5F828B191
:1079B000054BBDE810401B680220184710BD00BFF2
:1079C000A8200020A4200020A020002070B516468A
:1079D0001D465A1C03681344C2689A42044605D2E5
:1079E000006A082105F09DFB002070BD65B9327862
:1079F000204605F099FB0028F6D03544B5420CD15D
:107A0000A3680133A360F0E7AB1E062B9ABF064ABA
:107A1000D35C00231833DAB2EAE723685A1C2260E9
:107A200015F8012D1A70E9E769EA000038B5EFF39F
:107A30001185202383F31288BFF36F8F064B9C6858
:107A400005F069FC85F31188BFF36F8F2046BDE810
:107A50003840FCF715BE00BFAC20002038B50A4BFB
:107A600053F82040013053F82050A54200D838BDCB
:107A7000606830B1037EDB0701D405F021FC0834D7
:107A8000F3E723689847FAE760E1000070B52A4BF6
:107A90002A4C2B4D86B0012203201A70FFF7DEFF1F
:107AA00005F030FF0420FFF7D9FF2646AE4204F16F
:107AB00030040FD300F0EAFD204CAC4226D300F096
:107AC000F9FDF9F7C3F91F4A938923F00103938164
:107AD00006B070BD54F80C3C059354F8103C049368
:107AE00054F8143C039354F8183C029354F81C3C8B
:107AF000019354F8203C009354E90A2354E90C0103
:107B000000F0C4FB54F8303C5E65CEE7D4E90A23AC
:107B1000B3F1FF3F08BFB2F1FF3F05D052EA0301C6
:107B2000206803D105F053FE3034C6E7064918300B
:107B300000F0F2FFF8E700BFDB2B00207CDF000045
:107B40007CDF000050050020FDD6000070B500234A
:107B500086B00122CDE90423134E144D01930F2268
:107B6000CDE902321249142303FB005506EBC0167F
:107B700004464FF4C07000FB04110E4B00954FF407
:107B8000A072304600F082FB337C0B4AEE6023F09B
:107B9000040333744FF4046304FB033313442C7461
:107BA0006B6006B070BD00BFD0040020AC20002088
:107BB000C03C0020CFD30000803400207FB50020DF
:107BC000FFF74CFF284B83F30888284C636943F484
:107BD000007363610025E02384F82230E577257681
:107BE0006576A57684F82050636A43F4E0236362E7
:107BF00084F82350FCF7DEFBFCF72CFD4FF0FF333D
:107C0000A362E362FCF748FEFCF7A4FD1848194C98
:107C100000F0B4FB0120FFF721FF0220FFF71EFF59
:107C200000F072FD144B15495C61154B059301235F
:107C30004FF42052CDE90353CDE90155114B009586
:107C4000204600F023FB237C064623F00403204655
:107C5000237405F01FFD2846FFF778FF094A3146D7
:107C60002046FCF7D9FC00BFC03C002000ED00E03E
:107C7000D005002050050020AC200020403E002010
:107C80006CE900008D7A000038B5074C074DAC4216
:107C900001D3002038BD204605F040FB08B91C3454
:107CA000F5E76FF01500F5E7300200204C020020E8
:107CB00073B50C46EFF31181202585F31288BFF3CD
:107CC0006F8FC5685DB125602B68C3608369013320
:107CD0008361002081F31188BFF36F8F11E052EAB6
:107CE000030603D125606FF00B00F3E7CDE9002315
:107CF0000246083000F028FC18B9034B9B685B690A
:107D0000236002B070BD00BFAC2000202DE9F3411C
:107D1000044617461E46EFF31188202383F312888A
:107D2000BFF36F8F304BC2689B6872B18068984216
:107D300017D057EA060216D188F31188BFF36F8F68
:107D40006FF00F0002B0BDE8F08193F90E102161D1
:107D50000132C4E9023288F31188BFF36F8F00202B
:107D6000F0E72169F3E793F90E1090F90E3099428C
:107D700030DA9942A8BF194605F034FB0546CDE933
:107D800000761A482246414600F0DEFB0028E6D085
:107D9000EFF31186202383F31288BFF36F8FA0685F
:107DA000D0B1236821699C420AD04BB193F90E30BF
:107DB0009942A8BF19466FF07F039942B8BF194690
:107DC00005F010FB40B10948314605F0BDFC6FF0ED
:107DD0000A00B7E70025D2E7002DF4D186F3118819
:107DE000BFF36F8FF3E700BFAC200020DC2B002037
:107DF000F8B583680546002B3FD0234A926893422A
:107E00003ED1C368012B03D9013BC3600020F8BDFC
:107E1000EFF31187202383F31288BFF36F8F01697B
:107E2000806805F0DFFA2C68A54207D10023C5E978
:107E3000023387F31188BFF36F8FE7E7002CF5D08B
:107E4000D4E9003213605A60237C002623F0020339
:107E50002374C4E90066A66004F1180005F010FD63
:107E6000AC6094F90E302B612046A66705F012FC39
:107E70000648394605F068FCC8E76FF01500C6E70C
:107E80004FF0FF30C3E700BFAC200020DC2B002008
:107E900037B51146EFF31185202282F31288BFF324
:107EA0006F8F04689CB12368426823F003039442F7
:107EB000036008BF43600121204605F016FB04461D
:107EC00085F31188BFF36F8F204603B030BD51EAB0
:107ED0000302F5D000F10802CDE90013104629464F
:107EE00000F032FB0028EFD1014B9B685C69EBE7A7
:107EF000AC20002070B5EFF31186202383F31288A5
:107F0000BFF36F8F0468A0421AD0CCB1D4E900321D
:107F100013605A60237C002523F002032374C4E914
:107F20000055A56004F1180005F0AAFC2046A567DD
:107F300005F0B0FB31460848BDE8704005F004BCD0
:107F4000D0E902329A4218BF0133836086F3118868
:107F5000BFF36F8F70BD00BFDC2B002013B5EFF3B4
:107F60001181202484F31288BFF36F8F846844B199
:107F7000013C846081F31188BFF36F8F002002B051
:107F800010BD52EA030406D181F31188BFF36F8F4D
:107F90006FF00F00F3E7CDE900230246014800F03F
:107FA000D3FAECE7DC2B00202DE9FF41544E0446C8
:107FB0002027EFF3118887F31288BFF36F8FD4F86F
:107FC0008450F5B9022104F19C0005F0B1FA0028B3
:107FD00070D004F1940500220121284605F017FC19
:107FE0000028F8D1002302934FF0FF324FF0FF3307
:107FF000CDE90023414604F18C02424800F0CCFC5C
:10800000D7E7D4F888202B68C4F88430954208BF9D
:10801000C4F88830D4F89C3043F00203C4F89C3094
:10802000EB6823F0040343F00103EB606B6888F313
:108030001188BFF36F8F28469847EFF3118887F3B5
:108040001288BFF36F8FEB68D80623F001023ED48D
:10805000EA60EB689A0717D5306823F00203EB60FB
:1080600090B10368002178B1426895423DD1036820
:10807000002934D172683360904200D173600023CC
:1080800040F8083BFFF736FFD4F89C3023F002039A
:10809000C4F89C30DB0530D4D4F88430003B18BFE2
:1080A000012388F31188BFF36F8F002B81D000F07C
:1080B00033FB7EE7D4F89C30D90693D5C4F89C00F6
:1080C00088F31188BFF36F8F04B0BDE8F08123F00F
:1080D0001103EB6005F11000FFF70CFFB9E70B602F
:1080E0007368984208BF7160C9E701461BB11A68FE
:1080F00018461346B7E71A46FAE70023D1E700BF50
:10810000CC200020DC2B0020F8B5C3689A07044679
:108110000E46C3F3400542D45F0742D40B680BB947
:1081200083680B60E368D80744BFA368336037688F
:108130004CBF0225012557B31B4B9A68D7F88030F6
:108140009A421ED105F065FA80F00100C0B2D7F85E
:108150009C30D907C3F380021CD5F2B1F8B10023DB
:108160002360D7F8883073B9C7E92144384605F051
:10817000EAF9E36843F00403E3603368A360284648
:10818000F8BD0020E3E71C60C7F88840EEE76FF019
:10819000150506E06FF0120503E01B07DFD56FF051
:1081A0000F0500233360EAE7AC20002001460148B8
:1081B00005F013BA70060020F0B589B0044600201F
:1081C000C4E921000E9D04F18C00C4E9230004F1F0
:1081D0009400C4E9250055B32879002840F2011025
:1081E00008BF0120C4F89C0000204FF0FF364FF07C
:1081F000FF37CDE90330CDE90100CDE906670D4B2E
:108200000094204600F08EF855B1296811B120463F
:1082100005F005FA6B791BB1A38943F00103A38133
:10822000204605F0D4FAC4F8804009B0F0BD012022
:10823000D8E700BFA97F000037B501900846EFF3EB
:108240001184202181F31288BFF36F8FC16811F070
:108250001E0F16D153EA020508D101A9FFF754FFFA
:1082600084F31188BFF36F8F03B030BD41F0080174
:10827000C160019981620449103000F04DFC012079
:10828000EEE70020ECE700BF55D500002DE9F043F4
:10829000073285B022F007020E461F4610998181F1
:1082A00000F158037F32C0E916330446002322F060
:1082B0003F020421836001743F2A0F98A073C4E930
:1082C0000633E37306F14009A2F1400805D883F3B1
:1082D0001188BFF36F8F084602DFB5182946204684
:1082E000FBF754FE07300E9B20F00700A066C4E9A0
:1082F000189802930D9B01932D1A0C9B00932A460C
:108300003B4631462046FCF755F900236365044B94
:108310009B6803B1DB6EE366284605B0BDE8F083D9
:10832000AC200020F0B587B000250595109D049580
:108330000F9D03950E9D0295DDE912760D9D019529
:108340000C9D00950446FFF7A1FFB6F1FF3F08BF63
:10835000B7F1FF3F05D056EA070305D1204605F0E7
:1083600036FA204607B0F0BD3A46334604F118000D
:10837000014900F0D1FBF4E7FDD6000001230374AE
:1083800083810023C0E91833C366014B98607047AE
:10839000AC200020094A93686FF00A0199670849E8
:1083A00058674B6843F080534B60002383F3118878
:1083B000BFF36F8F9368986F704700BFAC200020A9
:1083C00000ED00E070B590F91020037C002A2FDB4F
:1083D000D9062DD11A4C63F07F032246037452F85C
:1083E000183FE169934207D1C0E900210860E061CC
:1083F0000FE09942F8D01B68002BF5D093F90E607E
:1084000090F90E50AE42F4DD5968C0E900310860C1
:108410005860A569954200D005B9E568A3681A7C43
:10842000D20606D1DA897F2A03D9AA690AB963611B
:1084300070BDAB4202D0284600F0F0FA6561F7E764
:10844000AC20002038B590F91020037C002A0146AA
:1084500004DA03F07F03037405F0E4F80D4D2A46B7
:10846000AB6852F8184F944200D004B9EC688B42C4
:1084700007D01A7CD20604D1DA897F2A01D9A269F1
:108480002AB1A34202D0204600F0C8FA23466B610D
:1084900038BD00BFAC200020B3F1FF3F08BFB2F1F0
:1084A000FF3F03D00249183000F036BB704700BFD1
:1084B000FDD60000034648B9EFF3058232B9064AFB
:1084C00051699268914201D0FFF764BF83F311882C
:1084D000BFF36F8F704700BFAC20002038B5184C39
:1084E000A168E0690B68814214BF1A4600224968FE
:1084F0000B605960A368E1692AB9124AC3E90021F7
:108500000B60E3610AE092F90E5093F90E00854288
:1085100012DD5168C3E900210B605360A569094B66
:108520009D4200D005B9E568A3689D4202D0284667
:1085300000F074FA656138BD8A42DED01268DBE76C
:10854000AC200020C4200020F8B50E4B0C4611468C
:108550000D4A98681060DDE90667EFF3118220226A
:1085600082F31288BFF36F8F9D68284605F06CF880
:10857000284632463B46FFF78FFF2046BDE8F840CD
:10858000FFF708BFAC200020D4200020F8B5044637
:10859000EFF31187202383F31288BFF36F8F037CDF
:1085A00003F01F02002A0CBF0126002649B235D174
:1085B00003F07F03037405F035F8294D037C8173C4
:1085C00063F07F032A46037452F8183FE869934228
:1085D00007D1C4E900200460EC610DE09842F8D0B6
:1085E0001B68002BF5D093F90EC08C45F6DD596859
:1085F000C4E900310C605C60AC69944200D004B9FD
:10860000EC68AB689C4202D0204600F007FA6C612F
:1086100087F31188BFF36F8F3046F8BD9B071CD5D9
:10862000856804F0FFFF81732B689D4209D16B6858
:10863000C4E900531C606C60EAE76A689A42F6D0AD
:108640001B68002BF3D093F90E208A42F5DD5A689F
:10865000C4E9003214605C60DAE78173D8E700BFD8
:10866000AC200020034648B9EFF3058232B9064A30
:1086700051699268914201D0FFF78CBE83F3118853
:10868000BFF36F8F704700BFAC200020EFF3118164
:10869000202383F31288BFF36F8F054B9A68D37B37
:1086A000013BD37381F31188BFF36F8F704700BF15
:1086B000AC20002070B5EFF31186202383F31288DD
:1086C000BFF36F8F0F4DAB68DA7B0132DA732A4646
:1086D00052F8184F944200D004B9EC681A7CD206C4
:1086E00004D1DA897F2A01D9A2692AB19C4202D039
:1086F000204600F093F923466B613046BDE8704098
:10870000FFF7D8BEAC200020024B03F11802C3E9EA
:1087100006227047AC20002070B5EFF311862023AD
:1087200083F31288BFF36F8F1A4CA168E0690B685E
:10873000814214BF1A46002249680B605960A36841
:10874000E1692AB9144AC3E900210B60E3610AE038
:1087500092F90E5093F90E00854216DD5168C3E977
:1087600000210B605360A5690B4B9D4200D005B9F9
:10877000E568A3689D4202D0284600F04FF9656184
:108780003046BDE87040FFF705BE8A42DAD0126875
:10879000D7E700BFAC200020C4200020F8B550EA85
:1087A000010306460C4603D1FFF7B6FF0020F8BDD3
:1087B000EFF31187202383F31288BFF36F8F124DDD
:1087C000124BA8681860FFF73DFEA86810492346C1
:1087D0003246183000F0A0F9AA68137C43F0040375
:1087E000137404463846FFF7D5FDAB68D3E90A2376
:1087F000B3F1004F08BF002AD8D105F076F8201A4F
:1088000020EAE070D3E700BFAC200020D420002095
:10881000FDD600000C490D4A08B58C464FF4004EB9
:108820000021C0FB0EC100236046F8F78FF9C11785
:10883000FFF7B4FF054947F6FF730022E0FB013262
:10884000DB0B43EA424008BD3F420F0040420F00AD
:10885000014B9868704700BFAC2000202DE9F84319
:1088600004468789EFF31186202383F31288BFF330
:108870006F8F037C190705D586F31188BFF36F8FBF
:10888000BDE8F883D90943F008026FD10274A368E8
:1088900013B1204604F0CEFE04F1180004F0F0FFFE
:1088A000A56D04F15808A84511D04FF0000975B125
:1088B000284604F0BFFE05F1180004F0E1FFC5F8FA
:1088C00078902846FFF77EFDA56DA845EFD1DFF82B
:1088D000BC80D8F808309C4250D1EFF30589B9F13B
:1088E000000918BF4FF00109D8F81850284A9542DE
:1088F00000D00DB9D8F80C50AB4202D0284600F099
:108900008DF82046C8F8145003F0B1FAB9F1000F01
:1089100002D02048FFF732FDD8F808309C4230D111
:10892000EFF305836BBBA289D20711D586F31188BB
:10893000BFF36F8F83F31188BFF36F8F0423184643
:1089400002DFEFF31186202383F31288BFF36F8FCA
:108950003046FFF71FFDFB0792D5002383F31188F4
:10896000BFF36F8F0423184602DF89E703F07F030C
:1089700043F00803037404F055FE88E74FF0000944
:10898000B2E786F31188BFF36F8FE4E7AC200020D5
:10899000C4200020D0050020D3B5DDE90667089C7F
:1089A000CDE90067FFF7D0FD1CB1034B9B685B6905
:1089B000236002B0D0BD00BFAC200020027C12F0CA
:1089C0001F02034610D10A4988420DD009490868A0
:1089D00068B1D9897F2909D893F90E20064B1B6805
:1089E0009A42B8BF00207047002070471046704779
:1089F000D0040020DC010020D8200020044BC01A45
:108A0000044BC0105843044B01221A54704700BF56
:108A100050060020ABAAAAAADC2B002070B50C4B94
:108A20000C4D1E7CFFF7CAFF182303FB06550446B6
:108A3000284604F025FF084B00229A553CB1621EDF
:108A400028460649BDE87040D31700F065B870BDF0
:108A5000AC20002050060020DC2B0020FD89000007
:108A600038B5EFF31185202383F31288BFF36F8F9E
:108A70000F4B104A9C681068A04206D1FFF7CEFF4A
:108A800085F31188BFF36F8F38BD00211B7C116007
:108A9000094AD35C002BF3D02046FFF78FFF002854
:108AA000EED0237CDB0601D1FFF718FD2046E5E779
:108AB000AC200020D4200020DC2B0020024B1868C2
:108AC000984208BF00207047E0010020034B1B685C
:108AD0000BB9FEF76BBA0020704700BFDC20002006
:108AE00030B570B10B4B5B6898420AD0036843B154
:108AF000D3E90421D0E90445121941EB0501C3E98A
:108B00000421D0E9003213605A600023C0E9003329
:108B100030BD00BFE0010020B3F1FF3F08BFB2F15C
:108B2000FF3F2DE9F84F0446994615461F467AD077
:108B30008160EFF31188202383F31288BFF36F8FD6
:108B4000B9F1000FDFF8E4A020DBFFF7BFFFDAE99F
:108B50000027013549F100092D1849EBE073C4E9FC
:108B60000453AD18064643EB07074FF00109FFF722
:108B7000A5FFDFF8BCE0DEF804A00346EBB9C4E9CA
:108B800000EACAF80040CEF8044028E0DAE9001212
:108B90006FF001035B1A4FF0FF3161EB02025B1BC8
:108BA00062EB0902012B72F10001BCBF012300221C
:108BB000C0E904324FF00009D9E7D3E9041CD4E935
:108BC00004208A4270EB0C0B24DA891A5A686CEB89
:108BD0000000C3E90410C4E9003214605C60FFF7D0
:108BE0006DFF84420ED1134B1B685BB9B9F1000FC6
:108BF00002D1FFF76BFF0646304604F02AFE002143
:108C0000FEF7A6F988F31188BFF36F8F284639461F
:108C1000BDE8F88F521A60EB0C005345C4E90420FC
:108C2000ADD01B68AAE700252F46EFE768060020B5
:108C3000E0010020DC2000202DE9F047DFF8A890BB
:108C4000DFF8A880C9F800000246FFF737FF0D469D
:108C500000260027D8E900134FEAE27E50B1D0E9A0
:108C6000044CA2427EEB0C0A1BDAA41A6CEB0E0633
:108C7000C0E9044652184FF0000443EB0E032046AF
:108C8000C8E90023C9F8004004F0E3FD2146FEF7DF
:108C90005FF985F31188BFF36F8FBDE8F047FFF7E9
:108CA000DFBE611843EBE473C0E90467C8E9001351
:108CB000FFF716FF01224FF00043C0E9042385F3BC
:108CC0001188BFF36F8F83689847EFF311852023D6
:108CD00083F31288BFF36F8FD9F80020121BC9F8F5
:108CE0000020FFF7EBFEB5E7DC200020680600203F
:108CF00010B5EFF31184202383F31288BFF36F8F35
:108D0000FFF7E4FE054A0346D2E90001181841EBDB
:108D1000E37184F31188BFF36F8F10BD68060020E4
:108D2000F8B50446EFF31187202383F31288BFF3CD
:108D30006F8FD0E90423B3F1004F08BF012A04D09C
:108D400087F31188BFF36F8FF8BDD0E90A566A1C0C
:108D500046F10003022A73F1000334D3013D46F1CA
:108D6000FF36002EBCBF00252E4604F0C2FD0130A8
:108D700041F10001401946EB0101012871F10001A8
:108D800047DB04F0B6FD013041F100016FF0020352
:108D9000401946EB010183426FF000438B413DDBFC
:108DA00004F0A7FD013041F100016FF0010240190C
:108DB00046EB0103121A4FF0FF3161EB030319492F
:108DC0002046FFF7A9FE236B01332363236A63B1B7
:108DD00087F31188BFF36F8F20469847EFF3118711
:108DE000202383F31288BFF36F8F54F8185FA542D6
:108DF000A6D0002DA4D0284604F05BFC0023AB676E
:108E000087F31188BFF36F8F2846BDE8F84004F060
:108E100041BC6FF001024FF0FF33D0E700224FF06A
:108E20000043CCE7218D00002DE9F04105461C46AA
:108E300090461F46EFF31186202383F31288BFF379
:108E40006F8FB4F1FF3F08BFB2F1FF3F05D186F34A
:108E50001188BFF36F8FBDE8F081002C09DB012A78
:108E600074F10003BCBF0122002412F1FF3844F169
:108E7000FF37284604F004FDDDE906010023C5E9BB
:108E80000A012B6342463B4628460249FFF744FE4F
:108E9000DDE700BF218D000070B50546EFF31184BA
:108EA000202686F31288BFF36F8F04F0E9FC20B10F
:108EB00084F31188BFF36F8F70BD6B6A63B184F365
:108EC0001188BFF36F8F6B6A28469847EFF31184C0
:108ED00086F31288BFF36F8F05F1180004F01EFCB3
:108EE0000028E5D004F0D6FB21460248BDE87040DA
:108EF00004F02ABCDD2B0020F8B507460C461646C8
:108F000004F087FB08B10020F8BD0D4B9B68DD6EB7
:108F1000002DF8D0221DF6D2EFF31184202383F325
:108F20001288BFF36F8F47F004012846B04784F3DF
:108F30001188BFF36F8F0028E5D040F8045BE3E7AA
:108F4000AC2000200146024A0020FFF7D5BF00BF39
:108F500043B5000038B5064C064DAC4201D30020A5
:108F600038BDD4E90112204604F0CDFC1434F4E7F6
:108F70004C0200204C02002007B5074B0093074924
:108F800007484FF0FF334FF48062FFF715F90020D8
:108F900003B05DF804FB00BF78E1000080660020AC
:108FA000700600202DE9F047D4B008AD17460446FE
:108FB0000E464FF4987200212846DDF870919846CD
:108FC00004F04DFE97B3B9F1000F2FD01A4A26F4E2
:108FD000875323F01F0393422BD1B4F1804F06A88F
:108FE000046005D06FF08B04204654B0BDE8F087D4
:108FF0000DF11C0A514600F083F804460028F3D115
:1090000007994FF49872284604F002FE5D9BCDE963
:109010000244CDE90493CDE900783346D5F82C21FC
:109020000FA9284604F0BAFC0446DDE76FF0860479
:10903000DAE76FF08504D7E70003000620B1054AA0
:10904000914204D100F03AB86FF0860070476FF09B
:109050008500704709000002F7B504461846E56828
:109060000023036025F48755134B25F01F059D420F
:109070000F4616461DD101A900F042F8054620B161
:1090800000F066F8284603B0F0BD019A234604F1CB
:109090001C0153F8040B42F8040B8B42F9D1019CDC
:1090A0003246394604F11C0004F0B2FDC4F82C61CC
:1090B000E8E76FF08505E5E700030006074B9942F6
:1090C00010B5044606D0083000F04AF808B91C2351
:1090D000236010BD6FF08500FBE700BF05000002B4
:1090E000B0F1804F08B508D104484FF4987104F0EE
:1090F0007DFC024A0023C2F8303108BDE020002088
:10910000F0B1E9B10268114B9AB102F140424FF45B
:109110009A7000FB0233D3F83021A2B10B6000201B
:1091200070476FF05A22C3F830214FF0804202603E
:10913000F4E7D3F83021002AF3D06FF08C007047A9
:109140006FF0860070476FF08B007047E0200020C2
:1091500002484FF49A7104F049BC00BFE02000209F
:1091600038B5074B994205460C4605D100F0B6FBD1
:10917000C5F8D840002038BD6FF08500FBE700BF80
:109180000900000210B5064BD0F8D8409C4203D12C
:1091900000F0CCFB002010BD6FF08500FBE700BFA6
:1091A0000900000270B51D46D0F8D8600B4B9E42F6
:1091B00004460CD11F2A0DD900F090FC20232B600F
:1091C000E0220021204604F04AFD002070BD6FF02F
:1091D0008500FBE76FF08900F8E700BF0900000297
:1091E0002DE9F047132A86B004460D4616465DD990
:1091F000012303930B78302B58D104AB03AA3146DB
:10920000284604F019FC002850D1DDE90307B4F822
:10921000289000EB070847F20107B9452CD105ABB0
:10922000009329461346201D324604F02AFC059B74
:1092300018433BD1039BE36200230093324603AB08
:109240002946201D04F01DFC80BB04F10A0A00948D
:1092500003AB32462946504604F013FC074628BBB0
:1092600047F20103994551D0039B43451ED1B045B8
:10927000C4F834801CD019E02F5C302FDCD10130D1
:109280000390284604F0D8FB80B9049B0D2B0DD128
:10929000039B4C48E91803F10D0711F801EB10F896
:1092A00001CBE6451A4603F1010305D06FF08607AE
:1092B000384606B0BDE8F087BB42EED1EB5C023227
:1092C000032B0392F2D104AB03AA3146284604F0E3
:1092D000B3FB0028EAD1DDE9037038444045E5D10D
:1092E00015F807C0781CBCF1000FDFD1285C0237ED
:1092F00030280397DAD1284604F09EFB0028D5D108
:10930000DDE903321344434596D0CFE7E26A039B7D
:109310009B1A23633246009003AB2946504604F063
:10932000B0FB0028C2D1B4F80890E3894B45BDD802
:10933000009703AB32462946504604F0A2FB0028B2
:10934000B4D1E389B9EB430FB0D1009703AB3246F8
:10935000294604F1100004F094FB0028A6D1A38A4A
:10936000B9EB430FA2D1009703AB3246294604F173
:10937000160004F086FB002898D1638BB9EB430FED
:1093800094DB00230093324603AB294604F11C0012
:1093900004F077FB002889D1238CB9EB430F85DBE0
:1093A000009003AB3246294604F1220004F069FB29
:1093B00000287FF47BAFE38CB9EB430FBFF654AFCB
:1093C00074E700BF8BEA00002DE9F04F9A46CBB25C
:1093D00043F0007303F17E438BB0033B0025122B57
:1093E000DDE9148604460F469146009501D81D4AD2
:1093F000D55C1EB930460BB0BDE8F08F0021E822E5
:10940000204604F02CFC39462046FFF757FE002882
:10941000F1D152464946204604F0CBFA0028EAD161
:1094200004226946204604F0C4FA0028E3D101ABC7
:109430002A4602A9204604F0C5FA0028DBD1AE4234
:10944000B34628BFAB465B464146404602AA04F0FD
:10945000D2FB9DF803300133D844A6EB0B068DF800
:109460000330C6E770EA00002DE9F04FC9B01C4692
:10947000DDE952539E1A2B4406F1FF3913F8018C93
:109480002B78039105EB090BCDE9019301461346B7
:109490008246174600955A460EA8FFF795FF0346E9
:1094A00000285DD12B7803F07F032B70023E2CB196
:1094B000A14598BF3446311B07E00134B44202D2C3
:1094C0002B5D002BF9D02146341B029B88F0BC0693
:1094D00023F07F031E4329B12846029104F081FB4B
:1094E0000299064315F80180E82200210EA804F035
:1094F000B6FB51460EA8FFF7E1FD034680BB1B49B2
:1095000008220EA804F055FA034648BB03993A46D0
:109510000EA804F04EFA034610BBA9EB0401224644
:1095200029440EA804F045FA0346C8B905AB3A46EB
:1095300006A90EA804F046FA034688B93A465946E9
:1095400006A804F03FFB88F0010848EA060858EA3C
:10955000000318BF6FF09403184649B0BDE8F08FC0
:109560000EA8029304F03AFA029BF5E783EA0000A2
:109570002DE9F04F8C4641880088ADF6244D20F44B
:10958000405544F20104CE1DA542DDF8489CDDF8AB
:109590004C8C4FEAD6066CD1374D23F4FF7424F07F
:1095A0000104AC4223F0FF0713D005F58855AF4204
:1095B0000FD023F47F7E2EF0030EA5F57065AE4527
:1095C00007D005F5A065AF4203D005F57455AC4250
:1095D00015D113F0FF0513D045F0007505F17E4459
:1095E000033C122C9ABF254B1B5D0023434507D03B
:1095F0006FF0860420460DF6244DBDE8F08F00255F
:10960000DDF8543C9E4202D06FF09404F2E708ABC0
:1096100002930DF1140A00230093CDF804A0134621
:10962000624604F07BFA04460028E3D10DF5907BF6
:10963000CDE900ABDDF8502C33463146584600F0FA
:1096400079F80028E0D10E4B9F420DD003F58053EE
:109650009F42CDD1CDE900B6234642464946284631
:10966000FFF702FF0446C5E7CDE900B64346424690
:10967000F4E76FF08504BDE70002000670EA000021
:109680000003000638B504460D4659098160049868
:109690006060C900284601F0A7F8256038BD00BF0A
:1096A0002DE9F04F5E094FEAC60801EB46190D4659
:1096B000710083B0044681614146284601F094F868
:1096C0007701DDE90C23656041460546484601F017
:1096D0008BF809EB070A0AEB861BC4F80890CDF853
:1096E00000B0616833464A460543504600F07CFFAF
:1096F000DDE90E234146C4F800A0584601F09CF86D
:109700000BEB0706DDE910234146C4F80CB0054316
:10971000304601F091F837440543139B129A2661B5
:109720004146384601F088F82843676103B0BDE838
:10973000F08F00BF2DE9F04F89B01446129FDDF87D
:109740004C808B462146BC6804EBC40508EB4515EC
:1097500005EB44141A468246284601F02DF8BB68F2
:109760003A6829462046F7F7EFF8BE68396803964D
:109770008146434608EB0620324604910190CDF81D
:10978000188000F055FB01987A68059000EB4616AA
:10979000294603AB2046079600F0B8FF5046224604
:1097A000594601F015F809F1FF3009B0BDE8F08F16
:1097B0003F2A2DE9F041904650D9A2F1400626F00B
:1097C0003F064036274F05460C460E4423681BBA19
:1097D0002B6463681BBA6B64A36840341BBAAB6428
:1097E00054F8343C1BBAEB6454F8303C1BBA2B657C
:1097F00054F82C3C1BBA6B6554F8283C1BBAAB657B
:1098000054F8243C1BBAEB6554F8203C1BBA2B6679
:1098100054F81C3C1BBA6B6654F8183C1BBAAB6678
:1098200054F8143C1BBAEB6654F8103C1BBA2B6777
:1098300054F80C3C1BBA6B6754F8083C1BBAAB6776
:1098400054F8043C1BBA39462846EB67F6F7BEFECF
:10985000B442BBD108F03F00BDE8F0811046BDE83E
:10986000F08100BF84E1000010B50A46096809BA1A
:1098700001645468184924BA4464946824BA84641E
:10988000D46824BAC464146924BA0465546924BA37
:109890004465946924BA8465D46924BAC465146A99
:1098A00024BA0466546A24BA4466946A24BA846664
:1098B000D46A24BAC466146B24BA0467546B24BAFD
:1098C0004467946B24BA8467D26B12BAC267F6F706
:1098D0007DFE002010BD00BF84E1000010B40B4AE3
:1098E0000B4C0C49C0E900420B4A0C4CC0E9021277
:1098F0000B4A0C49C0E904420B4A10BC0023C0E9E2
:109900000612C0F8C030C0F8C430704785AE67BBDF
:1099100067E6096A72F36E3C3AF54FA57F520E5125
:109920008C68059BABD9831F19CDE05B2DE9F04115
:10993000D0F8C430D0F8C0501344074614460E4641
:10994000C0F8C430E5B13F2D00F2C280CAB105F1C4
:109950007F01C5F140080144B044334600E0ACB398
:1099600001339A1B13F8010C01F8010F434504F170
:10997000FF342A44F3D1402A00F098801546464629
:109980001CB9C7F8C050BDE8F081224631463846C0
:10999000FFF70EFF221A0546B3180028F1D0411E2A
:1099A000052906D90132324407F180018A1A022AB8
:1099B00013D8264407F17F0213F8011B02F8011F98
:1099C0009E42F9D1C7F8C050BDE8F081402A78D056
:1099D0001546C7F8C050BDE8F08182081968C7F87D
:1099E0008010012A77D05968C7F88410022A43D022
:1099F0009968C7F88810032A3ED0D968C7F88C1038
:109A0000042A39D01969C7F89010052A34D0596949
:109A1000C7F89410062A2FD09969C7F89810072A1A
:109A20002AD0D969C7F89C10082A25D0196AC7F826
:109A3000A010092A20D0596AC7F8A4100A2A1BD0FE
:109A4000996AC7F8A8100B2A16D0D96AC7F8AC10C3
:109A50000C2A11D0196BC7F8B0100D2A0CD0596B15
:109A6000C7F8B4100E2A07D0996BC7F8B8100F2AA0
:109A700002D0DA6BC7F8BC20AA0782D025F0030217
:109A80001344B918187881F88000511C8D427FF674
:109A900078AF39440232587881F8800095427FF6D9
:109AA00070AF3A449B7882F880306AE707F1800112
:109AB0003846FFF7D9FE46460546002C3FF461AF15
:109AC00063E707F180013846FFF7CEFE054658E709
:109AD0002A4688464FE704330422D2E770B5D0F80F
:109AE000C0300446E218802082F88000581C3828D4
:109AF0000D4604F1800632D93F282AD8204400229E
:109B00003E2B80F8802003F1020122D021443D2B1E
:109B100081F8802003F103011BD021443C2B81F804
:109B2000802003F1040114D021443B2B81F88020D4
:109B300003F105010DD021443A2B81F8802003F177
:109B4000060106D02144382B81F8802001D184F809
:109B5000BF2031462046FFF787FE3A285BD8431CDA
:109B60003B2BC0F13A01C0F13B0288BF0122022920
:109B700041D900F1800391084FF0000C012944F80D
:109B800003C0234431D00229C3F804C02DD00329D7
:109B9000C3F808C029D00429C3F80CC025D0052972
:109BA000C3F810C021D00629C3F814C01DD007295E
:109BB000C3F818C019D00829C3F81CC015D009294A
:109BC000C3F820C011D00A29C3F824C00DD00B2936
:109BD000C3F828C009D00C29C3F82CC005D00E2921
:109BE000C3F830C008BFC3F834C022F003031844E0
:109BF000930710D0431C221800213B2B82F88010C1
:109C000009D02344392883F8801000F1020302D0E0
:109C1000234483F88010D4F8C4300022590F61F334
:109C20000702590D61F30F22590B61F317425909CD
:109C300061F31F62DB0084F8BF30C4F8BB203146FB
:109C40002046FFF711FE23681BBA2B6063681BBA1E
:109C50006B60A3681BBAAB60E3681BBAEB60236957
:109C60001BBA2B6163691BBA6B61A3691BBAAB6139
:109C7000E3691BBAEB6170BD10B44C68E30B03FBE6
:109C800003F3220C1B0C02FB03F303EB040C4FEA5F
:109C90001C4C0CFB02F2D31A1B0C22440CFB0322BB
:109CA000A2FB04C32344A3EB020CA2FB0C2C6344D1
:109CB0000A68D1F804C00968E4FB032CA1FB034146
:109CC00052184CF10001A2FB034CCC1AA4FB034335
:109CD000A41841EB03011CEB040441F10001C0E9AD
:109CE000004110BC704700BFF8B514460023136450
:109CF000054604F110060F4602462046F6F728FAFC
:109D00003A4631463046F6F7FBF92A4631463046A8
:109D100004F10C06F6F708FA2A46314604F1200051
:109D2000F6F716FA04F1300132460846F6F7E8F97C
:109D300004F1340229462846BDE8F840F6F7E0B9B8
:109D4000F8B514460023C2F88030054604F1200619
:109D50000F4602462046F6F78DFB3A46314630461E
:109D6000F6F726FA2A463146304604F11C06F6F785
:109D70003FFA2A46314604F14000F6F77BFB04F136
:109D8000600132460846F6F713FA04F164022946E8
:109D90002846BDE8F840F6F70BBA00BF2DE9F047BA
:109DA0001D4682B003EB821705EBC21893011446DF
:109DB00008F104080022064605EB44198A46CDF84E
:109DC0000080FA5023460246284600F00DFC524619
:109DD000234649464846F6F793FD23463246494610
:109DE0004846F6F7B1FD4FEAC40C0CF1804C0CF17B
:109DF000FF3CCDF8008005EB8C08234632464146F7
:109E000038464FEA8C0500F0EFFB610139444246C9
:109E100023460846F6F774FD05F1080223463A4446
:109E20003146304602B0BDE8F047F6F769BD00BFE5
:109E30002DE9F04715464FEAC50ABAF1000F1F4653
:109E400006460A464FEA451903EB451808DD044665
:109E5000002300EB8A00236063600834A042FAD13B
:109E60002B4631463846F6F76FFDAAF1020007EBA4
:109E70008001840006EB8000FFF7FEFEA4F10800DD
:109E8000391842463044FFF72FFFA9F12000391856
:109E900042463044FFF754FF012D15DD0224281BF4
:109EA0002246434607EB401106EB4010FFF776FFD2
:109EB00023466400A542F2DA9D4205DD43462A4668
:109EC00039463046FFF76AFF43462A463946304650
:109ED000BDE8F047FFF762BF2DE9F04F01F1200A1E
:109EE00081B016465246044699460F46F6F780F969
:109EF00004F1400506F1200B01230246214680466D
:109F00002046F6F7CDFD324659462846F6F770F959
:109F10000123024688EA000829462846F6F7C0FDD4
:109F20002A4621464846F6F7A5FA324639462046E3
:109F300004F12007F6F79EFA5A4651462846F6F7EE
:109F400099FA2A4639463846F6F732F904F1600A9A
:109F50000646524639462846F6F72AF92246394639
:109F600034183846F6F724F942460644494638463E
:109F70000223F6F7B3FD324604442946012328465E
:109F8000F6F776FD012322185146504601B0BDE890
:109F9000F04FF6F76DBD00BF2DE9F04F04468DB0D0
:109FA00015461E4604F140078946F6F763FA2B462C
:109FB00003F1400B09F1200105F1200209F1400AEB
:109FC00004F18005384604F120080793CDE9021218
:109FD000F6F750FA5A4651462846CDF814B0CDF857
:109FE00010A0F6F747FA3A4641464046F6F7E0F841
:109FF00004F1600B824604F1A00008902A465946FD
:10A0000038460195F6F7D4F804F1A0020546394622
:10A010000198F6F7CDF8019A431941465846069340
:10A02000F6F7C6F82246069C0AEB040318184146C8
:10A0300009904046F6F7BCF8424682443946384615
:10A04000F6F7B6F8504452460123394605443846DF
:10A05000F6F70EFD06F14004029A054449462046F3
:10A060000A95F6F7C5F806F1600501230B90024644
:10A0700021462046F6F714FD079A03992846F6F77D
:10A08000B7F801238246024629462846F6F708FD1E
:10A090002A4621463046F6F7EDF9DDF82CC0314668
:10A0A0008CEA0A0240460223F6F718FD0A9B59463D
:10A0B0001A1801235846F6F7DBFCDDF824C0049A91
:10A0C0000CEB000849462046F6F792F8012381463A
:10A0D000024621462046F6F7E3FC079A05992846F2
:10A0E000F6F786F801238246024629462846F6F707
:10A0F000D7FC2A4621463046F6F7BCF989EA0A021F
:10A10000314638460223F6F7E9FC019908EB0002D4
:10A1100001230846F6F7ACFC069B049A02991F1827
:10A120002046F6F765F80123804602462146204680
:10A13000F6F7B6FC039A05992846F6F759F8012375
:10A140008146024629462846F6F7AAFC2A462146B9
:10A150003046F6F78FF988EA09023146584602235D
:10A16000F6F7BCFC08993A18012308460DB0BDE883
:10A17000F04FF6F77DBC00BF2DE9F04701F1200656
:10A180009046324604460D46F6F732F80123024661
:10A1900021462046F6F784FC2146404604F140075C
:10A1A000F6F704FA29462046F6F700FA3146384613
:10A1B00004F12006F6F7FAF93A4631463046F5F74B
:10A1C000F7FF04F1600905464A4631463846F5F77F
:10A1D000EFFF224631462C183046F5F7E9FF42469C
:10A1E0000544314602233046F6F7AEFB2A46241AD0
:10A1F000394601233846F6F73BFC4946221801232D
:10A200004846BDE8F047F6F733BC00BF2DE9F04FF4
:10A21000064687B08846144606F14005F6F7C6F9AB
:10A2200008F1200306F1800B194608F14009284681
:10A2300006F120070193F6F7B9F949465846CDF8DB
:10A240000C90F6F7B3F92A4639463846F5F7B0FFD1
:10A2500006F1600906F1A0020590049249465A46AB
:10A260002846F5F7A5FF06F1A00282462946584682
:10A27000F5F79EFF5A4600EB0A0C39464846CDF8E2
:10A2800008C0F5F795FF029B3246059EF318181893
:10A29000394605903846F5F78BFF3A46064429467D
:10A2A0002846F5F785FF304432460123294682448B
:10A2B0002846F6F7DDFB04F14006019A8244414648
:10A2C0003046F5F795FF0123024631463046F6F752
:10A2D000E7FB31462046F6F769F922463946022364
:10A2E0003846F6F731FB0123AAEB000249464846FF
:10A2F000F6F7BEFB059F4146DDF80C800744424659
:10A300003046F5F775FF0123024631463046F6F731
:10A31000C7FB31462046F6F749F922462946022373
:10A320002846F6F711FB59463A1A01235846F6F724
:10A330009FFB029B01991D1842463046F5F758FFD6
:10A340000123024631463046F6F7AAFB3146204645
:10A35000F6F72CF92246494602234846F6F7F4FA66
:10A3600004992A1A0123084607B0BDE8F04FF6F712
:10A370007FBB00BF2DE9F04F85B05510984601EB2B
:10A380000213144603931A462B4606468946F6F7EF
:10A39000DBFA2B46024631463046F6F781FBA30036
:10A3A0004FEA441B0193022D4FEAC403029308EBCA
:10A3B000441A06EB0B0759D0032D47D053462A46C3
:10A3C00031464046FFF7D6FF53462A4649463046B7
:10A3D000FFF7D0FF039953462A463846FFF7CAFFD6
:10A3E000C4EB047407EB04142B463A46214620467E
:10A3F000F6F786FADDE90193994406EB890982466E
:10A400002B464A4621463846F6F77AFA32462B461C
:10A410000AEB000621462046F6F772FA42468244CD
:10A420006B0021462046F6F78FFA5246361A394617
:10A430002B463846F6F71CFB2B463218494604EBF0
:10A440000B0005B0BDE8F04FF6F712BB524631469F
:10A450004046FFF7DBFE524649463046FFF7D6FE40
:10A46000039952463846FFF7D1FEB9E752463146C6
:10A470004046FFF781FE524649463046FFF77CFED4
:10A48000039952463846FFF777FEA9E72DE9F04FCA
:10A4900089B01C465D1001EB0313904606931A46E3
:10A4A0002B460746DDF848B00791F6F74DFA230131
:10A4B00043444FEA441A814607EB0A0602460293D8
:10A4C00039462B463846F6F7EBFA02992B464246B8
:10A4D0003046F6F739FA89EA000302460593314619
:10A4E0002B463046F6F7DCFAA3000393022D4FEA21
:10A4F000C40304930BEB441962D0032D4DD02B46BB
:10A50000324639465846CDF80090FFF7BFFF07990D
:10A51000CDF8009042462B463846FFF7B7FF029A27
:10A520000699CDF800902B463046FFF7AFFFC4EBFD
:10A53000047406EB04142B46324621462046F6F7F7
:10A54000DFF9DDE90383984407EB880881462B4651
:10A55000424621463046F6F7D3F93A462B4609EBF8
:10A56000000721462046F6F7CBF9059A8144594663
:10A570006B002046F6F7B2FA4A46074431462B46AE
:10A580003046F6F775FA2B463A18414604EB0A00B6
:10A5900009B0BDE8F04FF6F76BBA4B463246394684
:10A5A0005846FFF7F9FC07994B4642463846FFF7F5
:10A5B000F3FC029A06994B463046FFF7EDFCB6E7EE
:10A5C0004B46324639465846FFF786FC07994B46BC
:10A5D00042463846FFF780FC029A06994B463046C1
:10A5E000FFF77AFCA3E700BF10B4022B019C08D050
:10A5F000032B02D010BCFFF749BF234610BCFFF766
:10A60000CBBC234610BCFFF767BC00BF2DE9F04F61
:10A610001468D368022C8846D2E9017285B00646D8
:10A6200003EB841903EBC41B4FEA441A01EB4411FA
:10A6300003EB441556D0032C41D01846CDF800B09A
:10A6400023460391FFF722FF039923460A46284633
:10A650002946F6F755F9CDF800B0294623463A4683
:10A660004846FFF713FF59F80A3058F80A504A468F
:10A670004146ED1A30462346F6F766F923463A4638
:10A6800031462D1A3046F6F75FF92D1AEA43234674
:10A690003946D20F3046F6F7B3F92D1AEA4323466E
:10A6A0003946D20F3046F6F7ABF92A1A2346D20FB5
:10A6B0003946304605B0BDE8F04FF6F769B918469F
:10A6C0005B460391FFF768FC039923460A46284638
:10A6D0002946F6F715F95B463A4629464846FFF7FC
:10A6E0005BFCC0E718465B460391FFF7F5FB039957
:10A6F00023460A4628462946F6F702F95B463A46BB
:10A7000029464846FFF7E8FBADE700BF2DE9F041D9
:10A71000141E82B0074688461E4601DB6400FDD544
:10A720006400414602E064002BD039463268F36889
:10A7300002EB4205022A03EB85152AD0032A23D017
:10A740002846FFF717FE324629463846FFF75EFFD8
:10A75000002CE8DA3368F26803EB4305022B02EBC6
:10A76000851522D0032B19D000923946424628463F
:10A77000FFF78CFE324629463846FFF747FF640054
:10A78000D3D102B0BDE8F0811A462846FFF73EFD5E
:10A79000D9E71A462846FFF7EFFCD4E713463946B7
:10A7A00042462846FFF7F8FBE4E71346394642469F
:10A7B0002846FFF791FBDDE7920808D000EB820204
:10A7C00051F8043B1BBA42F8043D9042F8D170475F
:10A7D000890808D002EB810151F8043D1BBA8A4276
:10A7E00040F8043BF8D1704710B51478F4B902F181
:10A7F000010E9EF80040F4460EF1010E002CF8D038
:10A800001344A3EB0C03B3EB810F11D122060FD538
:10A810009B0818BF00EB830306D05CF8042B12BA28
:10A8200043F8042D9842F8D1002010BD9446EAE781
:10A830004FF0FF3010BD00BFB3EB810FF0B54FEA12
:10A84000810510D902EB030E9446AEEB050E03E032
:10A85000E64503F1FF3346D062461CF8014B002C5D
:10A86000F6D09D4256D39D424FEA93063DD003F069
:10A870000307002E4AD0D5194FEA860C00EB860E4E
:10A8800055F8044B24BA4EF8044D7045F8D157B131
:10A890009D07147836D55378032F03EB042333D167
:10A8A000977807EB0327741CA14240F8267018D94B
:10A8B000891B022901F1FF3510D00CF10403034478
:10A8C000690803EBC10100221A605A6008338B4209
:10A8D000FAD1EB0705D525F001052C44002340F8FB
:10A8E00024300020F0BD7246BBE700EB8601002E4D
:10A8F000F7D052F8043B1BBA41F8043D8842F8D126
:10A900000020EFE72746CEE71F46CCE7B446002FEE
:10A91000BED1C8E74FF0FF30F0BD00BF0CB430B57A
:10A920008BB004460D462022002102A803F097F9BF
:10A9300002238DF80A30002D0C4B0393069412DB92
:10A9400001D06B1E1C440FAA0E99079402A8019215
:10A9500000F00EF815B1069B00221A700BB0BDE88E
:10A96000304002B070470024EDE700BFC3DC0000B8
:10A970002DE9F04F8378D0F8048015469A0785B00A
:10A98000074640F19F8000260878002800F09C8050
:10A99000252808D001F1010A01363946C0470028B0
:10A9A00080F286808AE091F801B0BBF1250F01F1B9
:10A9B000020AF1D0002401211F2C25D8ABF120027E
:10A9C000102A06D8844B01FA02F018420ED1032A4D
:10A9D0005AD0ABF13002092A08D9BBF12A0F33D182
:10A9E000630605F1040501D444F020041AF801BB04
:10A9F000BBF1000FE0D139462520C04700285DDBC0
:10AA0000023639465846C9E77F2CE2D9BBF16C0FB4
:10AA100029D021D8BBF1680F2CD0BBF16A0F30D000
:10AA2000BBF14C0F2DD0ABF16302122A00F2A580CE
:10AA3000DFE802F02C4EA3A3A3A34EA3A3A3A3A3DA
:10AA4000AD9DA3A331A37700BBF12E0FDED160062D
:10AA50003AD444F04004C9E7BBF1740FC6D0BBF14F
:10AA60007A0FC3D0DFE7220648BF44F4007444F0F5
:10AA70008004BBE7E30548BF44F4007444F48074E9
:10AA8000B4E744F42074B1E71024AFE715F8040BE1
:10AA90000136394682E72C68504B002C08BF1C4613
:10AAA000A1464B4619F8010B20B9341B1E19043579
:10AAB000514669E73946C0470028F2DABB7843F0CF
:10AAC0000403BB704FF0FF36304605B0BDE8F08F91
:10AAD00020061DD5A10545BF073525F0070555F80A
:10AAE000040B55F8080B00280DF10409B8BF4042CB
:10AAF00049464FF00A02B8BF44F4806403F0C7F837
:10AB00006405A0EB090956D44C460DF1040B5EE038
:10AB1000E20555F8040BE6D5A3054CBF40B200B2E0
:10AB2000E1E724F01004A4B20A22200633D5A105DF
:10AB300045BF073525F0070555F8040B55F8080BF8
:10AB400010B924F01004A4B20DF10409494603F031
:10AB50009EF8E306A0EB0909D6D539463020C04758
:10AB60000028ABDBBBF1000F1ED10136CCE744F06F
:10AB7000100410224FF0780BD7E74BF02002782A10
:10AB80007FF439AFCBF1780242F01002CDE7082212
:10AB90004FF0000BC9E7E30555F8040BD0D5A1052C
:10ABA0004CBFC0B280B2CBE7023639465846C047E8
:10ABB0000028A9DA82E7013639462D20F7E7013C63
:10ABC00039461BF80400C0470028FFF677AF002C79
:10ABD000F5D14E446CE700BF812801007AE90000FE
:10ABE000704708B9086070476FF015007047002083
:10ABF000704730B5002985B00446154611DB8368DF
:10AC00008B420ED96368C068194401AA01F0A5FA05
:10AC100028B96268019B9B1A2B60029B6B6005B090
:10AC200030BD6FF02100FAE770472DE9F7430E467B
:10AC300017469946044628B94FF0FF38404603B0FE
:10AC4000BDE8F0830029F7D0002AF5D0CB680D8944
:10AC50001D4404230DEB03022946384600F089FE0B
:10AC600080460028E8D1BDF80410738946F6081222
:10AC7000914225D1BDF806109942DDD104230DEB98
:10AC800003022944384600F074FE0028D4D1BDF8F0
:10AC9000042046F607139A42CED1C4E900679DF816
:10ACA0002830A4F80890A3727389BDF806202B44BD
:10ACB000E360738913442B44043563612561BDE768
:10ACC000002BE4D0B8E72DE9F3410E4617461D46A8
:10ACD000044620B94FF0FF3002B0BDE8F0810368B0
:10ACE000002BF7D04368002BF4D04FF6FF78D4E95F
:10ACF0000413994215D223685B8923B1E3688B4220
:10AD000004BF04312161042360680DEB030200F0ED
:10AD100030FE0028DED1A37A2BB1D4E903329A4267
:10AD200001D30120D8E72389BDF80610434501F17E
:10AD3000040203D0BDF804C09C450BD115B1BDF889
:10AD400004302B8023690433336039802369134432
:10AD50002361C1E7236913442361C8E748B103684D
:10AD60003BB143682BB1C068884294BF00200120EA
:10AD700070474FF0FF30704702F079BF10B50446BE
:10AD800000F036FE00F0A2F8A368984201D901F065
:10AD9000A4F8181A10BD1FB5582303FB01006A461A
:10ADA000046AA16820461023103900F0E2FD002853
:10ADB00018BF0024204604B010BD70B50D460446EF
:10ADC00001F0B3FA2A46A0F1080104232046BDE8A9
:10ADD000704000F0CEBD13B50446019101F0A5FA14
:10ADE0000423A0F108010DEB0302204601F0E0FA74
:10ADF00002B010BD00F03DBA01292DE9F34117461C
:10AE000001D901F06AF82C2303FB0104D4F8208057
:10AE1000B8F1000FF5D0E36826891E4404230DEB3A
:10AE200003023146404600F0A4FD054620B101254D
:10AE3000284602B0BDE8F081BDF80420648946F6DA
:10AE400008139A421AD1BDF806309C4201D003255E
:10AE5000EEE704230DEB0302A119404600F089FD43
:10AE60000028E4D1BDF8042046F607139A42EED13B
:10AE7000BDF80610214431443960D9E7002CF1D0E7
:10AE8000E5E713B52E2201290346019208460AD1AF
:10AE90005A6A03F1280401A900F0DAFD08B9019B00
:10AEA000236002B010BD022903D11A6D03F15404CE
:10AEB000F1E70120F5E710B528B1BDE810406022A8
:10AEC000002102F0CCBEF6F715FBF6E78A235843C3
:10AED0003030704773B50C460546164600F088FDC5
:10AEE000A04203D9284600F083FD0446A9688A23BE
:10AEF000303903FB14116A462846FFF77AFE002812
:10AF0000A4BF009B336002B070BD10B412B110BC7E
:10AF1000F6F70EBA104610BC704700238268194637
:10AF2000FFF7F3BF08B52C2303FB0101086A08B93A
:10AF300000F0D3FFBDE80840042201F00ABAF8B5DA
:10AF400013460F461646002102460546F6F7B2FCA8
:10AF5000044650B9334605F12C0201212846F6F784
:10AF6000A9FC10B1002F18BF04462046F8BD0020F0
:10AF70007047002110B504460846F5F7DFFF04F1DD
:10AF80002001C0B2F7F72CF940B90121F5F7D6FF3F
:10AF900004F14C01C0B2F7F723F908B100F09DFFAE
:10AFA00010BD10B50446C06C08B100F0E1FC206A89
:10AFB00018B1BDE8104000F0DBBC10BD4379012B97
:10AFC00007D10368012B04D10079431E5842584130
:10AFD000704700207047F7B5056A074628460E46B9
:10AFE000FFF7CCFEF96D0446304600F0E1F804446A
:10AFF000284600F0FDFC0746284600F000FD072229
:10B0000001460DF1010002F02AFE33798DF800307F
:10B010006A463B462146284600F0C0FC003818BF6F
:10B02000012003B0F0BD13B50C4601AAC16D204646
:10B03000FFF750FF002809DB0199A2680123521A8B
:10B040002046FFF762FFC00F02B010BD0120FBE7F2
:10B0500037B50C46C06C69461546FCF73DF802460C
:10B0600008B100F03AFFE979012904D0204601F047
:10B07000F5F90028F5D19DF80330012B04D12046C5
:10B0800001F0CBF90028ECD1A9682046FFF7A3FE18
:10B090000028E6D12046FBF7FDFF0028E1D103B0F0
:10B0A00030BD73B50C46064600F0C4F8E06028B326
:10B0B000022801D1356A0DB900F00FFF2246314652
:10B0C000284600F02AF8D0B9284601F02EF90123CD
:10B0D00001460DF10702284600F04BFC88B9012219
:10B0E0000DF10701284601F034F910B101238DF864
:10B0F00007309DF8073003F00F03E371002002B022
:10B1000070BD0120FBE7436A00205A6803461344E0
:10B110008B4200F10100FAD370472DE9F34707464F
:10B120000C46014600201646F6F7CEF8051E3BDB1E
:10B130003846D4F85C90FFF721FE4FF0FF3480468C
:10B140005FFA89F965B9631C06D02D2C21DC013426
:10B1500040F201133460B380284602B0BDE8F087A6
:10B1600005F1FF3A01230DF107020AFB0981384678
:10B1700000F0FFFB002819DB01220DF10701384622
:10B1800001F0E7F818B9B4F1FF3F08BF2C46554667
:10B19000D8E702232E3C7371631004F001040133DD
:10B1A000013433603471D7E70725D5E70125D3E7AC
:10B1B00010B543790279012B1ABF2E234B4300238C
:10B1C00002F1FF3201FB0233026814BF4C000C464F
:10B1D000013A04FB023010BDF8B5866A436DB342F4
:10B1E000054604D05A1CB24201D00020F8BD2E2ED4
:10B1F000FBD8002427469C420ED1284600F04FF889
:10B200000028F2D0B44213D26B6A03EBC40358682F
:10B21000C31B58425841E9E76A6A02EBC402576807
:10B220002A6D02EBC4025268BA42DED10134E2E771
:10B230000120DBE71FB504466946006AFBF74CFFB7
:10B2400008B100F04AFEE06C02A9FBF745FF0028B8
:10B25000F7D19DF80030012B09D19DF80230032B66
:10B2600005D19DF80800013818BF0120400004B046
:10B2700010BD10B50446C06DFFF728FE636A5B6819
:10B280005A1E024459421140A26A013A5A43501AC6
:10B29000626D53435B1A984228BF184610BD10B523
:10B2A000036A0446D8688368DB689847E36CD8680B
:10B2B0008368DB689847012010BD00EBC10040881F
:10B2C00040087047F8B50346FFF7F7FFB0FA80F083
:10B2D000C0F11F0003EB800CCA00DCF81060171DE2
:10B2E0000C4606328DB256B9012101FA00F0D96838
:10B2F0000143D960CCF81040DD539D52F8BDF100F8
:10B300000431585AD85303EBC0009E52C5805D5299
:10B31000F4E710B500EBC104E388994202F104019F
:10B320000AD1012303FA02F2C36823EA0203C360CD
:10B33000002340F8213010BDA28840F8213000EBF6
:10B34000C20100EBC300CB808280F4E708B503465E
:10B35000FFF7B3FFB0FA80F2C2F11F021846BDE852
:10B360000840FFF7D6BF2DE9F843B1FA81F3C3F1E6
:10B370001F0200EB82090646D9F810700D4687B906
:10B38000C3F120034FF0FF349C40F3681C4014D0FD
:10B3900094FAA4F2B2FA82F2131D56F82340214621
:10B3A00008E03C464FF0030821463046FFF785FF92
:10B3B000A84205D33046FFF7ACFF2046BDE8F8832E
:10B3C00006EBC404B8F10108E488C9F81040D7D0EE
:10B3D000A742E9D1D4E738B50446FFF76EFF0D4622
:10B3E000034611462046FFF768FF03449BB204EB77
:10B3F000C5055A006A802046FFF75FFF014424F824
:10B40000313038BD70B50446FFF757FF0B4604EBEB
:10B41000C305511A9B1A89B203444E009BB204EB38
:10B42000C2006E805D00458024F83210204611462F
:10B43000FFF743FF014424F8313070BDF8B500290F
:10B4400051D004680D1F2D1BEE0825F00705621969
:10B45000538813F0010306D183F31188BFF36F8F74
:10B460000423184602DF31462046FFF726FF30440A
:10B4700034F83030C01A864207D0002383F3118895
:10B48000BFF36F8F0423184602DF538823F00103B4
:10B49000538031462046FFF710FF371804EBC703EF
:10B4A0005B88DA0708D439462046FFF74FFF3A4653
:10B4B00031462046FFF78FFF655B751B04EBC50324
:10B4C0005B88DB0709D429462046FFF73FFF324659
:10B4D00029462046FFF77FFF2E4631462046BDE82D
:10B4E000F840FFF7EFBEF8BD70B509B9002070BD98
:10B4F000056801F007030B33CC0804EBD304AB68F9
:10B500009C4228BF1C4621462846FFF72CFF0646D2
:10B510000028EBD001462846FFF7CFFEA04207D90E
:10B5200032192846FFF76EFF11462846FFF7CAFE7C
:10B5300005EBC6021046538843F0010353800430E4
:10B54000D5E71146FFF7D0BF043A2DE9F843CC1DEB
:10B55000114424F0070421F00706A6EB04084FEA83
:10B56000D807B7FA87F2C2F12405AD004FF0000901
:10B570000735C2F12002ED0804604946A760C4F80F
:10B580000C90920004F1100002F069FBAAB2530083
:10B5900043F0010363807B1B9BB204EBC5015800A1
:10B5A000A4F80090488024F83520A6F8029024F8EA
:10B5B000083004EBC70329465A8842F001025A803A
:10B5C0002046BDE8F843FFF77DBE002070470FB46A
:10B5D00007B504A951F8040B0191F6F7A5FB03B0D8
:10B5E0005DF804EB04B07047036800220BB91846FD
:10B5F00070478B4210D10B6842B942680360914298
:10B6000000D1436000230B60012070471360436842
:10B61000994208BF4260F5E71A461B68E6E7038BCC
:10B6200013F0070306D10368002B18BF032008BFDF
:10B6300000207047022B05D1408BB0FA80F0400902
:10B6400080007047012B04D10368002B18BF052030
:10B65000EDE70020704710B50C4600B111B96FF04E
:10B66000150010BD081D00F0C6F80028F9D1A36828
:10B67000032BF6D9F3E72DE9F0410D4607461946AD
:10B68000281D90461E4600F0C7F8044638B13346E0
:10B69000424629463846A446BDE8F0416047BDE829
:10B6A000F08110B4EFF31182202484F31288BFF3E9
:10B6B0006F8F416110BC0121F6F798BC38B50C467C
:10B6C000054658B151B10B6843B14B6833B11C22E8
:10B6D000002102F0C4FA2C61002038BD6FF0150083
:10B6E000FBE7F8B504460E46FFF7B5FF051E3BDB4A
:10B6F000EFF31182202383F31288BFF36F8F638BE4
:10B70000278B4FF6FF718B4207F007072ED0062FCD
:10B710002FD8DFE807F0182E082E180418006FF055
:10B720008505002303E0013363830225012382F3AF
:10B730001188BFF36F8FBBB100233A4631462046D4
:10B74000FFF799FF10E000233360636823B9C4E971
:10B75000006627B13D46E4E71E606660F9E7022116
:10B760002046F6F743FC3D462846F8BD6FF00A0533
:10B77000D7E76FF00405D4E710B5EFF3118220236B
:10B7800083F31288BFF36F8F048B04F00704022C3D
:10B790000AD0012C0CBF6FF004006FF0850082F31B
:10B7A0001188BFF36F8F08E0438B013B9BB243834B
:10B7B00023B92146F6F71AFC204610BD2046EEE7D5
:10B7C00038B5A8B1A1B1EFF31185202282F3128818
:10B7D000BFF36F8F048BFFF707FF30B104F0070052
:10B7E00085F31188BFF36F8F38BD6FF07700F7E7EF
:10B7F0006FF01500F8E7034658B1426802F0030203
:10B80000012A03D0032A04D1026812B100209860F3
:10B8100070476FF0150070474268816002F00302C4
:10B82000032A4FF0000203460CBF006810465A601E
:10B83000704770B50C8806468888241A3069A4B20F
:10B84000844285B224BF641BA4B22D1BA8B29842C7
:10B8500028BF18463368234413600B8803440B80C9
:10B8600070BD70B4838985880669ED1AADB2731B0B
:10B87000934228BF134670BC0A46011DFFF7D9BF8B
:10B8800070B40E460146C58831F80A3FEC1AA3B2DF
:10B89000934228BF1346324670BCFFF7CABF10B5AB
:10B8A0004B880C88E41AA4B294420ED31A4492B284
:10B8B0008B884A800A800069D21A92B2824201D2F1
:10B8C000002010BD03448B80FAE76FF01500F8E705
:10B8D0002DE9F34106460F4615464FF000082A466B
:10B8E00001A93046FFF7BDFF044640B10246394684
:10B8F000019802F08DF92D1BA0442744EFD1424658
:10B90000311D3046FFF7CBFF404602B0BDE8F08165
:10B910002DE9F34107460E4615464FF000082A462A
:10B9200001A93846FFF7ACFF044648B12EB10246E4
:10B930000199304602F06CF926442D1BA044EED14B
:10B94000424607F10A013846FFF7A9FF404602B018
:10B95000BDE8F0817047002908DB8068884205D97E
:10B96000401A904234BF00200120704700207047E9
:10B97000704770B516461A4605460C46FFF7EBFFB2
:10B9800048B16968E8682144826814683246A44670
:10B99000BDE8704060476FF0150070BD70B5164689
:10B9A0001A4605460C46FFF7D6FF48B16968E868B5
:10B9B0002144826854683246A446BDE8704060471E
:10B9C0006FF0150070BD10B50B460446FFF7C3FFBE
:10B9D00040B16168E068194483689B682BB1BDE899
:10B9E000104018476FF0150010BD6FF05700FBE7CF
:10B9F00008B5C0688368DB689847006808BD08B56B
:10BA0000C0688368DB689847407908BD30B54C68EA
:10BA10000368A34201D2012030BD8A6822449342C8
:10BA200001D30020F8E7D1E90452954203D36FF027
:10BA30000B038B61F5E7CA681B1B42F8353043687E
:10BA4000086902EBC00253600B6901330B61E2E746
:10BA500037B50C46C0B201A91546F6F7C1FB002860
:10BA60000CDB019850B121462A46F6F7DFFB04466D
:10BA70000198FFF77DFF204603B030BD6FF015043D
:10BA8000F9E710F0700F08D100F07F0310F0800F7D
:10BA900018BF1033012098407047002070472DE9EF
:10BAA000F84306460F469046994604254B464246C3
:10BAB00039463046F9F75EFC10F10B0F044603D10E
:10BAC000FCF72AFE013DF1D12046BDE8F88300686D
:10BAD00040B150F8043C5B688B42A0F1040001D0F7
:10BAE0004068F5E77047006850B150F8043C5B6867
:10BAF0005B689B788B42A0F1040001D04068F3E7BB
:10BB0000704730B5006888B150F8043C5B681A6A29
:10BB10001D7F04380023043ADCB2A54201D84068F6
:10BB2000F1E7013312F833408C42F5D130BD08B54E
:10BB3000F7F722F928B1406810F1100F14BF002068
:10BB4000012008BD4B1CDBB28170817680F8253066
:10BB5000C37600F8061C704750E90231D0F89C000B
:10BB600018470369002283F84A207047036993F855
:10BB70004A0050B193F8480038B1D3F89020938828
:10BB8000918910695B1A9BB2C01A70470369002241
:10BB900083F84B207047036993F8490008B193F884
:10BBA0004B00704708B50246FFF7F5FF28B910466D
:10BBB000FFF7DCFF003818BF012008BD0369C3E9A7
:10BBC000001270470229036908D004290BD001290B
:10BBD0000ED1D3F8943013600020704793F89B3057
:10BBE000C3F34003F7E793F89B3003F00103F2E758
:10BBF0006FF08500704708B5402903693DD011D822
:10BC000010292ED006D801291AD008291CD06FF08F
:10BC1000120008BD2029FAD193F89C1052BB01F004
:10BC2000FB0116E0B1F5807F33D0B1F5007F39D04C
:10BC30008029ECD193F89C1042BB01F0EF0108E0A1
:10BC4000C3F894200020E4E793F89C1032B901F087
:10BC5000FE0183F89C10F7F703FBF3E741F00101C5
:10BC6000F7E793F89C1012B901F0FD01F1E741F0FC
:10BC70000201EEE741F00401EBE793F89C1012B9E2
:10BC800001F0F701E5E741F00801E2E741F01001BA
:10BC9000DFE793F89C1012B901F0DF01D9E741F01A
:10BCA0002001D6E793F89C1012B901F0BF01D0E74C
:10BCB00041F04001CDE770B504690546D4F88C0029
:10BCC000FFF726FE94F8A0300646B3B1D4F88C20D6
:10BCD0009388918912695B1A9BB2D31A3F2B0CD9B6
:10BCE00094F89E3033B16B681B6A2246187B0021A2
:10BCF000F7F756FB002384F8A030304670BD08B536
:10BD00000122FFF7D8FF013818BF4FF0FF3008BD00
:10BD10000269D2F8901088898B8809691B1A9BB236
:10BD2000994204BF002382F84830D2F88C30D98879
:10BD30005B89994204BF002382F849300120704793
:10BD400070B506460D460024AC4200DB70BD305D88
:10BD5000F7F71CFC0130F9D00134F5E773B58368BF
:10BD60009A420C460646114604D36FF0150420464D
:10BD700002B070BDA242FADB6A46FEF73AFF034604
:10BD80000028F2D1DDE9002515442A1B2146304662
:10BD9000F5F7CEFA0028E8D12C46E8E72DE9F04F78
:10BDA00085B005460E4690461F4601F0ECF820B9D6
:10BDB0006FF04C0005B0BDE8F08F00234FF0140980
:10BDC0003B6009FB086934464FF0010A02A9284686
:10BDD00001F0CDF860B1DDE902324FF0000B0093C5
:10BDE000C3450CD10021284601F00DF90028EDD102
:10BDF000284601F0F1F80028DAD00020DAE7A14562
:10BE000098BF344661688A4214D121680098019233
:10BE100001F02DFF019A68B9237C7BB9D4E9023186
:10BE20002846984768B184F810A03B680133143461
:10BE30003B60CBE714340BF1010BD1E76FF06F00DF
:10BE4000B8E76FF02200B5E701F009BF01F0E0BEEE
:10BE500001460068F8F766B808B5F8F793F8BDE84A
:10BE60000840F8F7FDBB00210120F8F75BB86FF040
:10BE70008500704761B662B680F31188BFF36F8F9B
:10BE8000704772B6002383F31188BFF36F8FBFF33F
:10BE90004F8F30BF62B6BFF36F8F704772B600230B
:10BEA00083F31188BFF36F8FBFF34F8F20BF80F3F1
:10BEB0001188BFF36F8F62B67047202809D9B0F19F
:10BEC000004F08D80138B0FA80F0C0F11F004000E0
:10BED0007047082070473E20704708B5F8F79EFD70
:10BEE0000A448A4200D1704711F8013B40BA80B23F
:10BEF0005840C0F303134340180380B24340580135
:10BF000000F4FF505840ECE710B50369C0E9053371
:10BF10000023C360837F044613B1407AFAF76CF8BC
:10BF20000123237700236377E377A37710BDFBF723
:10BF3000EDBEFBF75DBF0378027903F00F011AB97C
:10BF400051B14FF0FF3070470829FAD8012A03D1C8
:10BF5000C3F3C0000138704743F3C000704738B5E1
:10BF60000146F8F795FD054660B1037A6BB10846C6
:10BF70000024FAF7C1F82846AC77FFF7C5FF2C720A
:10BF8000204638BD6FF01500FBE76FF07700F8E74B
:10BF900070B504460E461546F9F762FA30B906B98F
:10BFA00025B12046BDE87040F9F7A2BA70BDC34381
:10BFB000C3F3C01300F00F0000EB0310704708B587
:10BFC000F9F704FB818208BD08B5F9F7FFFAEFF332
:10BFD0001183202282F31288BFF36F8F02690A60F7
:10BFE000027B2AB9807D83F31188BFF36F8F08BD70
:10BFF0000420F8E70369C9B20C2202FB0133186C74
:10C0000000F00700704770B50346C9B20069EFF34E
:10C010001186202484F31288BFF36F8F0C2505FB53
:10C020000104246C14F0C00401D0A24210D105FB1D
:10C03000010001220264002086F31188BFF36F8F94
:10C0400028B95B6803EBC1035B689847002070BDAB
:10C050004FF0FF30F0E78022FFF7D5BFF8B5069F1D
:10C0600004690546C9B2EFF3118C202080F31288D1
:10C07000BFF36F8F0C2606FB0146306C00F0070EF5
:10C08000BEF1010F11D1376400268CF31188BFF384
:10C090006F8F46B90C2000FB0144C4E90E236B6886
:10C0A00053F8313098473046F8BD00F0C000874261
:10C0B0000CBF6FF077064FF0FF36E6E713B580242C
:10C0C0000094FFF7CBFF02B010BD10B40069CBB2F3
:10C0D0001C2404FB0300002110BC10471046FBF792
:10C0E00009BF08B5FAF7AAFABDE8084000F065BA3A
:10C0F000FBF79AB9FAF7F0B9F7B51C4616460023D4
:10C1000082682360A36053690D4601AA6946984777
:10C11000019B5A1E01921BB96FF0150003B0F0BDD0
:10C120000098A26847682168676085B9B31AD0F89B
:10C1300000C0634528BF63461A4403FB0711216012
:10C14000A26002689A4206D808300090E0E76B1AB5
:10C15000B3FBF7F3EBE70020E0E713460022FFF71D
:10C16000CBBF2DE9F047836886B05B69884691466E
:10C1700001A902AA98470024A2462546029BAB4289
:10C1800002D806B0BDE8F087019F07EBC50700267F
:10C190007B6804933A68B2420AEB060302D8013581
:10C1A0009A46EBE703940593494603A8C047002845
:10C1B000E7D0049B01361C44ECE710B50C4600F0B8
:10C1C000BDFC0023C4E90003184610BD38B5054680
:10C1D0000C4600F0B3FC002D07DBA84205D9401B3C
:10C1E00084428CBF0020012038BD0020FCE770B5E0
:10C1F0000D462846194616461C46FFF7E7FF38B19C
:10C2000024B122462946304601F002FD002070BDCF
:10C210006FF01500FBE743685B68D3F810350B60DF
:10C220000020704743685B6802EA010021EA0201CE
:10C23000C3F80805C3F80C150020704743685B6815
:10C240000020C3F80815704743685B680020C3F8F6
:10C250000C15704743685B68D3F8042521EA020097
:10C260001140C3F80805C3F80C150020704730B51D
:10C270000369586800B30024884219D108688CB952
:10C280009C685860A14200D19860002008602AB1E3
:10C290005A680A609A68596002B9996000200FE0F4
:10C2A0002846E9E720609868814208BF9C60ECE777
:10C2B00005680446002DF3D1002AE9D16FF015007E
:10C2C00030BDFBF7E7B913B54FF080520829136E64
:10C2D000526E28BF082112BA00921BBA0C460A46B9
:10C2E0006946019301F094FC204602B010BD00F1B4
:10C2F00050039B009BB203F1804303F58833002277
:10C300001A601B6870470222FAF772BE08B501F086
:10C3100041FB48B1002383F31188BFF36F8F0423DF
:10C32000184602DF6FF0040008BD8068183820F05E
:10C33000070010387047042809D0052803D1481E8B
:10C3400018BF01207047431A5842584170470120D6
:10C35000704738B515460C4661B15AB1FFF74FFB2F
:10C360002544214611F8013B834203D1A942F9D16A
:10C37000012038BD0020FCE738B50C4601231146EA
:10C3800022460546FFF7F5FA00280FDB0122214679
:10C390002846FFF7DEFF18B103232370002038BDC5
:10C3A0002378012B14BF02230123F6E70120F6E7CF
:10C3B0002DE9F3471D4606460F469046FFF718FB4A
:10C3C0006C1E044440420440082C01D9FFF785FD4F
:10C3D0003046FFF714FB2A4682464146684601F084
:10C3E00017FC621B51460DEB050001F038FC23469B
:10C3F0006A4639463046FFF7D1FA003818BF0120A7
:10C4000002B0BDE8F08707B501238DF8042001AA2A
:10C41000FFF7CEFF03B05DF804FB816818390122F5
:10C4200021F00701FFF7EFBF8268183A22F00702F8
:10C43000FFF7A2BF13B50C46C0B201A9F5F7D0FEB5
:10C4400050B921460198FAF747FE04460198FFF7D4
:10C450008FFA204602B010BD0124FAE70E2A13B568
:10C46000044601D9FFF739FD0E29FBD841EA021134
:10C470008DF80710FFF759FF012301460DF1070260
:10C480002046FFF795FF02B010BD8168183921F0F2
:10C49000070101220839FFF7B6BF034600201847FD
:10C4A00000F00ABF10B502461168B1B1BFF35B8F4F
:10C4B000B1FA81F3C3F11F000123834021EA030392
:10C4C00052E8004F8C4204D142E8003CBCF1000F1E
:10C4D000F6D1BFF35B8FE7D110BD6FF00B00FBE728
:10C4E00010B50368CB40DB0714D401238B400268EE
:10C4F000BFF35B8F43EA020150E8004F944204D13E
:10C5000040E8001CBCF1000FF6D1BFF35B8FEED109
:10C51000002010BD6FF01500FBE710B1012802D01C
:10C520007047FAF781BFFAF739BF18B1012803D174
:10C5300000F028B800F041B87047FAF7B1BF08B56D
:10C54000FAF748FFBDE80840FAF7DEBF38B54FF00C
:10C5500080440123C4F8083363600023C4F8003129
:10C56000D4F8003142F21075D4F80C24D4F80C340D
:10C57000D20306D5DB0704D50120FFF791FF013D6B
:10C58000F2D138BDFFF7E2BF38B54FF08044022347
:10C59000C4F808330123E3600023C4F80431D4F85D
:10C5A000043142F21075D4F81834DB0304D50120AD
:10C5B000FFF776FF013DF6D138BDFFF7E5BFF7B5D0
:10C5C000019001A8DDE9084716461D46FAF7CAFFA3
:10C5D000019BB6F1000C18BF4FF0010C00EB83007B
:10C5E0000B1E18BF0123002D43EA4C030CBF4FF074
:10C5F000000C4FF00C0C002C43EA0C030CBF4FF066
:10C60000000C4FF4E06C002F43EA0C03D0F8002735
:10C610000CBF4FF0000C4FF4403C43EA0C0322EAFD
:10C62000030301B109780EB13678760019430DB1D4
:10C630002D78AD0031430CB12478240229430FB189
:10C640003F783F040C433C43C0F8004703B0F0BDC3
:10C650001FB50DF10F03019300238DF80F10009308
:10C660001A461946FFF7ABFF05B05DF804FB10B59D
:10C6700004460846FAF786FF04EB4004207DC0F329
:10C68000401010BD10B504460846FAF77BFF04EBD6
:10C690004004207DC0F3400010BD10B5044608469C
:10C6A000FAF770FF04EB4004A08A400B10BD70B590
:10C6B000044608461646FAF765FF08300D4634F87A
:10C6C0001030DA0509D5C3F3432304EBC302314626
:10C6D00054F83330526828469847A3682BB1E26873
:10C6E00031462846BDE87040184770BD10B5044675
:10C6F0000846FAF747FF04EB4000838ADA051DD5A8
:10C70000C3F3432123F4F853838204F1120204F1AA
:10C71000660032F8023F13F4807F03D0C3F3432353
:10C7200099420BD08242F4D104EBC10300225A603B
:10C7300004F16C00BDE81040FFF7D2BE10BDF0B5AB
:10C74000034600F580740020054601278446954283
:10C750000AD1D3F87C2132B10022C3F87C21D3F86E
:10C760007C3140F00040F0BD25F0404607FA06F667
:10C77000314209D0D4F800E0BEF1000F04D0C4F873
:10C7800000C0D4F800E0304301350434DFE738B5A9
:10C7900004460D46FFF76BFFA8B12046FFF772FF76
:10C7A00088B92046FFF779FF226801238340C2F849
:10C7B0000833236803EB8000D0F8103523F003031F
:10C7C000C0F8103538BD28460021BDE83840FFF7D5
:10C7D0003FBF2DE9F043174685B004460846FAF7F7
:10C7E000D1FED7F800800E460546B8F1000F1ED0E6
:10C7F0002046FFF747FF18B12046FFF738FF20BB60
:10C800000023CDE900338DF80E308DF80F300DF197
:10C810000F0243460DF10E013046FFF7D0FE04EB48
:10C820004502938A23F0020343F0010393827B685D
:10C830009BB33146204693F80080D3F80490FFF76D
:10C8400021FF28B1B9F1000F1FD06FF0150027E0CC
:10C8500004EB4500838A23F4604323F020038382A2
:10C86000B9F1000F11D0B8F1030FEED87B68216841
:10C870005B6893F800C04FEA8C031944B8F1000FCD
:10C8800011D1C1F81085C1F8108504EB4502938AD7
:10C8900023F01C0343EA88039382BB6843BB002058
:10C8A00005B0BDE8F083D1F8102522F00302C1F8ED
:10C8B000102522681344D3F8102522F44F3222F4B5
:10C8C0004072C3F810253202D3F8101502F47C52DE
:10C8D00042EA08420A43C3F8102504EB4C03A3F8CC
:10C8E0007060838A43EA4C3343F020038382CCE7B1
:10C8F000D3E9007831462046FFF7F8FE002FCED06E
:10C9000063689F4206D004F16C00FFF7CBFD00285E
:10C9100004DAC5E7A3689845F5D1002004EBC0030D
:10C92000C3E9017804EB4505C0B2AB8A43EA402372
:10C9300043F48073AB82B2E72DE9F043054685B03E
:10C94000084616461F46FAF71DFE0C46804626B3DB
:10C950002846FFF797FE18B92846FFF788FE18BB50
:10C9600005EB4809B9F8143003F01C0313B17378D0
:10C97000012B19D001238DF80F300023CDE900637E
:10C98000721CB31C0DF10F012046FFF718FEB9F819
:10C99000143043F00303A9F81430002F3FD0214690
:10C9A0002846FFF76FFE20B96FF0150005B0BDE80F
:10C9B000F0833E782B6803EB86030022C3F8102532
:10C9C000C3F8102505EB48024FEA860C938A23F43E
:10C9D000604323F020039382787800B32968BF78FE
:10C9E00061440004D1F8103523F4991323F4F8536B
:10C9F000C1F81035230200F4403003F47C530343A4
:10CA00003805D1F8105500F4801003432B43C1F8CA
:10CA10001035938A43EA463343F020039382002083
:10CA2000C4E7C0E90312704770B504461546FFF726
:10CA30001EFE48B10846FAF7A5FD04EB40040020AD
:10CA4000A38A5B0B2B7070BD6FF01500FBE738B548
:10CA500090F8804005469CB954222146143001F0DC
:10CA6000FEF82868C0F87C41D0F87C3140F30730EC
:10CA7000F7F736FD012385F88030EB66204638BD98
:10CA80006FF07700FBE790F88000003818BF0120B6
:10CA90007047FAF7B1BD2DE9F34104461746FFF799
:10CAA000E6FD0D462668F0B12046FFF7EBFD804617
:10CAB000C8B92046FFF7F1FD820002F5807346F801
:10CAC0000380F35823681344D3F8102542F0010281
:10CAD000C3F8102527B1226801238340C2F804332C
:10CAE00002B0BDE8F081D6F80433002BA4BF4FF0AC
:10CAF0000043C6F804332846FAF744FD04EB40042B
:10CB0000A38AC3F38203042B12D0052B12D001A8F1
:10CB10000195FAF727FD019BD0F81015D94001F0D7
:10CB200001010231284602B0BDE8F041FFF790BD97
:10CB30000321F7E70221F5E7FFF729BE4FF0805305
:10CB40001A695869504370474FF08053186970470D
:10CB50004FF080535869704700F180431A68002AEB
:10CB60001FBF00221A601B68012008BF0020704709
:10CB70004FF080434FF46072C3F8042370474FF0C6
:10CB800080434FF46072C3F80823704708B5FAF782
:10CB9000CDFEBDE80840FFF7D2BC30B5026A0346BF
:10CBA000D2E9014084424FF0000002D30123D36058
:10CBB00030BD1874506801305060186A4268541EC5
:10CBC0000268242505FB042218465C1950F8045B12
:10CBD00042F8045BA042F9D199600120E8E7F0B582
:10CBE000064604460F4694460FCE8BB001AD0FC5E6
:10CBF0000FCE0FC5216A33684A682B6022B9022321
:10CC0000CB6000200BB0F0BDFB072068A56813D5F2
:10CC10000B682426013A06FB02337E0703D41A7CF4
:10CC20000AB10F23ECE7224603F1240153F8046B09
:10CC300042F8046B8B42F9D1B90741BF226A5368AD
:10CC400003F1FF335360AC4505D2236A002BD8D0E3
:10CC50000422DA60D5E77A0748BF20603B0701D499
:10CC60000120CFE706AB93E80700143484E80700FF
:10CC7000F6E710B502601A44029B836001294FF069
:10CC80000003C26003740375836101D8036210BDA1
:10CC900024224A43243A841804628350026A8C1E78
:10CCA0009460026A5360026AD360026A1374026A73
:10CCB000022953741EBF036A24301860E7E718285E
:10CCC00071F100030ED3B0F5807F71F100030BD337
:10CCD000B0F5803F71F1000308D3002914BF09208B
:10CCE00005207047012070470220704703207047DD
:10CCF00037B508294FF000044FF00005CDE9004595
:10CD00000A460AD80146684600F082FFDDE90001C4
:10CD100003B0BDE83040FFF7D2BF002003B030BD04
:10CD200000B1C1607047436803608368013383606A
:10CD3000006AFFF7F5BF08B50268C3689A4205D3D9
:10CD4000006A0821FFF7ECFF002008BD0120FCE786
:10CD500038B504460D46FFF7EEFF40B123681B7857
:10CD6000B5EB531F04D0206A0A21FFF7D9FF00203A
:10CD700038BD10B50446FFF7DEFF38B123681A78D6
:10CD8000FF2A05D0206A0A21FFF7CAFF002010BD44
:10CD900001332360FBE710B5027D044632B1FFF793
:10CDA000E8FF48B1002323754FF0FF3220460721EA
:10CDB000BDE81040FFF713BF10BD2DE9F84F044642
:10CDC0000E4691461D46FFF7B6FF804628B1A36880
:10CDD00043B90321206AFFF7A3FF4FF00008404644
:10CDE000BDE8F88F2268177807F01F0BBBF11F0F03
:10CDF00012D1FDB1206A18B1037C0BB11521EAE70D
:10CE000001232B7000252368636001352B442360C8
:10CE1000A368013BA360E2E7BBF1170F0CD9ABF1AC
:10CE20001803D9B2032905D801259D40A94504D28C
:10CE30000521CFE70721CDE70025E36805F1010AC9
:10CE40005244934201D20821C4E74A4600213046A9
:10CE500000F005FF15B986F800B0D3E72268711E0F
:10CE6000531913F8010901F8010F9342F9D1236A0C
:10CE7000002BC8D01B7C002BC5D00737FFB2022F78
:10CE8000C1D949463046FFF733FF8245BBD0152153
:10CE9000A0E738B50C4611460546FFF759FF08B91B
:10CEA000002038BD04220023A1182846FFF785FF83
:10CEB0000028F5D02B682360F3E737B5002304463C
:10CEC0008DF80330FFF744FFA8B104220DF10303EE
:10CED0000DEB02012046FFF770FF60B19DF8035093
:10CEE00065B901992046FFF758FE50B96368236081
:10CEF000A3680133A360002003B030BD6FF00F01C1
:10CF0000F0E72575F8E738B504460D46FFF7C1FF91
:10CF100048B12268E3689B1A6A689A4204D90821DA
:10CF20002046FFF700FF002038BD70B50D460021F8
:10CF300004461646FFF70CFF38B132462946204614
:10CF40000023BDE87040FFF738BF70BD0422FFF733
:10CF5000ECBFFFF7FBBF38B5022204460D46FFF7D2
:10CF6000D2FF18B123686A681344236038BD38B50E
:10CF7000032204460D46FFF7C6FF18B123686A680E
:10CF80001344236038BD10B505210446FFF795FF13
:10CF900050B1237D4BB9A3686FF00042934205D393
:10CFA00005212046FFF7BFFE002010BD5B00A360F7
:10CFB000FBE7037D23B98068B0FA80F04009704731
:10CFC0000368C268934205D21878A0F1FF03584263
:10CFD0005841704700207047FFF7DDBE38B50D4659
:10CFE00006210446FFF7B4FE08B9002038BD00232F
:10CFF000042229462046FFF7E0FE0028F5D0A3686A
:10D000000133A360F2E7F0B58FB00446FFF793FE5B
:10D0100000285DD023681D7800220023CDE902237B
:10D020006D09234605AA04F12007186859681646B9
:10D0300003C60833BB423246F7D118683060062D6C
:10D040001CD02A1F0023012A4FF008028DF804305B
:10D050000DEB020198BF01AB05A8FFF7AEFE064637
:10D06000002835D0042D3BD019D8023D012D21D9FF
:10D07000059B2360A368013BA3602AE001A905A8E2
:10D08000FFF7ACFF20B3059B089A934204D3082115
:10D09000206AFFF745FE1BE01D786D09CFE7052DDF
:10D0A000E6D1DDE90232B3F1004F72F1000113D392
:10D0B0002946EDE7E3682168029A5B1A9A4203D891
:10D0C000059B13440593D3E708212046FFF72BFE69
:10D0D000002630460FB0F0BDDB185241CDE90232D8
:10D0E0009DF8045025B16FF00F020023CDE9022313
:10D0F000029B07938DF8285005A8FFF75AFF0146B9
:10D1000038B1002DB4D005A8FFF733FE0028AFD109
:10D11000DEE705A8FFF777FF0028EDD1D8E7FFF796
:10D12000A8BD00B1C160704710B50368C468A342D0
:10D1300005D3006A0821FFF7F4FF002010BD02F0BC
:10D140001F0242EA41111970036801330360012094
:10D15000F4E770B505460E46104619461446FFF72B
:10D16000C7FD2246431E31462846BDE87040FAF707
:10D170002DBCF8B51746C36802689A4204460D46AE
:10D1800006D3206A0821FFF7CCFF00263046F8BD01
:10D190009B1A4A689A42F4D80E4656F8043B53B19B
:10D1A00004213046FFF7A4FD6A6823681344E2684F
:10D1B00003449A42E5D33246042339462046FFF71A
:10D1C000C8FF06460028E0D020682968884202D0BF
:10D1D0006A6800F02BFD23686A6813442360D5E772
:10D1E000082A73B513460C4606D9006A0521FFF7D5
:10D1F00098FF002002B070BD8E1816F9012C002A8D
:10D200000FDA0A466C466946B24204D10121224631
:10D21000FFF79FFFEEE712F8015BED4301F8015BBA
:10D22000F2E70021F3E713460A460021FFF791BF1A
:10D2300007B5042201910DEB0201FFF7D1FF03B006
:10D240005DF804FB07B5042201910DEB0201FFF725
:10D25000EAFF03B05DF804FB0222FFF78ABF032256
:10D26000FFF787BF07B5CDE900126946FFF7F4FF66
:10D2700003B05DF804FB07B5CDE900126946FFF77E
:10D28000EEFF03B05DF804FB1F220421FFF74CBF43
:10D290001F220521FFF748BF1F220721FFF744BFC8
:10D2A000FFF7FABF1FB50024CDE90144069C0094A6
:10D2B000FFF7DFFC04B010BD08B1F7F7C5BB70473E
:10D2C00010B5436904463BB90020E268537843F047
:10D2D00001035370404210BD98470028F4D0002845
:10D2E000B8BF4042E368FF28A8BFFF201870ECE7F2
:10D2F00040B1C368587810F001001EBF1878B0FA2A
:10D3000080F040097047EFF31183202383F31288E4
:10D31000BFF36F8FFEE708B5FFF7F5FF10B5426961
:10D320006AB1836842EA0301890708D10169A2FB57
:10D33000011424B95B182CBF0121002102D36FF026
:10D34000150005E0C1609B1A02698A4201D80020DD
:10D3500010BDC2681A604269C36001319B1AF3E7CD
:10D360002DE9F04105460F46EFF31188202383F3A2
:10D370001288BFF36F8FC668F6B90468A0421BD04D
:10D38000D4B1D4E9003213605A60237CA66023F044
:10D3900002032374C4E9006604F1180000F070FA77
:10D3A0002046A667676100F075F9414605F108005F
:10D3B000BDE8F04100F0C8B93E60AB69EF60013BE9
:10D3C000AB6188F31188BFF36F8FBDE8F08108B5BA
:10D3D0002024EFF3118384F31288BFF36F8FFEF7DD
:10D3E00050FDF6E790F90E308B4201D0FBF7CEB836
:10D3F0000020704703460020C3E90200C3E9003360
:10D400007047D0E9003213605A60027C002322F09A
:10D410000202C0E900330274836070472DE9F843CB
:10D42000904604469DF820200D46EFF311872021F9
:10D4300081F31288BFF36F8F02B14568A66804F1CB
:10D440000809B14515D0A6B13046FFF7DAFF002430
:10D4500006F1180000F014FA3046B467C6F81480DC
:10D4600000F018F94846394600F06EF92046BDE84C
:10D47000F883A3B10820FBF765FD002832D0012214
:10D48000C0F804800260016801F003015DB9226800
:10D490000A430260626820606AB960600BE0C8F805
:10D4A00000304046EFE72A68032A10D8016061681F
:10D4B00039B9C4E90000002087F31188BFF36F8FEA
:10D4C000D5E70A6802F0030202430A60E5E722F0AA
:10D4D00003020A4302602A6802F0030240EA0203E0
:10D4E0002B60E8E76FF00B00E6E710B5044630B1BB
:10D4F0000268930703D0446809B100F0FCF92046A4
:10D5000010BD07B50123009300230A461946FFF713
:10D5100085FF03B05DF804FB3AB18A4205D3C0E948
:10D520000212C0E90000002070476FF0150070473C
:10D53000026801238B4022EA0303036022FA01F010
:10D5400000F00100704720B1002211468C3000F03D
:10D550005EB9704773B50446EFF31185202383F35A
:10D560001288BFF36F8F00230193D0E90423B3F136
:10D57000004F08BF012A05D085F31188BFF36F8FD4
:10D5800002B070BDA0F1100603210438FFF7D0FFF0
:10D590000028F1D0A369019301A93046FAF7B4FD40
:10D5A000EAE738B504460D461022002100F057FB8B
:10D5B000656038BD13B501900846EFF31184202350
:10D5C00083F31288BFF36F8F01A9FAF79DFD84F3EF
:10D5D0001188BFF36F8F02B010BD10B5FFF7EAFFDF
:10D5E000041E08DDEFF31180202383F31288BFF3BC
:10D5F0006F8FFBF737F8204610BD38B53022044650
:10D600000D46002100F02BFB4FF480736560E36052
:10D6100038BDEFF30580003818BF012070476FF068
:10D6200057007047D0E9003213605A600023C0E908
:10D630000033704708B5FFF7F5FF037C23F00203C2
:10D6400003740023836008BD38B504460D46FAF71D
:10D65000F9FE237C43F002032374D5B1A5602B6847
:10D660009D4209D16B68C4E900531C606C6010E0F6
:10D670006A689A42F6D01B68002BF3D093F90E101B
:10D6800094F90E209142F3DD5A68C4E90032146027
:10D690005C6038BD10B5EFF31184202383F312884A
:10D6A000BFF36F8FFAF78EFE84F31188BFF36F8F8D
:10D6B00010BD08B5EFF31181202282F31288BFF369
:10D6C0006F8F83680BB1FFF7B5FF81F31188BFF34C
:10D6D0006F8F08BD08B5037C13F0280F01460CD1ED
:10D6E00083680BB1FFF7A6FF0B7C23F004030B74D8
:10D6F0000846BDE80840FAF765BE08BD10B5EFF36F
:10D700001184202383F31288BFF36F8F1838FFF73B
:10D71000E1FF84F31188BFF36F8F10BD08B5034696
:10D72000EFF31181202282F31288BFF36F8F00681C
:10D73000834207D008B1FFF77DFF81F31188BFF363
:10D740006F8F08BD0020F8E70846FAF7B3BE38B57A
:10D7500004680546AC424FF0000000D138BD002CF3
:10D76000FCD02046FFF766FF04F1180000F088F8AF
:10D770002046FAF727FE2C680120A542EDE710B5F8
:10D78000EFF31184202383F31288BFF36F8FFFF729
:10D79000DEFF84F31188BFF36F8F10BD38B50C46E0
:10D7A0000546FAF7FBFFB4F1FF3F08BFB5F1FF3FB5
:10D7B0001FBF47F6FF7300224FF47A71E0FB01327E
:10D7C0001ABFD80B40EA42404FF0FF3038BD38B5A1
:10D7D0000446EFF31185202383F31288BFF36F8F84
:10D7E000037C5B070ED5183000F04AF8237C23F049
:10D7F000040320462374FAF7E5FD2846BDE83840C7
:10D80000FAF758BE85F31188BFF36F8F38BD38B56E
:10D81000EFF31185202383F31288BFF36F8F046821
:10D82000A04212D09CB1A16762612046FFF702FFBF
:10D8300004F1180000F024F82046FAF7C3FD012097
:10D8400085F31188BFF36F8F38BD0020F8E72046BD
:10D85000F6E708B50246FBF731F970B1D0E90431BB
:10D860009B1A61EBE272B3F1004F72F1000104DA2E
:10D87000002AACBF1846002008BD6FF00040FBE74F
:10D8800038B50246EFF31185202383F31288BFF3E6
:10D890006F8F0368D3B1FBF711F904461046FBF70D
:10D8A0001FF900224FF000438442C0E9042305D051
:10D8B000002085F31188BFF36F8F38BDFBF706F9A1
:10D8C000FFF7C7FF0021F9F743FBF1E7D0E90413A5
:10D8D000B3F1004F08BF012904D100204FF00041EF
:10D8E000C2E904016FF01500E3E708B5FBF700FAA1
:10D8F00008BDFBF7FDB920B1011F50F8040C00F082
:10D900000AB87047704710B400F10C04C0E9034432
:10D9100010BCFDF719BE38B50446EFF3118520237E
:10D9200083F31288BFF36F8FFDF788FD04F10C00BD
:10D93000FFF725FF30B1294604F11400BDE8384057
:10D94000FFF702BF85F31188BFF36F8F38BD10B1A9
:10D9500009B100F02EB86FF08600704730B420B1E6
:10D9600019B113B130BC00F02DB86FF0860030BC97
:10D97000704708B100F032B86FF086007047B0F120
:10D98000804F08B503D1FBF7ABFB002008BD6FF05B
:10D990008500FBE700F000B80020704710B4446831
:10D9A000240A02D110BC00F034B86FF0860010BC1D
:10D9B000704703681C2B02D10830FBF7E3BB6FF004
:10D9C0008800704710B404681C2C03D110BC0830C8
:10D9D000FBF7E8BB6FF0880010BC704703681C2B96
:10D9E00002D1083000F00EB80020704782B000234A
:10D9F00001901A468B4201D102B070470198C2547F
:10DA00000133F7E708B5E022002100F028F90020F3
:10DA100008BDF0B4048844F2010724F44054BC4229
:10DA2000DDE9085604D1CDE90656F0BCFBF7A0BDF0
:10DA30006FF08500F0BC7047F0B516688E421DD2BD
:10DA4000845D812C06F101050AD1A94216D9445DF5
:10DA5000B51C6019884211D8156000201C60F0BD0B
:10DA6000822C09D14C1EAC4208D9475D3044F51CCC
:10DA7000847804EB0724ECE77F2CEAD96FF086006A
:10DA8000EDE7F7B51F461B68089E93420C46054616
:10DA9000114603D36FF0860003B0F0BD5A1CE35C5F
:10DAA0000092022BF6D101AB6A462046FFF7C4FF75
:10DAB0000028EFD1019A002AECD000992980531850
:10DAC0006A803B6014F901C0635C4F1CBCF1000F1D
:10DAD0000097DFDB012A07D033B9E35D013A023159
:10DAE00001920091002BD5D046B1032AD2D8009FD5
:10DAF00019463C440127974206D33160D2000AB14F
:10DB0000190607D5AA80C7E714F801CB01370CEB3B
:10DB10000121F0E75B00013ADBB2F0E72DE9F041CB
:10DB200096B014468846ADF848001A46214608A823
:10DB3000DDE91C751E9EFBF753FB20B16FF08600DC
:10DB400016B0BDE8F081B8F5006F35D1002F36D0A2
:10DB5000BDF844300793BDF84230BDF82A20234475
:10DB60000693BDF83E300593BDF83C302344049342
:10DB7000BDF838300393BDF8363023440293BDF826
:10DB800032300193BDF83030234400932244BDF875
:10DB90002C3031463846FBF783FD55B1BDF82420C3
:10DBA000089B00932244BDF8263031462846FBF7F7
:10DBB00069FD0028C4D0C1E76FF08500C0E7002DE3
:10DBC000ECD1BBE730B503460244002013F8014B0B
:10DBD00011F8015B934284EA050440EA0400F5D1A0
:10DBE00030BD03460144002013F8012B8B4240EA6C
:10DBF0000200F9D1704730B50B4411F8014B12F80F
:10DC0000015B994284EA050400F8014BF5D130BD6F
:10DC10000A44914200F1FF3300D1704710B511F86A
:10DC2000014B03F8014F9142F9D110BD884210B564
:10DC300001EB020402D98442234607D8431EA142C5
:10DC400007D011F8012B03F8012FF8E702448242B4
:10DC500000D110BD13F8011D02F8011DF7E70244C1
:10DC60000346934200D1704703F8011BF9E710B552
:10DC700001390244904201D1002005E0037811F8F7
:10DC8000014FA34201D0181B10BD0130F2E7F0B5DF
:10DC9000C2F137050446EDB202F01F020846B4FB9C
:10DCA000F2F602FB1641CBB2092988BF5B19274661
:10DCB00088BFDBB23033BA4200F8013B3446EED9BC
:10DCC000F0BDD1E9043293421EBF5A1C0A6118709C
:04DCD0007047000099
:08DCD400BC2EFF7F01000000DF
:10DCDC00394A0000000000000000000054DD000084
:10DCEC00897C000000000000558F0000000000003F
:10DCFC000000000070DD0000000000008CDD000062
:10DD0C0000000000A8DD0000F16D00000000000024
:10DD1C009934000000000000798F00000000000022
:10DD2C0000000000C4DD0000054B000000000000F6
:10DD3C000DC300000000000000000000E0DD00004A
:08DD4C00C934000000000000D2
:10DD540019E9000010E10000D4DF0000EE0100200A
:10DD6400A81F00205D6200000000000042E90000DE
:10DD740028E1000094DF0000F2010020342000209C
:10DD8400356900000000000050E900003CE100009B
:10DD940094DF0000F40100204020002035690000D9
:10DDA40000000000FAE3000048030020F0DF000058
:10DDB400EC010020400000201932000000000000A7
:10DDC40028E90000000000007CDF0000F0010020D2
:10DDD4000000000071660000000000005EE9000021
:10DDE40000000000B8DF0000F60100204C200020F5
:08DDF4003D6B0000000000007F
:10DDFC008DCB00009BC400000000000067BE00003B
:10DE0C000000000067BE00000000000067BE0000BC
:10DE1C000000000067BE00000000000067BE0000AC
:10DE2C0040010020C3C200000000000067BE0000DB
:10DE3C000000000067BE00000000000067BE00008C
:10DE4C000000000067BE00000000000067BE00007C
:10DE5C00E0DD0000AD6A00000000000067BE0000BD
:10DE6C000000000067BE00000000000067BE00005C
:10DE7C000000000067BE000000000000816E000082
:10DE8C000000000067BE00000000000067BE00003C
:10DE9C000000000067BE00000000000067BE00002C
:10DEAC000000000067BE00000000000067BE00001C
:10DEBC000000000067BE00000000000067BE00000C
:10DECC000000000067BE00000000000067BE0000FC
:10DEDC000000000067BE00000000000067BE0000EC
:10DEEC000000000067BE00000000000067BE0000DC
:10DEFC000000000067BE00000000000067BE0000CC
:10DF0C000000000067BE00000000000067BE0000BB
:10DF1C000000000067BE00000000000067BE0000AB
:10DF2C000000000067BE0000655900009BC40000A3
:10DF3C000000000067BE00000000000067BE00008B
:10DF4C000000000067BE00000000000067BE00007B
:10DF5C000000000067BE00000000000067BE00006B
:10DF6C000000000067BE00000000000067BE00005B
:10DF7C00EFC10000FD6600009966000069660000B4
:08DF8C00BBC100005966000052
:10DF94006567000017C2000025C200003DC20000F2
:10DFA40049C2000055C20000716900006FC2000040
:04DFB4000000000069
:10DFB800000000000000000000000000C56A00002A
:0CDFC800816A0000000000000000000062
:10DFD400B962000057C00000BDC00000000000008E
:0CDFE400F5BF000000000000000000007D
:10DFF000FFBC0000A532000000000000D13000008E
:10E00000B7BC0000B130000063BB00006DBB000076
:10E01000913000008DBB00000000000097BB0000A5
:10E020000000000000000000A5BB000011BD0000C2
:0CE03000BDBB0000F7BB0000C5BB00003A
:10E0400000C2010000000800000000000000000005
:10E050000338FDD870470000A535000041BD000021
:10E06000010000000200000001000000B2E2000018
:10E0700084E0000001000000020000000100000038
:10E08000020000000E01000000200040008002405D
:10E0900004000000000000000000000000800100FB
:10E0A000C4DD0000010000000080010000E002006B
:10E0B000C4DD0000020000000060040000E0020077
:10E0C000C4DD0000030000000040070000C00000A5
:10E0D000C4DD0000000000204000000000000B062E
:10E0E00002000000E8E0000000000000F6E8000088
:10E0F0002400020200000020FEE8000020000B11B6
:10E100009D4C000019620000E96100000000000061
:10E110009D630000E9620000F1C00000E3C0000060
:10E120000400000000FF0000FF0300000003005097
:10E13000400100200000000001000000FFFFFFFF81
:10E14000000000504001002000000000000000001E
:10E1500001000000020000000800000003000000B1
:10E16000DCDC0000DCDC000014DD00001CDD000055
:10E170004CDD000054DD000071E9000000010000EA
:10E1800000000000982F8A4291443771CFFBC0B540
:10E19000A5DBB5E95BC25639F111F159A4823F9272
:10E1A000D55E1CAB98AA07D8015B8312BE853124CB
:10E1B000C37D0C55745DBE72FEB1DE80A706DC9B8C
:10E1C00074F19BC1C1699BE48647BEEFC69DC10F38
:10E1D000CCA10C246F2CE92DAA84744ADCA9B05C74
:10E1E000DA88F97652513E986DC631A8C82703B037
:10E1F000C77F59BFF30BE0C64791A7D55163CA0645
:10E2000067292914850AB72738211B2EFC6D2C4D50
:10E21000130D385354730A65BB0A6A762EC9C2813E
:10E22000852C7292A1E8BFA24B661AA8708B4BC2D4
:10E23000A3516CC719E892D1240699D685350EF4FE
:10E2400070A06A1016C1A419086C371E4C774827B5
:10E25000B5BCB034B30C1C394AAAD84E4FCA9C5B2B
:10E26000F36F2E68EE828F746F63A5781478C8847C
:10E270000802C78CFAFFBE90EB6C50A4F7A3F9BE5E
:10E28000F27871C601000200100011001200200097
:10E29000210022002300240030003100320033002E
:10E2A000FFFF77C295F360D2EF7F3552500F2CB647
:10E2B00079803082010A0282010100D106081A1811
:10E2C000442C18E8FBFDF70DA34F1FBBEE5EF9AA27
:10E2D000D24B18D35AE96D188019F9F09C341BCB36
:10E2E000F3BC74DB42E78C7F10537E435E0D572CEA
:10E2F00044D167080F0DBB5CEEECB399DFE04D84B1
:10E300000BAA774160ED152849A701B43C10E669D6
:10E310008C2F5FAC414D9E5C14DFF2F8CF3D1E6F39
:10E32000E75BBAB4A9C8887E473C94C37767544B6F
:10E33000AA8D3835CA62617EB7E115DB7773D4BE2A
:10E340007B7221896924FBF8656E643EC80ED7850F
:10E35000D55C4AE4530D2FFFB7FDF31339833FA378
:10E36000AED20FA76A9DF9FEB8CEFA2ABEAFB8E0CA
:10E37000FA823754F43EE12BD0D3085818F65E4C9D
:10E38000C8888131AD5FB08217F28A692723F3AB69
:10E39000873E931A1DFEE8F81A246659F81CABDC78
:10E3A000CE681B666435ECFA0D119DAF5C3AA7D1BF
:10E3B00067C647EFB14B2C62E1D1C90203010001EE
:10E3C0004661696C656420746F207265626F6F745A
:10E3D0003A207370696E6E696E6720656E646C6555
:10E3E00073736C792E2E2E0A003031323334353669
:10E3F0003738394142434445460070412D436F6EE2
:10E400007665727465722056352E3120534D50005A
:10E41000757362776F726B71002A2A2A20426F6FC0
:10E4200074696E67204D4355626F6F742076322E8B
:10E43000332E302D6465762D633164326431323889
:10E4400061303031202A2A2A0A002A2A2A205573CC
:10E45000696E67206E524620436F6E6E656374204E
:10E4600053444B2076332E342E302D393935353305
:10E4700030353536303762202A2A2A0A002A2A2ADD
:10E48000205573696E67205A6570687972204F5302
:10E490002076342E342E302D626638303165346566
:10E4A00033643139202A2A2A0A00726300696D61B7
:10E4B00067650064617461006C656E006F6666007C
:10E4C000696D6167657300736C6F74006861736870
:10E4D0000076657273696F6E002568752E25687504
:10E4E0002E256875002E25750072302F61313A2077
:10E4F00020307825303878202072312F61323A2050
:10E5000020307825303878202072322F61333A203D
:10E51000203078253038780A0072332F61343A2061
:10E5200020307825303878207231322F69703A20C7
:10E5300020307825303878207231342F6C723A20B0
:10E54000203078253038780A0020787073723A20AD
:10E55000203078253038780A004661756C74696E11
:10E560006720696E737472756374696F6E2061647D
:10E57000647265737320287231352F7063293A20D5
:10E580003078253038780A00556E68616E646C65A5
:10E5900064204952516E3A2025640A002A2A2A2A08
:10E5A0002A204D5055204641554C54202A2A2A2ACB
:10E5B0002A0A002020537461636B696E67206572BC
:10E5C000726F722028636F6E746578742061726553
:10E5D00061206D69676874206265206E6F742076B3
:10E5E000616C6964290A002020556E737461636B45
:10E5F000696E67206572726F720A00202044617430
:10E6000061204163636573732056696F6C6174693F
:10E610006F6E0A0020204D4D4641522041646472C5
:10E620006573733A20307825780A002020496E738C
:10E630007472756374696F6E2041636365737320D0
:10E6400056696F6C6174696F6E0A002020466C6FAA
:10E650006174696E672D706F696E74206C617A7970
:10E66000207374617465207072657365727661746D
:10E67000696F6E206572726F720A002A2A2A2A2A2E
:10E68000205553414745204641554C54202A2A2ABB
:10E690002A2A0A0020204469766973696F6E206215
:10E6A00079207A65726F0A002020556E616C696767
:10E6B0006E6564206D656D6F72792061636365734B
:10E6C000730A0020204E6F20636F70726F63657352
:10E6D000736F7220696E737472756374696F6E7391
:10E6E0000A002020496C6C6567616C206C6F616466
:10E6F000206F66204558435F52455455524E20695D
:10E700006E746F2050430A002020496C6C6567616D
:10E710006C20757365206F662074686520455053C2
:10E72000520A002020417474656D707420746F204B
:10E730006578656375746520756E646566696E6578
:10E740006420696E737472756374696F6E0A002A4F
:10E750002A2A2A2A20425553204641554C54202A21
:10E760002A2A2A2A0A002020537461636B696E6783
:10E77000206572726F720A0020205072656369739F
:10E7800065206461746120627573206572726F72B6
:10E790000A0020204246415220416464726573732E
:10E7A0003A20307825780A002020496D7072656320
:10E7B000697365206461746120627573206572728B
:10E7C0006F720A002020496E737472756374696FEA
:10E7D0006E20627573206572726F720A00526573E3
:10E7E000657276656420457863657074696F6E2024
:10E7F000280053707572696F757320696E74657245
:10E800007275707420284952512000535053454C62
:10E8100020696E20746872656164206D6F64652084
:10E82000646F6573206E6F7420696E6469636174D0
:10E8300065205053500A002A2A2A2A2A2048415289
:10E8400044204641554C54202A2A2A2A2A0A0020CC
:10E8500020427573206661756C74206F6E2076653A
:10E8600063746F72207461626C6520726561640A02
:10E870000020204465627567206576656E740A0025
:10E8800020204661756C7420657363616C617469E6
:10E890006F6E20287365652062656C6F77290A00AA
:10E8A000415243485F455843455054207769746846
:10E8B00020726561736F6E2025780A0A002A2A2A61
:10E8C0002A2A204465627567206D6F6E69746F72C5
:10E8D00020657863657074696F6E202A2A2A2A2A57
:10E8E0000A002A2A2A2A2A20257320256429202A78
:10E8F0002A2A2A2A0A00464C4153485F30005352C4
:10E90000414D5F300061626F727428290A0075738F
:10E9100062645F776F726B7100636C6F636B40341E
:10E920003030303030303000666C6173682D636F8A
:10E930006E74726F6C6C657240343030316530309B
:10E9400030006770696F4035303030303330300020
:10E950006770696F4035303030303030300074656A
:10E960006D70403430303063303030006D61696E2E
:10E9700000737973776F726B7100286E756C6C29F8
:10E98000007F7F7F7F7F7F7F7F7F7F7F7F7F7F7F16
:10E990007F7F7F7F7F7F7F7F7F7F7F7F7F7F7F7F87
:10E9A0007F7F7F7F7F7F7F7F7F7F7F7F3E7F7F7FB8
:10E9B0003F3435363738393A3B3C3D7F7F7F407FA7
:10E9C0007F7F000102030405060708090A0B0C0DEE
:10E9D0000E0F101112131415161718197F7F7F7F51
:10E9E0007F7F1A1B1C1D1E1F202122232425262762
:10E9F00028292A2B2C2D2E2F303132337F7F7F7FF9
:10EA00007F4142434445464748494A4B4C4D4E4F4F
:10EA1000505152535455565758595A616263646560
:10EA2000666768696A6B6C6D6E6F7071727374750E
:10EA3000767778797A303132333435363738392B46
:10EA40002F01000200040104030402040104010474
:10EA50000301040304010400202A2A2A2A2A2A2A5C
:10EA60002A2A2A2A2A2A2A0001010202030303036E
:10EA700010141400001C2030401C2000001C20300A
:10EA8000400040000000000000000006092A8648FF
:08EA900086F70D0101010500EC
:10EA98002DE9F041036883F30888002383F3148881
:10EAA800BFF36F8FBFF36F8FDFF818C0064FD0F832
:10EAB80004E0A7EB0C074FF0005870460047BDE88C
:10EAC800F08100BF0000002040000020000000008E
:10EAD800000000000000000000000000000000002E
:10EAE800000000000000000000000000000000001E
:10EAF800000000000000000000000000000000000E
:10EB080000000000000000000000000000000000FD
:10EB180000000000000000000000000000000000ED
:10EB280000000000000000000000000000000000DD
:10EB380000000000000000000000000000000000CD
:10EB480000000000000000000000000000000000BD
:10EB58000000000000000000000000001401002078
:10EB68000001002000C201000000080000000000B1
:10EB7800000000000000000000000000000000008D
:10EB880001000000FFFFFFFFCBB5000094E000008C
:10EB9800406D0020000000000000000000000000A0
:10EBA8000004000040710020000000000000000088
:10EBB8000000000000040000C531000080000000D3
:10EBC800A52E000000000000A52E00008000000017
:10EBD800006000400000000000000000000000008D
:10EBE800000000000000000000000000000000001D
:10EBF800000000000000000000000000000000000D
:10EC080000000000000000000000000000000000FC
:10EC180000000000000000000000000000000000EC
:10EC280000000000000000000000000000000000DC
:10EC380000000000000000000000000000000000CC
:10EC480000000000000000000000000000000000BC
:10EC580000000000000000005965000000000000EE
:10EC6800000000000090D003FF00000090020000A8
:09EC7800E0010020E00100200190
:0FEC810000000000000000000000000000000084
:10EC90000000000000000000218D000000000000C6
:10ECA0000000000000000000100200201002002000
:10ECB000F5C000000000000000000000000000009F
:08ECC00000000000000000004C
:10ECC8003002002030020020C06A0020000000004E
:0CECD800200000001400000000000000FC
:10ECE4004C0200204C020020000000000000000044
:04ECF4000E0000000E
:10ECF8006002002060020020010000000100000006
:10ED080000000000000000007802002078020020C7
:10ED180012010002EF020140E32F00010404010286
:10ED2800030109020000000100C032080B000202C2
:10ED3800020000090400000102020000052400107E
:10ED4800010524010201042402020524060001072A
:10ED580005800310000A09040100020A00000007E8
:10ED68000580024000000705000240000004030976
:10ED7800040E035A45504859520000000000003460
:10ED88000370412D436F6E76657274657220563537
:10ED98002E31204D4355626F6F7400000000000053
:10EDA800000000000000000000000000000000005B
:10EDB80000000022033031323334353637383941D8
:10EDC80042434445460000000000000000000000E7
:07EDD8000000000000000034
:10EDE00000000000A302002045BB00001534000015
:10EDF000613100000000000000000000030000007E
:04EE000028010020C5
:04EE040015E015E020
:04000003000043E1D5
:00000001FF
