:10000000C03500204D53000087CC0000395300005C
:10001000395300003953000039530000000000003C
:100020000000000000000000000000002954000053
:100030003953000000000000515600003953000001
:10004000C9560000C9560000C9560000C956000034
:10005000C9560000C9560000C9560000C956000024
:10006000C9560000C9560000C9560000C956000014
:10007000C9560000C9560000C9560000C956000004
:10008000C9560000C9560000C9560000C9560000F4
:10009000C9560000C9560000C9560000C9560000E4
:1000A000C9560000C9560000C9560000C9560000D4
:1000B000C9560000C9560000C9560000C9560000C4
:1000C000C9560000C9560000C9560000C9560000B4
:1000D000C9560000C9560000C9560000C9560000A4
:1000E000C9560000C9560000C9560000C956000094
:1000F000C9560000C9560000C9560000C956000084
:1001000001F0FF01102A2BDB10F0070F08D010F8C8
:10011000013B013A8B422DD010F0070F42B3F6D1CC
:10012000F0B441EA012141EA014122F007047FF0E5
:1001300000070023F0E80256083C85EA010586EA3C
:10014000010685FA47F5A3FA87F586FA47F6A5FA78
:1001500087F68EB9EED1F0BC01F0FF0102F0070284
:1001600032B110F8013B013A83EA010313B1F8D12F
:100170000020704701387047002D06BF3546033810
:10018000073815F0010F07D1013015F4807F02BF49
:10019000013015F4C03F0130F0BC0138704700BF9A
:1001A0007BB972B90029BEBF00204FF0004106E0C4
:1001B00008BF00281CBF6FF000414FF0FF3000F077
:1001C00057B8ADF1080C6DE904CE002909DB002B0E
:1001D0001ADB00F057F8DDF804E0DDE9022304B093
:1001E0007047404261EB4101002B1BDB00F04AF8F5
:1001F000DDF804E0DDE9022304B0404261EB410197
:10020000524263EB43037047524263EB430300F0F7
:1002100039F8DDF804E0DDE9022304B0404261EB87
:1002200041017047524263EB430300F02BF8DDF8C5
:1002300004E0DDE9022304B0524263EB430370475C
:1002400053B94AB9002908BF00281CBF4FF0FF313D
:100250004FF0FF3000F00CB8ADF1080C6DE904CEA2
:1002600000F010F8DDF804E0DDE9022304B0704787
:10027000704700BF034613F8012B002AFBD1181A60
:10028000013870472DE9F0478C468E46089E15468A
:1002900004461946002B40F0D080724547D9B2FA87
:1002A00082F74FB1C7F120030EFA07FC20FA03F3DF
:1002B000BD4043EA0C0CBC404FEA154EA8B2BCFB53
:1002C000FEF8230C0EFB18CC08FB00F943EA0C43A4
:1002D000994528D9EB1808F1FF3204D2994502D983
:1002E000A8F102022B44A3EB0903A4B2B3FBFEFC6A
:1002F0000EFB1C330CFB00F044EA0344A04214D96B
:100300002C190CF1FF3304D2A04202D9ACF1020344
:100310002C44241A43EA02401EB1FC4000233460FE
:100320007360BDE8F0874246DDE76346F1E7002AE7
:1003300079D0B2FA82F3002B3FD01946C1F12003E5
:1003400002FA01F52EFA03F20EFA01FE20FA03F387
:1003500043EA0E034FEA154E00FA01F4B2FBFEFC2D
:10036000AFB20EFB1C201A0C0CFB07F842EA00424D
:1003700090455AD9AA180CF1FF3004D2904502D901
:10038000ACF102002A44A2EB08029BB2B2FBFEFCD5
:100390000EFB1C220CFB07F743EA02439F4246D99F
:1003A000EB180CF1FF3204D29F4202D9ACF10202E9
:1003B0002B44DB1B42EA004202E0AEEB02030122C7
:1003C0004FEA154EAFB2B3FBFEFC200C0EFB1C3304
:1003D0000CFB07F840EA034398452AD9EB180CF1C7
:1003E000FF3004D2984502D9ACF102002B44A3EBB4
:1003F0000803A4B2B3FBFEFC0EFB1C330CFB07F797
:1004000044EA0344A74216D92C190CF1FF3304D255
:10041000A74202D9ACF102032C44E41B43EA00409A
:100420000F46114678E71F2188E76046ABE7624632
:10043000BFE76046DBE76346EFE7734506D916B9C9
:10044000002108466DE7C6E9000EF9E7B3FA83F725
:1004500087B9734501D3824207D8841A6EEB030330
:1004600001209C461EB900215BE73846FAE7C6E941
:10047000004CF8E7C7F1200CBB4022FA0CF51D43F5
:1004800020FA0CF12EFA0CF30EFA07FE41EA0E01E7
:100490004FEA154900FA07F4B3FBF9F81FFA85FE95
:1004A00009FB18300B0C08FB0EFA43EA00439A458F
:1004B00002FA07F240D9EB1808F1FF3004D29A454E
:1004C00002D9A8F102002B44A3EB0A0389B2B3FBC3
:1004D000F9F809FB183308FB0EFE41EA03418E458B
:1004E0002CD9691808F1FF3304D28E4502D9A8F13E
:1004F0000203294443EA0040A0FB0298A1EB0E014D
:100500004145CE46434602D306D14C4504D2B9EB11
:10051000020E68EB05030138002EA4D0B4EB0E02E6
:1005200061EB030101FA0CFC22FA07F34CEA030326
:10053000F940C6E9003196E74046C5E74346D9E7AA
:1005400010B501210446A8B100200BF0B8FD01460A
:10055000202002F0DDF80146A8B9012108460BF081
:10056000AEFD0146202002F0D3F8014658B9074BF2
:100570001C7608E00BF0A3FD0146202002F0C8F82D
:1005800001460028EBD0084610BD00BF1017002020
:100590002DE9F04F0024DFF8B8B089B005460F46CA
:1005A00090462646A24695F82030A34204D8EEB9DC
:1005B000304609B0BDE8F08F05EB44090DF11E018E
:1005C00015F814008DF81EA08DF81FA00BF0FFFD8C
:1005D00099F8011015F8140002F09AF815F8142093
:1005E00038B11C48434639460CF0F0F96FF0040668
:1005F000DEE710460DF11F010BF0E9FD15F81420A0
:1006000018B1154843463946EEE74FF42073CDE95B
:1006100003B39DF81F30029399F801300193013420
:100620009DF81E300093E4B21346214695F8202031
:10063000384602F0B5FF18B1084859460CF0C6F923
:1006400099F801209DF81F309A4218BF0136AAE799
:10065000491900204CE2000080E200000FE6000093
:100660002DE9F04F4F4CA37F95B03BB1E37F2BB109
:1006700094F8203013B194F8213073B9E38B228CB5
:1006800013439BB213B1636A01336362454B00228B
:10069000DA831A8415B0BDE8F08F0BF021FD0B460C
:1006A0004149A68A91F81480A1681091E1681191DE
:1006B0003E49E78A096812913D49B4F818C091F89B
:1006C0000090616A13913B49B4F81AE091F800B0C8
:1006D00094F822100246D4E90005A0EB050A00298F
:1006E0005BD02169A48BCDF834B0CDE90E141399F9
:1006F000CDE90B911299CDE909E111990491109975
:10070000CDE90080CDE9077CCDE905A6CDE9025110
:1007100029480CF05BF9264B1B78002BB6D0214BF7
:10072000264C9E8ADD8AD3E90072A36ABF1A33B9C8
:10073000C4E90677276126846684A584E584676119
:100740000BF0CEFCA3699F42E369B8BFA7619F424B
:10075000238CC8BFE761B342638C88BF2684B34251
:10076000A38C38BF6684AB42E38C88BFA584013E6E
:10077000AB42B6B240F6FD7338BFE5849E42C4E991
:10078000020103D8013DADB29D4202D9012384F894
:100790002C30A36A0133A36278E74FF0FF310C4697
:1007A000A1E700BF0814002010170020A8160020A1
:1007B0004619002081130020B3E20000D813002066
:1007C00073B54378D32B064650D8CF2B50D9D13BA5
:1007D000022B51D8DFE803F002524E000025294CCD
:1007E00063199B7F0BB1FFF73BFF04EB4503B68812
:1007F0009E82002002F06EF9042D16BF224B0322C8
:100800001A780146304602F0F7F962190123042DE7
:1008100044F82500937784F8233018D194F83020D9
:10082000AAB92569A5F68C22B2F5167F0FD92846FC
:1008300084F830300BF092FD03220192A28B0092DB
:10084000034640F6B832114829460CF0BFF8A37FA2
:100850004BB1E37F3BB194F8203023B194F82130C1
:100860000BB1FFF7FDFE012002B070BDE02B07D0F9
:100870000020F9E70225B2E70325B0E70125AEE73E
:100880000425ACE708140020811300205AE300007F
:10089000F0B58DB015461E46002304468DF82A306B
:1008A0008DF82B30ADF82C3028460F460DF12B0378
:1008B00001210DF12A020BF06EFE9DF82A10204650
:1008C00001F026FF78B1244B02930023CDE90033D9
:1008D00022490396012218460BF010FC6FF0040425
:1008E00020460DB0F0BD9DF82B10384601F010FFEA
:1008F0000028E8D1204602220BA901F041FF04465E
:100900000028E0D19DF82C209DF82A009DF82D109C
:100910009DF82B30904218D09DF82D3008939DF80B
:100920002C3007939DF82B3006939DF82A300B4905
:100930000396CDE904530A4B02930023CDE900331B
:10094000012218460BF0DAFBC8E79942E4D10BF01C
:100950002EFEA842C4D0DFE7A6E3000004DD0000BD
:10096000C1E300001FB5012108460BF0FEFD014662
:10097000832001F0CDFE044640B9064B06490090A5
:10098000CDE90103032203460BF0B8FB204604B077
:1009900010BD00BF12E4000004DD000010B50146E8
:1009A000044600200BF013FC30B9044A2378117878
:1009B00003F003030B43137010BD00BF4819002060
:1009C0002DE9F04F8FB0002307468A468DF8373067
:1009D0000BF086FB05460DF137000E46FFF7DEFFF4
:1009E00050B14A490097096849482A4633460BF0F6
:1009F000EDFF0FB0BDE8F08FDFF818B19DF837308C
:100A00009BF80090DFF8108143EA0904C3F38002E9
:100A1000C4F3400113F004030A920B9104F00202A4
:100A200004F001040FD098F80030FF2B0ED00133F2
:100A3000DBB2012B88F8003008D1A2B1374B1B780C
:100A400063B9E4B925E088F80030F6E7334B1B784A
:100A5000002BF2D0324B0121197012B1314B01221F
:100A60001A70B4B103E0A4B12C4B1B783BB12E4BF0
:100A70002E4801221A70254B19680BF0A7FF2C4B4A
:100A800002930023CDE900332A49012218460BF0D6
:100A900035FB9DF83730DFF8A0C0284ABAF1000FC7
:100AA00011D19CF8001099420DD1B9F1000F0AD173
:100AB000D2E9000147F2305E281A66EB0101704569
:100AC00071F1000195DBC2E90056144A8CF8003040
:100AD00009971278089298F800200792C3F38012C1
:100AE0000692DA09CDE904420B9A03920A9A074961
:100AF0000093CDE901923346096811482A460BF06C
:100B000065FF00238BF8003073E700BFA8160020B4
:100B10002DE400004819002045190020CB1B0020BF
:100B20004419002043190020CA1B002060E4000083
:100B300082E4000004DD000080130020D0130020B8
:100B40001FE500002DE9F04192B009AF224D234E80
:100B500023220446002138460CF0ACFED5F8008074
:100B60000BF0BEFA4FF4207307931D4B0696CDE9A8
:100B700004330023CDE901330246039700940B466A
:100B8000404602F027FC18B1164831460BF01EFF14
:100B90004FF420730093144A104B1149286802F057
:100BA000A9FC18B10D490F480BF010FF2046012198
:100BB000FFF706FF0D4B0E481A78029402F001036E
:100BC0000193C2F3400300932968C2F380030BF042
:100BD000FDFE12B0BDE8F081A816002049190020E2
:100BE000101700200FE60000AC1600208013002034
:100BF000B0E5000038B5064D01460446A8780BF074
:100C000048FC0146242001F083FD00B9EC7538BD95
:100C1000101700201FB5224C617D237DA1B9012B47
:100C200018D008460BF0A1FC0146832001F070FDAE
:100C3000237D012B0ED0022B1AD01A4B02930023D6
:100C4000CDE9003302221EE0012B03D00020FFF784
:100C5000D1FFEDE7C8230393134B02930023CDE9A3
:100C600000331249032218460BF048FA04B010BDB5
:100C70000020FFF765FC034640B10D4B02930023B3
:100C8000CDE9003301220949184605E0094A074920
:100C90000090CDE9010203220BF030FAE6E700BF35
:100CA0001017002050E7000013E6000004DD0000EC
:100CB0007CE600009FE60000F0B52E4B8DB00546A7
:100CC00000201C6901F006FF09AB024629462046B8
:100CD0000BF028FB78B1284B02930023CDE90033B9
:100CE00026490395012218460BF008FA6FF0150407
:100CF00020460DB0F0BD224BBDF82C206A216920A2
:100D0000FFF7C6FD10B16FF00404F1E71D4BBDF80D
:100D10002E206C216B20FFF7BBFD04460028F2D18A
:100D20000F200BF0FAF92046BDF82C6001F0D2FE3E
:100D3000014630460BF0E8FA06462046BDF82E7014
:100D400001F0C8FE014638460BF0DEFABDF82E3041
:100D50000693BDF82C3005930B4B08490094361AC6
:100D6000CDE90143CDE903562346032220460BF08B
:100D7000C5F9BDE710170020DDE7000004DD000025
:100D8000F8E70000FDE7000002E800002DE9F04F61
:100D90007C4E7D49FFB015AC234641AA304601F098
:100DA00075FF10BB794B7A4D1F680BF099F90B4614
:100DB0004FF420710246CDE9016503910094384655
:100DC00002F016FC18B1734829460BF0FFFD72497A
:100DD0006C4805220CF076FDC8B9207801F042FF7E
:100DE00001466E480BF0F2FD11E09DF80431013B25
:100DF000072B0CD8DFE813F008000E0011001500D7
:100E00001A00C101DA011502654B01221A707FB088
:100E1000BDE8F08F624B0222F8E76248FFF792FECE
:100E2000F5E761480121FFF7CBFDF0E79DF82511BB
:100E30005E4A5F4B544FDFF87C81DFF850A142AE31
:100E400000290CBF914699460FCE21AD2C460FC408
:100E500096E80700BC4684E80700BCE80F0028AC11
:100E600026460FC69CE8070086E807006422524920
:100E700065A80CF011FDFB7DEB754CA93B7E2B7634
:100E800028461BAE02F04EF900969DF8053198F801
:100E900000204CA9284602F027FAD0B9DAF8005011
:100EA0003B4C0BF01DF90B464FF420710246CDE987
:100EB000019403910096284602F09AFB18B1354838
:100EC00021460BF083FD9DF82531002B9FD0307813
:100ED00084E70DF1BC0B4CABCDF800B02A4665A9F8
:100EE00020460BF000FC98F80030DAF8006013B3ED
:100EF0009DF8DE30FBB19DF80531E3B92F4D0FCDE4
:100F000038AF3C460FC495E8030084E803000BF0BB
:100F1000E7F81F4C00970B464FF420710246CDE9CD
:100F200001940391304602F063FB00283FF46FAF59
:100F30001848214656E7E268EB689A421FD12269B9
:100F40002B69B2EB030818BF4FF0010823881293F6
:100F50009DF8DC202B8813932B7D94F814B011930B
:100F600082BBB8F1000F2DD1119A93452AD19DF87B
:100F7000DD3013484A4631460BF028FD47E74FF075
:100F80000108E3E7C218002010170020A81600206F
:100F9000491900200FE600004FE8000055E8000066
:100FA000471900206DE8000071E8000078E80000B3
:100FB00049E80000CB1B0020AC16002060DD0000DB
:100FC0007CE800000136CAF800600BF089F80B4697
:100FD0004FF4207107912FA903919DF80511DFF8B7
:100FE000B4A202919DF8241104940246CDE9055A59
:100FF000CDE90091304602F0EDF918B1A64851460E
:101000000BF0E4FC4FF4207300934CAAA14B29464B
:10101000304602F06FFA18B19E499F480BF0D6FC9B
:101020006B7D53B1637D43B99C4B032118780BF062
:1010300088FA0146542001F06BFB994A31462FA8EB
:10104000FFF7A6FAD0B9AE46BEE80F00DFF854C2EB
:10105000ACE80F009EE807008CE807009248642285
:101060004CA90CF019FCB8F1000F31D0F868FFF76B
:1010700023FE68B38D4831460BF0A8FC0DF1E00962
:1010800065AB224628464CA9CDF800900BF02BFB0F
:101090009DF800218648834D31460BF097FC854A28
:1010A00031464846FFF774FA0FCC0FC594E80700A5
:1010B00085E807007C48642265A90CF0EDFBB8F1D7
:1010C000000F02D0F868FFF7F7FD7B480121AAE680
:1010D000119B9B4504D0794B1B780BB9FFF79AFD08
:1010E00077480121FFF76CFC0DF1BC09754B764880
:1010F00093F800A099F82130039399F820300293D7
:101100000AF001030193CAF3400300935246CAF365
:10111000800331460BF05AFC1AF0040F05D06B48DF
:10112000524631460BF052FCA8E7DDE912329342F9
:1011300013D05D4B66481A6C0592DA6B0492B3F8D3
:1011400044200392DA6A02921A7C01925A68009251
:101150001B687A7839780BF039FC99F82230002B2B
:101160003FF455AE554B1B78002B3FF450AE594B16
:10117000594801221A70314634E64A9A574C0023E6
:10118000FF2A8DF8943104D9216855480BF01EFCD4
:101190003DE665A9D0B20BF01AF800909DF89431A5
:1011A0004A9A21684F480BF011FC30E600238DF875
:1011B00030318DF89431DDE94A2342EA0301FF29F9
:1011C000464C02D921684848D6E69DF8051111B968
:1011D00021684648D0E6D0B24CA90AF0F8FF9DF845
:1011E0002C119DF8280101F093FA65A99DF82801BA
:1011F0000AF0EDFF4B9A9DF894110092D3B2A3EB45
:101200000109D9F1000343EB0903CDE90113384883
:1012100021689DF830314A9A0BF0D8FB35480121FE
:1012200001E64A9D2D4F002D15DD334BA5F57A7251
:101230009A4212D93C68DFF8C4800AF051FF0B468D
:101240004FF47A71CDE90118024600952C482146E9
:101250000BF0BCFBDBE542F21075184B1B7863B159
:101260009DF805214AB93C680AF03AFF0246254834
:101270000B4621460BF0AAFBC9E50A4E727D002AF7
:1012800044D13C680AF02CFF02460B461E4821461A
:10129000F0E700BF491900200FE60000811300208D
:1012A0009EE8000010170020AC160020A4E8000003
:1012B0000BEA00002DEA000028EA0000CB1B00200A
:1012C000C5E8000080130020D1E800002EE90000EE
:1012D00063E90000CA1B0020DFE90000A816002017
:1012E00036EA000067EA000094EA0000C4EA000061
:1012F00000EB000056EB0000D8D00100C0D4010084
:1013000060EB000096EB0000D5EB0000327D012A77
:1013100007D13C680AF0E4FE02460B4683482146AA
:10132000A8E7F27D96F81890119233B1804B396896
:10133000804801221A700BF049FBDFF8FCA17F4CBA
:10134000DAF850303022002120464FEA43080CF0F2
:10135000B1FA0AF0C5FEC4E900010B461199CDF8B7
:101360000880CDE90391DAF85010CDE9005102462A
:10137000396873480BF02AFB0020FFF73BFC002084
:10138000FFF7DEF84FF0000AD04500F3BF803022AF
:1013900000216A480CF08EFA0AF0A2FE694BC4E9FB
:1013A000000101221A704FF0000801F0D7FA08F18D
:1013B00014080AF0D4FE14200AF0AFFE4545614B34
:1013C000F3DC0025D4E902011D70D4E90032B0EB52
:1013D000030A61EB0203BAF1010F129373F10003E8
:1013E000C0F29E80D4E904315748C91A5246129B74
:1013F00081FB0001FEF7D4FE05468846A36A042B54
:1014000040F2908094F82C30002B40F08B8015F146
:10141000C80140F2911248F10003914273F10003B8
:1014200034BF4FF0010B4FF0000B3B6813930AF0F1
:1014300057FEE38C0F93A38C0E93638C0D93238C38
:101440000C9394F82C30CDE90858CDE90AB3E36940
:101450000793A36906936369059323690493129B19
:10146000CDF808A00393A36A009302460B463748C1
:1014700013990BF0ABFAB9F1000F08D00120FFF778
:101480005FF814200AF049FEF068FFF715FC119888
:10149000FFF7B0FB0AF051FE48B12D4B0293002339
:1014A000CDE900332B49012218460AF027FE00241B
:1014B0004CA920208DF830418DF894410AF087FE28
:1014C00065A924200AF083FE3D680AF009FE0B4658
:1014D000317E9DF830719DF894C189450246F07DBA
:1014E000F66806D1119CA4EB000EDEF1000444EB7B
:1014F0000E04CDE90010CDE904C417482946CDE912
:1015000002670BF063FA154801218CE401F026FA1A
:101510000AF025FE14200AF000FE0AF1140A33E74F
:10152000A8466BE74FF0000B7FE700BF17EC000009
:10153000CA1B00206DEC0000AC160020D813002060
:1015400095EC00004619002040420F00E6EC000038
:10155000A4ED000004DD0000E8ED000039EE00001D
:101560007FB51E4D1E4C01220DF10F0100200CF025
:101570009EF8012805D01B4B187800221A7004B081
:1015800070BD9DF80F102A780D2901D00A2919D1B4
:101590008AB1154B1E680AF0A3FD0B467F2101910D
:1015A000216800910246314610480BF00FFA0023E3
:1015B0002B702360D7E723680D492260CA54FFF7D8
:1015C000E5FBD0E72668731C002AF2D17F2B03D8F5
:1015D0002360074B9955C6E72870EAE742190020B7
:1015E000A016002047190020A816002042EE000097
:1015F000C21800202DE9F04FBDB00025B14BB24913
:10160000029303222B462846CDE900550AF076FDC9
:101610001A222946AD480CF04DF9AC4AAC4940F2CB
:101620000513941E22F8023C4FF0C80C4FF4966349
:101630000126C4E903C32046A64B636103276771F3
:101640002672A672267601F06DFDA34B1E600AF08D
:1016500047FD0B46A149009102463146A0480BF0D8
:10166000B5F901F0CFF870B19E4B97490095CDE9DF
:10167000015332462B4628460AF040FD4FF47A705B
:101680000AF04BFDFAE701F01FF820BB8DF890003F
:1016900024A9FF200AF09BFD0546E0B99DF8903093
:1016A0000393914B88490090CDE901033A460346E4
:1016B0000AF024FD9DF89020531EDBB2FD2B1BD9B0
:1016C0008A4B0392CDE901537F4900952B46324660
:1016D00028460AF013FD864B02930023CDE9003320
:1016E0007949012218460AF009FD01F037F94FF453
:1016F0007A700AF012FDF8E72A46A37931462846A7
:101700000AF041FF0146142001F002F805460028C6
:1017100040F0C48064200AF000FD2A462946A379DF
:1017200028460AF030FF0146142000F0F1FF05467C
:10173000002840F0B38064200AF0EFFC2B462A46D4
:10174000294630460AF01FFF0146142000F0E0FF52
:101750000546002840F0A2800A200AF0DEFC294657
:10176000A3792A4628460AF00EFF0146142000F00D
:10177000CFFF002840F092800A200AF0CEFC4CF205
:101780002053ADF890305B4B259349F22103ADF81F
:101790009830607D584B279354238DF8A03020B1AA
:1017A000564B394618780AF0CCFE554B29938123C5
:1017B0008DF8A830637D8DF8A100002B7FD0627971
:1017C0008DF8A920002B0CBF00230F238DF8B1301A
:1017D0004C4B2D934FF055038DF8B8300CBF0023C0
:1017E0000923494A8DF8B930484B2B922F93562242
:1017F00022230021A07A8DF8B0208DF8C0300AF0A5
:101800003DFE434B61788DF8C1003193207823234E
:101810008DF8C8300AF036FE3E4B8DF8C900339380
:1018200001212423A0788DF8D0300AF032FE3A4B03
:1018300035934FF4B473ADF8D830384B379340F24A
:101840009543ADF8E030364B3993002280238DF874
:10185000D1008DF8E830E179237910460AF079FE5D
:10186000304B8DF8E9003B9324AD00262F78697842
:10187000384600F04DFF00285AD03CAB03EBC606BB
:10188000049756F85C3C0393274B02930023CDE961
:1018900000330D49012218460AF030FC234B029315
:1018A0000023CDE900330849012218460AF026FC3E
:1018B00001F054F84FF47A700AF02FFCF8E71A465A
:1018C0007EE700BF06EF000004DD000012170020D5
:1018D000AC16002002010501A81600206EEF0000E2
:1018E00044EF000076EF0000AAEF0000C4EF000014
:1018F0003EF000005CF00000D8F0000081130020F2
:10190000FBF0000094F1000051F10000D7F100005D
:1019100025F2000052F2000074F20000BCF2000058
:10192000EEF2000025F3000063F3000083F60000F0
:1019300001360C2E05F1080598D114200AF0EDFBB4
:101940005A4B01201870637DDBB90020256901F036
:10195000C1F821AB0246C82128460AF0E3FCC822A0
:101960000346C0B105922269514B02930023CDE991
:101970000302CDE900334F49012218460AF0BEFBAD
:101980008CE703210AF0DDFD0146542000F0C0FE83
:101990000028DAD082E70792229A0692BDF88E20BC
:1019A0000592219A0492BDF88C200392424A414943
:1019B0000090CDE9010203220AF0A0FB3F4BBDF8E5
:1019C0008C206A216920FEF763FF00287FF466AF50
:1019D0003B4BBDF88E206C216B20FEF759FF05466E
:1019E00000287FF45BAF0F200AF097FB40F6B83178
:1019F00021A80AF0B6FC50B1324B0390CDE9015357
:101A00002C4900952B46022228460AF077FB2078C5
:101A100000F0B4FF21788046607800F0B9FF3222F0
:101A200041F2883106460AF00CFC054658B1264BB7
:101A300002930023CDE9003303961E490122184684
:101A40000AF05CFB2AE710200AF0C7FC1F4B19497B
:101A500000954FF0100907460322CDE90309CDE9AF
:101A6000015328462B460AF049FB39460F2000F067
:101A70004FFE0123194607462A4618460AF079FD0B
:101A80000146484600F044FE07437FF407AF237841
:101A9000A2792179A0780AF010FD0546D0B10C4B4F
:101AA0000390CDE9017300973B46C6E78113002000
:101AB0007CF3000004DD0000B3F30000F8E7000051
:101AC000FDE70000FBF3000057F40000C5F4000040
:101AD000EBF400002078A77894F806900AF089FBD0
:101AE00049460246384600F0FFFFA17907462079B3
:101AF00001F02EF8A1798146207901F029F8B44B44
:101B000093FBF0F3CDE90493B24BB349039703225F
:101B1000CDE9015328462B4600950AF0EFFAA0784C
:101B200001F00EF8074620780AF068FBC7F11003B1
:101B300000FA03F3CDE90573A84BA7490790CDE957
:101B4000015328462B4600950322CDE903860AF06F
:101B5000D5FA20AB1FAA21786078CDE91F5500F097
:101B60004BFF30460AF059FB07461F980AF055FB19
:101B70003146814640460AF053FB994B0397CDE925
:101B80000153CDE904902B46009528469249032243
:101B90000AF0B4FA934BB3F8447088FB0753002B58
:101BA00004DA4FF6FF72AD1843F100032D0C3046F6
:101BB00045EA03450AF031FB3146A0EB05094046F2
:101BC0000AF02EFBCDE90375281A874B8249029350
:101BD00000252B460322CDE90590CDE90055284686
:101BE0000AF08CFA1F980AF018FB804A804B7A4959
:101BF0000095B0F5485FC8BF134603937D4B0322A1
:101C0000CDE9015328462B460AF078FA637D5BB193
:101C1000FEF7A8FE034638B9774A6F490090CDE930
:101C2000010203220AF06AFA7448754FDFF8D49172
:101C3000FEF788FF0025744B6749029303222B4669
:101C40002846CDE900550AF059FA00F087FE1595AF
:101C5000002D4AD1D9F8003000937B7D3A7DF96898
:101C60006A486B4C5F4D0AF0B1FE00F077FEFFF75B
:101C700077FC012839D07B7D7BB30AF070FA0AF03B
:101C80002FFA94F8233043BB7B7D33B32A6DD317EF
:101C90009B0043EA92739200904271EB03031CDBBA
:101CA000D4E90A2352EA030608D0821A47F23056D2
:101CB00061EB0303B24273F100030EDB554A0023CC
:101CC0000326C4E90A01CDE90132CDE903364249D0
:101CD0000093022218460AF011FA4F480021FEF73D
:101CE0006FFE14200AF019FABFE7159BFA684B48FB
:101CF000013315934A4B159900241C700AF066FEB7
:101D00003B7D022B1AD10120FEF71AFC48B1454B4E
:101D100031490094CDE901430122234620460AF0CF
:101D2000EDF914200AF0F9F93F4B02930023CDE9B5
:101D300000332949032218460AF0E0F93B7D012BC4
:101D400027D0002401208DF89040FEF753FF0AF0C1
:101D5000F4F948B1354B20490094CDE90143012203
:101D6000234620460AF0CAF924A924200AF02FFAB3
:101D7000034670B99DF89020039212F0010121D121
:101D80002B4B0091CDE9011301220B4612490AF0B9
:101D9000B5F9C820FEF790FF034600284ED0C823AF
:101DA0000393244B02930023CDE900330A49012217
:101DB00018460AF0A3F900F0D1FD4FF47A700AF04A
:101DC000ACF9F8E71C4A0090CDE901020322DDE7F7
:101DD00040420F0015F5000004DD00003BF5000057
:101DE00086F50000AC160020D8F500008CEE00004F
:101DF000A3EE00003DF60000A1F60000F7F600009B
:101E000010170020A8160020FCF6000051F7000073
:101E10000814002084F700005BF8000060F8000060
:101E2000C91B00207EF800009DF80000C8F80000E3
:101E300010F90000ACF9000074F900003A7D022AA4
:101E400007D1B84AB8490090CDE9010201220AF051
:101E500055F90AF045F90B46D9F800100191C8214F
:101E600002460091B1480AF0B1FDFA68C72A2BDD9D
:101E7000AF4BB049C82A18BF0B46CDE90423C8238D
:101E800000250393AC4BA849029303222B46284616
:101E9000CDE900550AF032F9F868FEF70DFFFB684E
:101EA000044698B10393A54B9F490095CDE9015392
:101EB00001222B4628460AF021F900F04FFD4FF48D
:101EC0007A700AF02AF9F8E79D4BD6E79D4D9649BE
:101ED0000090CDE903359C4B0322CDE90103034675
:101EE0000AF00CF901231946224618460AF041FB74
:101EF0000146102000F00CFC98B1944B0293002393
:101F00001846CDE90033884901220AF0F7F8C820C5
:101F1000FEF7D2FE00F022FD4FF47A700AF0FDF8D1
:101F2000F8E7FEF71FFD04460028E6D10AF0D8F8CE
:101F300010F57A73139341F100031493844B1B6AD9
:101F4000012BB8BF012303F52F3202F21F32B2FB7F
:101F5000F3F30D933B791693CDE90F010AF0C0F826
:101F60000B46D9F800100391F96802910D990246C9
:101F7000CDE9005177480AF029FD774B6A490122E3
:101F80001A70764B1C70764B1C70764B1C70764B1F
:101F90001C70FB6804930D9B0393744B0094CDE974
:101FA00001430322234620460AF0A8F8A3461294D0
:101FB0000D9B9B4580F0FF8200F0D0FCFFF7D0FA2C
:101FC000012805464FF0000400F01783022800F0B6
:101FD0001783022220A90C20ADF8804000F0D0FB2E
:101FE0000446002800F0CA8000230E930E9B9B44F9
:101FF0000AF076F8139A9042149A0B469341CDE971
:102000001701C0F2BB820025FB683C69119328468A
:10201000ADF88050ADF884508DF879508DF87A5035
:102020008DF87B5000F056FD1199024624AB2046F6
:102030000AF078F90446002840F0E5814FF0020AE2
:102040008046022220A9692000F09AFB0222054660
:1020500021A96B2000F094FB0DF179011A9020204A
:102060000AF0B5F80DF17A01199068200AF0AFF87E
:102070000DF17B01064614200AF0A9F81A9A199B63
:1020800015431D432E43064340F07A819DF881108D
:102090009DF880000AF08BFA9DF8851080469DF827
:1020A00084000AF084FABDF898304345044640F0B5
:1020B0006781BDF89A30834240F062819DF87930A3
:1020C000C52B40F05D819DF87A30012B40F058819E
:1020D000274B32469B79314630460AF054FA9DF838
:1020E0007B30984240F04C819DF87A3002939DF805
:1020F0007930119A0390CDE900431E484346594672
:102100000AF064FC1C483146FEF75AFC144B93F865
:102110000080B8F1000F00F01E8244463546B046FC
:1021200076E100BFDBF9000004DD000083FA000067
:10213000C7EE0000DBEE0000C7FA0000E8FA00007E
:10214000D1EE000020BF020017FB000049FB000099
:10215000AC16002065FB0000CB1B0020CA1B002032
:10216000441900204319002045190020B8FB000045
:1021700010170020DAFD0000980901009DF880206A
:102180009DF88130D10943EA012002F07F061B90BF
:10219000014630460AF02AF9179000283FF424AF90
:1021A00066B11423CDE903636A4B6B490094CDE912
:1021B000014302222346204609F0A0FF0D9B3878F8
:1021C000A3EB0B039BB21A9300F0D8FB397818905D
:1021D000787800F0DDFB002511900E95032221A9EF
:1021E0000E2000F0CDFA044600287FF4FFAE24A9AB
:1021F00021A80AF0C9F8034678B1584B5649009413
:10220000CDE9014302222346204609F077FF179AC1
:102210000135ABB29A42E1D8E8E69DF89220002A57
:1022200070D19DF89180B8F1000FF0D1119A1899F2
:10223000BDF894000AF022F8494B1990B3F8441005
:10224000BDF8940009F0F0FF464BBDF894A01B7850
:10225000044600286CD0834225D0E0070FD51198A2
:1022600009F0DBFF404B3C49CDF80080CDE903A0ED
:10227000CDE9018301224346404609F03FFFA10713
:1022800011D511991898BDF8948009F0C9FF374B02
:1022900002930023CDE90380CDE900332E490122CA
:1022A000184609F02BFF2F4BBDF894A01C709DF829
:1022B00091301C939DF890301D932D4BD3F80080E6
:1022C00008F101021A6009F00BFF1D9BD9F80010FC
:1022D00003931C9B0293199B0496CDE90541199920
:1022E000DB17CDE9001302465346224841460AF067
:1022F0006DFB0E9B01339BB20E930E9A1A9B934279
:1023000085D873E69DF89120FE2A0AD11B9A039284
:10231000194A11490090CDE90102022209F0EEFEAE
:1023200064E624A8FEF74CFA00287FF470AF78E743
:10233000002BB8D0114B0849CDF80CA0CDE9010312
:1023400000900346032209F0D9FEACE74FF0010AE2
:1023500077E600BF07FC000004DD00003BFC000046
:10236000AC160020C91B0020AFFC00002EFD0000B1
:10237000A416002095FD00005DFC00007AFD000021
:10238000012009F0CAFEBAF1010FDFD19DF87B30C0
:1023900005939DF87A3004939DF87930119AB148ED
:1023A000CDF80480CDE90243BDF89A300093594638
:1023B000BDF898300AF00AFBBDF89A30AA49CDE979
:1023C0000643BDF89830CDE90483119B03930025A3
:1023D000A64B029352462B462846CDE9005509F0FC
:1023E0008DFE1FA88DF87C50FEF7D8FA0446002811
:1023F00075D09F4B0095CDE9015352462B469A4923
:10240000184609F07BFE0024264625464FF00108B9
:10241000984B4FF0000AC82083F800A0FEF74CFC50
:10242000FEF7F8FB09F05CFE0B46D9F800100191AD
:10243000C8210246009190480AF0C8FA09F050FEFF
:10244000C8230993129B08930D9BCDF800A0CDE9FA
:1024500006B30F9BC01A109B61EB0301874BCDE9BC
:102460000401CDE901A3504653467F49DFF810A28D
:10247000032209F043FE002D40F0C780002E40F0FB
:10248000C480002C00F0CA807E4B7F4E1A787F4BB0
:10249000002A18BF1E4609F023FE9AF80030039365
:1024A000D9F8003002930F9BC01A109B61EB030117
:1024B000CDE900015A46764831460AF087FA002CE9
:1024C0003FF4C6AB734B02930023CDE9003366495A
:1024D00003960122184609F011FEFFF7B9BB9DF8DB
:1024E0007C306149009003F001020B92C3F340027B
:1024F0000A92C3F380020992C3F3C0020892C3F3A5
:1025000000120792C3F380120692DA09CDE9043271
:10251000614B0393614B0322CDE90103034609F0AC
:10252000EDFD9DF87C305A0709D55D4B4E4900946E
:10253000CDE9014352462346204609F0DFFD9DF8D0
:102540007C309B077FF55FAF564B02930023CDE9AC
:102550000033012253E7544B1C78002C52D1139BBB
:1025600013F57A731393149B139A43F10003149396
:10257000179B9342189B149A9341F0DA0E9B13B960
:10258000129B013312933B79169A934210D00D9A05
:102590003549CDE90432169B0393444B0293002343
:1025A000CDE900331846022209F0A8FD3B791693C5
:1025B0000D9B9B4503D30024264625461EE009F0CB
:1025C0008FFD0F9B3A4AC01A109B61EB0301002359
:1025D000824273EB01010CDA0D9A23490093CDE995
:1025E00003B2344A1846CDE90132012209F086FDD2
:1025F000E1E7142009F091FDDAE42646A04607E75A
:102600000126DAE74646454602E7002C7FF43CAF58
:10261000294E2A4B002D18BF1E463CE7B8F1000F8B
:1026200009D0274B10490094CDE9014301222346EC
:10263000204609F063FD09F053FD9AF8003003933A
:10264000D9F8003002930F9B0D9AC01A109B61EBD2
:102650000301CDE900011B4859460AF0B7F9FFF71D
:10266000F9BA00BF28FE000004DD0000A6FE00004D
:10267000F6FE0000CB1B0020E6000100290101004E
:10268000CA1B002044190020E5EE0000FAEE00000D
:102690007B010100BC01010008FF00001DFF0000DC
:1026A0008BFF0000040001004319002038000100E6
:1026B00030E60200B0000100EDEE0000F2EE000096
:1026C0002E020100910201001FB50D480BF017F812
:1026D00070B90C4B029300231846CDE900330A4928
:1026E000012209F064FD6FF0120005B05DF804FBF3
:1026F00006480BF004F80028EBD00020F5E700BFF7
:10270000A8DA0000D6020100D4DC000070DA000074
:102710002DE9F0418CB007AB089303230025099302
:102720004FF0010808AB06460F468DF81C008DF8E7
:102730001D508DF81E100A93CDF82C800C480D49C1
:1027400083680AAA1C682B46A047044660B10A4B5E
:102750000A490396CDE90470CDE9015300952B4653
:102760004246284609F023FD20460CB0BDE8F08122
:10277000A8DA00009CDD0000F5020100D4DC0000B6
:10278000F0B5074695B0154600292FD072B38023C7
:1027900000268DF81D3007ABCDE90F260C93139260
:1027A00002230CAACDE9082310AACDE90D36CDE904
:1027B0001131CDE90A238DF81C000E480E498368BB
:1027C00008AA1C680AABA047044660B10B4B0C4931
:1027D0000397CDE90450CDE9016300963346012209
:1027E000304609F0E4FC204615B0F0BD6FF015044A
:1027F000F9E700BFA8DA00009CDD00001A03010021
:10280000D4DC000070B54FF0804588B0D5F878353D
:1028100013F001033DD00024434B0293CDE9004463
:10282000424923460122204609F0D4FCC5F87845E8
:102830004FF080420025D2F810353C493C4E23F041
:102840001F0343F00F03C2F810353A4B029328469A
:10285000CDE900552B46032209F0BCFC3648306018
:102860000AF04DFF0346F0B9344A30490090CDE9F3
:102870000102012209F0AEFC6FF01204304B02930A
:102880000023CDE9003329490122184609F0A2FCB2
:1028900026E02C4A25490093CDE90132184603224F
:1028A00009F098FCC4E7284B0FCB04AC84E80F0078
:1028B0003068836821469B68244C98470028206034
:1028C00011DA234B0390CDE90153184900952B46AB
:1028D0000122284609F07EFC2468002CCED1002479
:1028E000204608B070BD3068836802211B68984795
:1028F000044658B1174B0390CDE901530B4900959D
:102900002B460122284609F065FCB7E74EF6602306
:102910000393114B05490090CDE9010303220346BF
:1029200009F058FCDBE700BF46030100ECDC0000C7
:102930002C170020090401008CDA00003904010082
:10294000C6040100CB03010078DD0000C0110020A7
:10295000530401007204010087040100054B18684C
:1029600030B1054B1968002902DB8368DB68184722
:10297000704700BF2C170020C011002005289ABF07
:10298000024B53F820000020704700BFB8DD000064
:1029900010B502460846FFF7F1FF0446501E062810
:1029A00005D8DFE800F0060D16241C1F22000020C9
:1029B00010BD601D0A220023C117FDF7F1FBF7E7E8
:1029C000052000214FF0020C0A220023C4FB0C0159
:1029D000F3E7601CC317400840EAC370E8E744F619
:1029E0003820E5E749F64040E2E70248E0E742F2F6
:1029F0002830DDE7803801002DE9F0410446084623
:102A00001E46FFF7BBFF0546601E1746062805D881
:102A1000DFE800F00C233656494E530000200446F0
:102A200007B13C6006B13060BDE8F0814FF032087C
:102A300009244046002164220023C5FB0401FDF760
:102A4000AFFB642204460023404600214FF00B0CEC
:102A5000C5FB0C01FDF7A4FBE2E74FF0320812249E
:102A60004046002164220023C5FB0401FDF798FBCA
:102A7000642204460023404600214FF0160CE7E78D
:102A80004FF032082D244046002164220023C5FB6C
:102A90000401FDF785FB6422044600234046002123
:102AA0004FF0370CD4E745F2F0504FF47A54B7E7C3
:102AB0004BF2B03048F2D044B2E70448044CAFE7E0
:102AC00042F6F82041F65834AAE700BF486B0100EF
:102AD000B805010003289ABF024B33F9100000200B
:102AE000704700BF94E100000F2819D80A280BD9BD
:102AF0002AB90D480D4B002918BF184670474EF6ED
:102B000063204CF60203F6E73AB9094B094A00295B
:102B100018BF134653F820007047074B074AF6E7E3
:102B20004FF0FF30704700BF8BA903000620030061
:102B3000A0DE000074DE000048DE00001CDE0000A5
:102B40000A289ABF014B185C10207047AB2A01007D
:102B50000F280ED80A2805D9074B0848002918BFA6
:102B60001846704719B1064B53F820007047054BC3
:102B7000FAE74FF0FF307047062003008BA90300EF
:102B800074DE0000F0DD000038B509F087FC154662
:102B90000446084609F08CFC032D84BF0334A408C6
:102BA000A042024607D9041B04480023A4FB0001ED
:102BB000FDF746FB38BD0020FCE700BF40420F0098
:102BC0000A28054B28BF0A2002EB410203EBC00094
:102BD000D2B230F912007047F4E100000A28054B28
:102BE00028BF0A2002EB410203EBC000D2B230F949
:102BF000120070479CE10000002970B52CDD02F046
:102C00000302164B53F82230C0F30B0484FB01403F
:102C1000D917614303FB0015A4FB0341104B53F884
:102C20002200C617330369184FEAC62643EA105339
:102C30004FEA003246EA50564FEAC02005D4201829
:102C400041EB0601FDF7ACFA70BD001B66EB01011C
:102C5000FDF7A6FA4042F7E70020F5E7E0DD0000C7
:102C6000D0DD000010B5074A002312F8334084423B
:102C700002EBC30101D1486810BD01330E2BF4D122
:102C80000148F9E7BCDF00001C0501002DE9F04F09
:102C900095B080460F46154600210F220AA81C4613
:102CA0000AF008FE0023CDE90833002C00F023824F
:102CB000C4E904332380B8F1000F40F02A820023D6
:102CC000C4E90433062309E04046FDF7D3FA7F2820
:102CD00009D924B17F23636120610123238000206F
:102CE00015B0BDE8F08F2C22002128460AF0E2FD45
:102CF0000FCF2E1D0FC697E8070086E8070098F84B
:102D00000030202B4746424608F10108F7D0092B36
:102D1000F5D0002B00F0E881232B00F0E581039231
:102D200012F8013B13F0DF0F01D0092BF7D1039B01
:102D3000B04AA3EB07084146384609F08BFC06462B
:102D4000002840F09981AC4A4146384609F082FC9F
:102D5000002840F09881A94A4146384609F07AFC9B
:102D60008146002840F09181A54A4146384609F045
:102D700071FC0646002840F08A81A24A4146384646
:102D800009F068FC002840F085819F4A414638469A
:102D900009F060FC0646002840F07C819B4A4146D1
:102DA000384609F057FC8146002840F07581984A62
:102DB0004146384609F04EFC0646002840F06E8138
:102DC000944A4146384609F045FC002840F06981A4
:102DD000002C84D00023C4E9043302237EE7197851
:102DE000202998461A4603F10103F8D00929F6D0A4
:102DF000002900F05881039212F8013B13F0DF0F15
:102E000001D0092BF7D1039B834AA3EB080B59464A
:102E1000404609F01FFC074640B101236B70039B3D
:102E20001B78002B00F03F81039BD8E75A463D21D9
:102E30004046FDF765F9049058BBBBF1170F00F24F
:102E400064815A4641460EA80AF026FD0BF1500354
:102E50000DEB030B049B0BF8183C07A90EA809F017
:102E6000AAFB002800F05181B9F1010F08DD002C08
:102E70003FF435AFC4F810900223636105232DE7BA
:102E800014AB03EB8903079A43F8302C09F10109CD
:102E9000C5E7049B0BF1FF3BA3EB0801ABEB010B78
:102EA000002900F03281BBF1000F00F02E813A01C1
:102EB0005A4B05919B5802931A46404609F0CAFBAB
:102EC000D8B901370F2F0599F1D10F2928BF0F214C
:102ED0000D460A46029041460EA80AF0DDFC05F1B7
:102EE00050030DEB0305029B05F8183C0EAA009356
:102EF0000321204609F0D8FBF1E607F150036B44AB
:102F000013F8288CB8F1000F04D00023029A009324
:102F10000421EEE7BAF10F0F06DD002C3FF4DFAE1F
:102F2000C4F810A01023A8E7022FCDF81C8007D109
:102F3000049B3B4A5946581C09F08CFB00283FD1A2
:102F4000BBF1170F04D90023029A00930621D0E7A2
:102F500004995A4601310EA80AF09EFC0BF1500369
:102F60006B444FF0000803F8188C07A90EA809F06D
:102F700022FB03460028E7D0284A079B39010A4470
:102F8000D2E901219A4201DC8B4203DD029A0091D1
:102F90000721AEE7404607F150020DEB0201FFB2F8
:102FA0000122013F01F8282C92440D2F0AD8DFE8B6
:102FB00007F00B0D141618393B434B535557596105
:102FC0004346E8E72B712AE76B7128E710B100232D
:102FD000EB7124E7AB71EA7121E72B721FE76B728B
:102FE0001DE7B3F1000818BF4FF0010885F80A800B
:102FF00015E700BF1E050100240501002905010099
:103000002D050100340501004FE8000038050100DE
:103010003D0501004205010046050100CCDE00002F
:103020004C050100EB72FAE6B3F1000818BF4FF04F
:10303000010885F80C80F2E6B3F1000818BF4FF0E4
:10304000010885F80D80EAE6B3F1000818BF4FF0DB
:10305000010885F80E80E2E62B61E0E66B61DEE6B2
:103060002B76DCE6B3F1000818BF4FF0010885F8B5
:103070001980D4E6AB76D2E6012300264FF0000992
:103080002B70CA46CBE60223F8E70323F6E74E4649
:103090000423F3E70523F1E70623EFE74E46072372
:1030A000ECE70823EAE70EB3B9F1020F04D00223DC
:1030B0000093194A4B4649E7089A052A04D9052383
:1030C00000931346154A63E7099B072B03D9072191
:1030D000134A00910DE76B7101232A710AF1020A6C
:1030E00085F8213085F820A00120F9E5089B6B6266
:1030F000099BAB62F6E7B8F1000F3FF4F0AD002F8B
:103100003FF4EDAD002D7FF4DFAD002C7FF4D7ADA3
:10311000E5E5002FF6D1D2E549E800006C09010091
:1031200051050100F7B50C460546002800F0D18096
:10313000002900F0CE806422002120460AF0BAFB6C
:103140004FF0FF336363EA785AB90193AA7929797A
:10315000287801AB09F0C9F90028A2BF019BA8702B
:103160006363287809F045F806462878FFF706FCDF
:10317000206029786878FFF70BFC606004F10C038D
:103180002978687804F10802FFF736FCA878FFF781
:10319000D7FC2074A87809F081F96061287909F0DA
:1031A00087F9A0613246A979A878FFF79DFCE06114
:1031B000A9792879FFF7CCFC20622A782979A878A8
:1031C000FFF7E2FC6062287809F018F8237CA0621F
:1031D000C3F110039840E062A979A8783246FFF75E
:1031E000EFFC2086A979A8783246FFF7F7FC6086C5
:1031F000606B002805DBA9793246C0B2FFF7EEFC10
:103200002087606809F009F8E063D4E9000109F05B
:1032100007F826682064002E27DD6768002F24DD6C
:10322000F91709043246F317380441EA1741FCF74D
:10323000B7FFAA7DA0FB020302FB0131284B8342AA
:103240004FF000038B4146DBB0F5487F71F100037E
:1032500044DB64220023FCF7A3FFA4F8440086FBB0
:103260000060360C46EA0046A664687D80000021B6
:1032700000F0FC0009F057F9E064A9796879FFF7DC
:1032800067FC20650020D5E90376FFF723FC04F1F5
:10329000540502462B463946304609F043F8626A27
:1032A000104B9A42D4BF0022012284F860204FF4D0
:1032B000FA61284609F055F8A368003818BF0120C4
:1032C000B3F5485FACBF0023012384F8610084F8A4
:1032D000623003B0F0BD40F21F50BEE70820BCE7EB
:1032E0007F000200A0860100F0B587B004460C9D67
:1032F0000E46002D3FD00023C5E904332B80002863
:103300005CD1C5E9043306232B80002007B0F0BD53
:10331000A27909F0D2F840B1B36900937369294AE0
:103320000821284609F0C0F9EFE7D6E900239342C7
:1033300003DD00920921244AF3E7637D3BB1D6E91E
:103340001332934203DD00920A21204AE9E700206C
:10335000D4E90376FFF7BEFB03AB0246394630469D
:1033600008F0E0FF28B123690093E368184A0B21B5
:10337000D7E70120CAE70028C7D00029C5D02378A5
:10338000052B14D86278072A11D8A0780B280ED8FC
:1033900021790A290BD862790A2A08D8E279032A06
:1033A00005D8227D022A02D8A27D322AB0D9002D6A
:1033B000ABD00023C5E904330723A5E70029DED1FC
:1033C0009FE700BF5D09010051050100550501009F
:1033D000EA1D01002DE9F04FAFB0CDE92C23DDE966
:1033E0003D25DDE93B31389C15B109B102B11BB96E
:1033F00000202FB0BDE8F08F3A4D92F803B03A4F5D
:10340000DFF8E8A092F801C091F801E00E7892F898
:10341000028091F80290002C08BF2C4693F82250AD
:103420002A95BBF1000F08BFBA4693F820500F7ED3
:1034300093F821302B9515782897177E2797CF7D05
:103440002697D77D25978F7A2497977A23974F7A57
:103450002297577A21970F7A2097177A1F974F7DD7
:103460001E97577D1D970F7D1C97177D1B97CF7952
:103470001A97D77919970F69189717691797CF680F
:103480001697D76815978F791497977913974F796F
:10349000129757791197097910911279CDE90EA2F7
:1034A00007932B9B06932A9B05939DF8E830049382
:1034B0009DF8E4300E4ACDE902432C9B00932D9BEE
:1034C0000193CDE90ACE0346CDE90856DDE93E0178
:1034D000CDE90C8908F084FB002889DD3F9B9842E8
:1034E00086D286E71C0501004C0501005C05010041
:1034F0006005010030B59DB00446209D18460BB113
:1035000001B112B900201DB030BD92F862301A939B
:1035100092F86130199392F860301893B2F85E30E7
:103520001793B2F85C301693136D1593D36C149304
:10353000936C1393B2F844301293136C1193D36BC2
:103540001093B2F938300F93536B0E93B2F93230B7
:103550000D93B2F930300C93D36A0B93936A0A93AC
:10356000536A0993136A0893D3690793936906937F
:1035700053690593137C0493D36803939368029370
:103580005368019313680093044A2346294608F0C0
:1035900027FB0028B6DDA842B4D2B4E7D806010064
:1035A000F0B589B00446DDE911059DF83C609DF851
:1035B000407010B9002009B0F0BDA6EB070EDEF197
:1035C000000C04969DF838604CEB0E0CCDE900120F
:1035D000CDE90236CDE9057C044A2346294608F0A8
:1035E000FFFA0028E6DDA842E4D2E4E7540801002F
:1035F0002DE9F04F95B0DDE9208692460746DDE9DA
:103600001E429946B8F1000F00D01CB9002015B039
:10361000BDE8F08F0DF1240B002A38D0DFF878C018
:1036200058460021535C0BB1282921D101F15003E8
:103630000DEB03012078002301F82C3CFFF712FB6F
:10364000637833B3621CCDF818B0636905932369BE
:103650000290CDE90323CDE900A9104A3B4631464B
:10366000404608F0BDFA0028D0DDB042CED2CEE709
:10367000A3F10905EDB2172D05D82CFA05F515F0C3
:10368000010F18BF5F2300F8013B0131CAE7114663
:10369000CCE7034AD7E700BF13008000AB08010066
:1036A000A90801002DE9F04F85B0044609F044F95E
:1036B000B0FA80F0C0F11F0004EB8006CD00D6F810
:1036C000109005F1040A0B4606358FB2B9F1000FD0
:1036D0000BD1E268012181400A43E260336124F8A2
:1036E0000A70675305B0BDE8F08F4FEAC90604368B
:1036F00034F806B04FEACB0808F1060834F8083071
:10370000994511D00C4B02930023CDE900331846A4
:103710000A49012209F015F9002383F31188BFF348
:103720006F8F0423184602DF24F80AB024F80590AE
:1037300024F80870A753D5E79C0901001CDD0000A0
:10374000B2F5802F2DE9F8430ED33E493E4A3F485B
:103750004FF4377309F050F93D4809F04DF94FF433
:103760003771394809F03FF9042A0CD83949364AEB
:10377000364840F2E32309F03FF9374809F03CF9B5
:1037800040F2E321EDE7043ACD1D114425F0070591
:1037900021F00706A6EB0508B8F1170F4FEAD80786
:1037A0000CD82E49284A29484FF43B7309F024F9D4
:1037B000294809F021F94FF43B71D2E7B7FA87F4B1
:1037C000C4F12002C4F12404A4000734E408631CFB
:1037D0004FF00009BB420560AF60C5F80C900CD9F2
:1037E0001F49194A194840F2023309F005F91A48ED
:1037F00009F002F940F20231B3E74946920005F1BF
:1038000010000AF057F8A2B2530043F001036B8096
:103810003B1B9BB205EBC4015800A5F80090488003
:1038200025F83420A6F8029025F8083005EBC703E8
:1038300021465A8842F001025A802846BDE8F843E2
:10384000FFF730BF380A0100C0090100FE0901007E
:103850004E0A0100650A0100860A01009F0A010064
:10386000C80A01002DE9F04F91B08407009302F0DF
:1038700004030293C2F3C20303F10103DDF868A05D
:10388000039205460E46059340F0C881041D0028AA
:1038900038D101F00706341DC6F10806009B4FF031
:1038A00000085A1E04274FF0FF330193CDF8108013
:1038B000C146C3463B460DB10099216005980028DA
:1038C00000F3C18094480099814203D39348814218
:1038D000C0F0B980039911F0020CA4EB050040F090
:1038E000CB80B9F10F0F40F2CA808D498D4A8E48C6
:1038F00040F2812309F080F88C4809F07DF840F20D
:103900008121B6E00729C9D86FF01B0011B0BDE8CE
:10391000F08F7A285AD84B280FD8472856D829280C
:103920002DD825284FD051D8202818BF23280CBFC8
:103930004FF0010B4FF0000B6EE04C382E2845D8AD
:10394000DFE800F06A44444444444444444444446A
:1039500047444444444444444454444747545454DE
:103960006A4768446A4418471844447C7A47444488
:1039700047447A0000204FF0000B042734E02A3837
:10398000C0B2012101FA00F010EA0E0F44D110F08C
:10399000625C2BD110EA010B3ED06046013C3C44F6
:1039A000B4FBF7F47C4325B1A3EB050CA444B44568
:1039B000AAD8002800F097800599013905915AF896
:1039C000041B009177E70199013901914FF0000B39
:1039D00022E012F8010C6C2832D112F8023C0020CF
:1039E0006C2B8346C9D108273B46D7E70AF1070A63
:1039F0002AF0070A0734FAE802BC24F0070435B1BC
:103A000006982044B0423FF67FAFC4E900BC0834BA
:103A10004FF0000B08273B4612F8010F002800F07A
:103A20008980BBF1000F7FF474AF2528F4D1019B8E
:103A3000013301934FF0010B0427ECE758469AE756
:103A400000208346AAE7039988072FD5601B4FF013
:103A5000010CB0F5007FFFF444AF3149314A3248E0
:103A60004FF41F7308F0C8FF314808F0C5FF4FF44A
:103A70001F712C4808F0B7FF4FF0000CE9E705B3C1
:103A800009F140010DEB010EC0F3870001990EF81A
:103A9000200C0EF8101CBCF1000F0ED060F07F005F
:103AA0000EF8200C08F1010809F10109C5F108011F
:103AB000043406914FF6DA7EAEE7049801300490A4
:103AC000F2E7BCF1000F01D00136EDE702980236B3
:103AD0000028E9D10098CDE90632FCF7CBFBDDE9FF
:103AE00006320644E0E7042B08D10AF1040015B1C0
:103AF000DAF800102160043482468DE70AF10703EA
:103B000023F0070303F1080A1DB1D3E90001C4E95A
:103B10000001083408237FE7C8D90000E42A010027
:103B200027210100FB0A0100FE0901004A0B0100E8
:103B3000290B0100631BB3F5806F0CD339493A4A56
:103B40003A4840F2D22308F057FF394808F054FFB2
:103B500040F2D2218DE71DB9A6F10804E018D5E6A0
:103B6000029A28609B082B709DF81030BAB1EB7058
:103B700085F80280B8F1000F05D008A80022C5F131
:103B8000010791450DD1C5F1010308AF4FF0000ABF
:103B900001930DF1300BD14512D1601BB6E66B706D
:103BA000E6E710F8013B190608D507EB040CB4450D
:103BB00003F07F033FF6A8AE04F8013B0132E0E7D3
:103BC000B8F1000F03D097F90020002A16DB029B02
:103BD000C3B11AF80B2004F8012B0022019B18191D
:103BE0001044B0423FF690AE387804F8010B0099CB
:103BF0000392204609F050FE039A14440AF1010A88
:103C00000137C8E73A7855F822300093029B45F80F
:103C100022300098FCF72EFB421CDFE76FF00D000E
:103C200074E600BF27210100FB0A0100FE09010024
:103C3000640B0100014B1860704700BFC4110020E5
:103C400080B505460E461746984607F0D3F803465A
:103C500001F04CFDDFF83C90044649F80030424644
:103C600039463046A8470C4B1B7873B90B490C4AB0
:103C70000C4840F2463308F0BFFE0B4808F0BCFE8B
:103C8000074840F2463108F0AEFE54F8090001F052
:103C9000C9FC00BF08000000E31B0020B70B0100B7
:103CA0008C0B0100FE090100CA0B01002DE9F84F41
:103CB00005460846AB8B1907904616D501280CBF60
:103CC00043F0100343F02003AB831435284607F07C
:103CD0001DFB002840F0B181AE49AF4AAF484FF418
:103CE000997308F089FE29469DE0022803F0070138
:103CF00040F07D81284608F08CFE052800F2FA800D
:103D000001A353F820F000BFCB3C0000EF3F0000C0
:103D1000F53E0000993D0000333E0000933E000058
:103D200002F00702531F012B1AD80023062A2E681F
:103D3000A4B2C5E9003309D1334603E0EA8B01326E
:103D4000EA831B68002BF9D144F00204AC832846B7
:103D500008F05FFE002800F05A8144F0200455E18D
:103D6000042A0DD1A4B2AC83284608F052FE0646C0
:103D7000002800F04C8144F02004AC83002646E18A
:103D80008749884A854840F21B1308F035FE40F207
:103D90001B11844808F027FE49B18349814A7F48B6
:103DA0004FF4AB7308F028FE4FF4AB71F1E72B68CA
:103DB0004BB97E497B4A794840F2571308F01CFE04
:103DC00040F25711E5E72B691F684FB97849754AEA
:103DD00072484FF4AD7308F00FFE4FF4AD71D8E7A1
:103DE000AC8B24F0070444F00604A4B2AC830E4666
:103DF0008A464FF00609AB68002B00F00F814FF0A8
:103E0000010B44F00804AC8305F11404204607F0CC
:103E10007DFA002878D15F495F4A60484FF4997372
:103E200008F0EAFD2146634808F0E6FD4FF4997179
:103E30008EE0022909D060495A4A584840F25D1381
:103E400008F0DAFD40F25D11A3E7EE8B4EB15B495D
:103E5000544A52484FF4AF7308F0CEFD4FF4AF719F
:103E600097E72B695F684FB951494E4A4B4840F27A
:103E7000611308F0C1FD40F261118AE7AC8B24F0B8
:103E8000070444F00404A4B2AC83B2464FF0040922
:103E9000B1E7012909D04A49424A40484FF4B27378
:103EA00008F0AAFD4FF4B27173E72B684BB93F4994
:103EB0003C4A3A4840F2651308F09EFD40F2651115
:103EC00067E72B699F684FB93949364A33484FF441
:103ED000B47308F091FD4FF4B4715AE7AC8B24F041
:103EE000070444F00504A4B20026AC83B2464FF0A8
:103EF000050980E72A492B4A284840F26B1308F04D
:103F00007BFD40F26B1144E788F31188BFF36F8F9C
:103F1000BBF1000F1ED1002E33D117B1294928461D
:103F2000B847EFF31188202383F31288BFF36F8F14
:103F3000204607F0DDF900284AD1174A22491748E0
:103F4000842308F059FD2146204808F055FD8421BE
:103F500011481FE7A9680029DDD0D1F800800029A9
:103F6000D9D0D1F804B053464A462846D847B8F1CC
:103F7000000F04D0D8F8003041469846EFE743469A
:103F8000FAE7314653464A462846366808F06DFD42
:103F9000C1E700BFCA0C01009D0C0100FE09010031
:103FA00027210100F70B01001C0C0100280C010067
:103FB0004B0C0100E10C0100620C0100780C0100C7
:103FC000870C010049400000F60C01000B0D0100B8
:103FD000204607F0B1F9AC8B24F00804A4B2AC83FE
:103FE000E20621D524F01003AB8304F00701D5F8D5
:103FF00018A0AA8BBAF1000F22F00704BFF690AE0A
:1040000000232E68C5E9003344F00104AC8304F0BA
:10401000070989454FF000077FF4EDAE0EB9002F78
:10402000DED04FF0000BECE6A3067FF54EAE24F099
:104030002003AB8304F007015CE688F31188BFF32B
:104040006F8FBDE8F88F00BFF8B504460D4600F14C
:104050001406EFF31187202383F31288BFF36F8FC9
:10406000304607F045F968B90C4A0D490D488423DC
:1040700008F0C2FC0C48314608F0BEFC0748842119
:1040800008F0B1FC304607F057F9A5613A462046E2
:104090000121BDE8F840FFF709BE00BF9D0C0100FB
:1040A000F60C0100FE0901000B0D01002DE9F0479F
:1040B00004460E4608F0C9FC051E66DB04F114092F
:1040C000EFF3118A202383F31288BFF36F8F4846E2
:1040D00007F00EF9804660B9374A384938488423DA
:1040E00008F08AFC4946374808F086FC84213248AB
:1040F00043E0484607F020F9E38BA78B4FF6FF72A9
:10410000934207F0070743D0062F2CD8DFE807F0CB
:104110001F43092B1F041F006FF085054FF0000897
:1041200002E00133E3830225484607F0EFF8002858
:1041300034D1214A244922484FF4997308F05CFC99
:104140004946224808F058FC4FF49971CFE7002304
:104150003360636823B9C4E9006687B13D46DDE793
:104160001E606660F9E71A4915481A4A4FF4E4736D
:1041700008F042FC17484FF4E47108F034FC524652
:1041800002212046FFF792FD3D462846BDE8F08714
:104190006FF00A05C2E76FF00405BFE78AF31188E4
:1041A000BFF36F8FB8F1000FEFD000233A463146CE
:1041B000204608F05AFCE8E79D0C0100F60C0100CF
:1041C000FE0901000B0D0100CA0C0100E10C010009
:1041D000870C0100F70B0100F8B5054600F1140645
:1041E000EFF31187202383F31288BFF36F8F3046DC
:1041F00007F07EF860B9264A26492748842308F04C
:10420000FBFB3146254808F0F7FB842120482BE0D2
:10421000304607F091F8AC8B04F00704022C17D05D
:10422000012C0CBF6FF004046FF08504304607F0DA
:104230006DF838BB164A1A4917484FF4997308F0BD
:10424000DBFB3146174808F0D7FB4FF49971DDE7E7
:10425000EB8B5BB914491048144A40F2EF1308F095
:10426000CBFB124840F2EF1108F0BDFB013B9BB2C3
:10427000EB83002BDAD13A4621462846FFF716FD9C
:104280002046F8BD87F31188BFF36F8FF8E700BFB2
:104290009D0C0100F60C0100FE0901000B0D010050
:1042A000CA0C0100E10C0100210D0100F70B010017
:1042B00008B54268816002F00302032A03460AD06F
:1042C0006AB908490848094A452308F095FB074898
:1042D000452108F088FB006800225A6008BD0020D4
:1042E000FAE700BF27210100FE0901002F0D0100A0
:1042F00008B558B907490848084A40F2351308F08C
:104300007BFB064840F2351108F06DFB4368587995
:1043100008BD00BF8D0D0100FE090100550D010013
:1043200010B548B908490948094AA02308F064FBB8
:104330000748A02108F057FB03681B6913B1BDE8CB
:1043400010401847184610BD8D0D0100FE090100F0
:10435000550D01002DE9F84FDFF8ECA0DFF8EC80F7
:10436000AAEB08038F2B81460F460BD93849394AEF
:10437000394840F2531308F03FFB40F253113548DF
:1043800008F031FB354808F0AFFB064650B3BDE8F6
:10439000F88F237B8BB12368DB680BB120469847ED
:1043A0006368204683F806B0FFF7BAFFB0B96368C8
:1043B00004221968204608F0BCFB0136103454452D
:1043C00015D92749234A244840F25F1308F014FB0B
:1043D000244808F011FB40F25F11D0E70BFA06F316
:1043E0001D43EAE7444605464FF0010BE7E7D0D30B
:1043F000B9F1000FCBD04FF00109002DC7D02E46E8
:1044000095FAA5F4B4FA84F409FA04F308EB041459
:104410006FEA030A25EA0305237B5BB12046FFF719
:104420007FFF38B9636804221968204606EA0A0645
:1044300008F07FFB002DE3D127B14FF4A4700021D9
:1044400006F04EFC3546D8E75CDD00004CDD000090
:10445000D10D0100A40D0100FE0901003817002054
:10446000010E0100220E0100014B53F8200070479D
:104470002CE0000008B5034608462BB1044A13603F
:1044800000F0D4FA002008BD6FF01500FBE700BF74
:10449000C8110020144A1548002310B51370144A9F
:1044A0001360144A4FF400411360FFF7E3FF124B0F
:1044B000124918468B4215D91149124A124840F246
:1044C0002B1308F099FA114808F096FA0D4840F2BB
:1044D0002B1108F088FA1A1A5C6812110132227145
:1044E0001033E7E7F7D310BDCC1B0020E5CA00006E
:1044F00030170020341700204CDD00005CDD000088
:10450000010E0100A40D0100FE090100220E0100B0
:1045100070B5134D297811BB0120FFF71BFF114C1B
:10452000114EB44218D91149114A124840F2CF1322
:1045300008F062FA104808F05FFA0D4840F2CF1117
:1045400008F051FA2046FFF7D3FE18B12368204641
:104550009B6898471034E4E7F4D301232B7070BDB7
:10456000CC1B00204CDD00005CDD0000010E0100D2
:10457000A40D0100FE090100220E010010B5044641
:10458000084808F0B1FA5CB1BFF35B8F064B53E803
:10459000001F013943E80012002AF8D1BFF35B8FF6
:1045A00010BD00BF301700203417002070B5124B2B
:1045B000124C1B68124E05469847A860B44219D9A0
:1045C0001049114A114840F20A2308F015FA104820
:1045D00008F012FA0C4840F20A2108F004FA2046CA
:1045E000FFF786FE20B1236829461B6820469847BE
:1045F0001034E3E7F3D370BDC81100204CDD000098
:104600005CDD0000010E0100A40D0100FE090100A7
:10461000220E0100044A054B9B1AB1EBD30F34BFA5
:1046200052F8310000207047D4DC00004CDD00005F
:104630002DE9F04F87B004AFD7E90EBA3E6B0546BF
:10464000884614469946BBF1000F2CD0C7F804A049
:10465000CDF800A07A6B5B4610210020FFF702F92D
:1046600000280BDA29492A4A2A484FF4B47308F083
:10467000C3F94FF4B471264808F0B5F9B0F5006FEE
:10468000014612D340F2FF730393234B029300239E
:10469000CDE9003321490222184608F06CFA0C37A4
:1046A000BD46BDE8F08F5946584604F0070205F0B4
:1046B0000704E40044EA821444EA402444EA06542D
:1046C00017360E4426F00706ADEB060D04ADBBF120
:1046D000000F13D0CDF800A07A6B5B4605F11000F7
:1046E000FFF7C0F8002809DA0849094A094840F2EA
:1046F0008D1308F081F940F28D11BCE74B4622463C
:104700004146284608F01EFAC9E700BF7A0E0100AC
:104710004E0E0100FE090100840E0100F4DC0000D1
:10472000406820B1034BC01A40F3CF0070474FF0F0
:10473000FF307047D4DC00000EB403B503AB014674
:1047400053F8042B0448019301F0F6F902B05DF828
:1047500004EB03B0704700BFB3CB0000CA0605D41A
:104760008B064CBF02490349FFF7E6BF704700BF05
:10477000F5230100BC0E01002DE9F04F87B004467F
:104780009DF84880DDF850A0169F04920D4699468A
:10479000B8F1000F00F0A180B8F1040F0BD98B49DC
:1047A0008B4A8C484FF4157308F026F94FF41571B5
:1047B000874808F018F907F48073059308F0B7F9F3
:1047C00007F0020B0246002856D083492046FFF727
:1047D000B3FF0646BBF1000F08D017F0440F4DD1D0
:1047E0007E492A462046FFF7A7FF064407F001034B
:1047F00053B17B4B7B4953F828207B4B2046002A42
:1048000008BF1A46FFF798FF07F48073002B07F0E4
:10481000080318BF4FF00009002B5BD0734B74499D
:1048200053F828202046FFF787FF0546049B2BB14D
:1048300070491A462046FFF77FFF0544B9F1000F83
:1048400005D06D494A462046FFF776FF05446B4880
:104850003544139B002B46D06949224608F081F865
:10486000002840DA67495A4A5A4840F2B12308F012
:10487000C3F840F2B1219BE70646ABE7624B1868EC
:104880000028B2D0614B4FF47A7B1B68B5FBF3F57F
:104890004FF46163B5FBF0F100FB11550BFB05F51F
:1048A0004FF03C0CB1FBF3F203FB1211B5FBF0FE31
:1048B000B1FBFCF300FB1E550CFB13110BFB05F5C4
:1048C0000091B5FBF0F55249CDE901E52046FFF72F
:1048D00033FF8AE707F00805A8E7012B0CBF47481C
:1048E0004C484546B5E7159B002B54D0DDF8549055
:1048F0003946B9F1100F204628BF4FF01009FFF7D5
:104900002DFF0026B54218DC002633461AF8032096
:1049100041492046FFF710FF0136102E13D07107D2
:1049200003D13E492046FFF707FFB1453346EDD896
:104930003B492046FFF700FFEEE738492046FFF7E6
:10494000FBFE0136DEE7374920460026FFF7F4FE7E
:1049500033461AF803203449A2F120035F2B28BF05
:104960002E222046FFF7E8FE0136102E0DD07207EA
:1049700003D12A492046FFF7DFFEB1453346E8D888
:1049800026492046FFF7D8FEEEE7159BB3EB090357
:10499000CA441593AAD1B8F1000F0AD0FB0704D579
:1049A000114A10492046FFF7C7FE39462046FFF757
:1049B000D5FE6268A1682068D2E9002308F0EBF810
:1049C000636800221A6007B0BDE8F08FF30E0100A3
:1049D000C40E0100FE090100FE0E0100020F0100DD
:1049E0003CE000000B1B0100BF0E010050E0000086
:1049F000270F01002D0F0100310F0100B3CB000084
:104A0000395B0000360F0100401700203C170020E2
:104A10000B0F0100CFCB00003F0F0100470F01003B
:104A2000450F0100490F01004B0F0100074A00210B
:104A30000123904206D8064A01B901231360054BB1
:104A40001860704740085B000121F2E740420F0008
:104A50003C17002040170020014B01221A707047BC
:104A6000CD1B0020014B0020196070475817002013
:104A700010B5064B18680C46FFF7F6FC21460346B6
:104A8000BDE8104002480F22184700BF5817002009
:104A900080E00000F8B5094D094B0A4ED5E9004702
:104AA00001221A700CB92C60F8BD214630463A46F6
:104AB00000F00AF8241A0644F4E700BF4C1700205F
:104AC000CE1B0020CF1B0020F8B5194D07460E461F
:104AD000042432463946002004F0A2F9C8B101236B
:104AE0002B70144B1B782BB93046F8BD5CB92C7079
:104AF0004FF0FF34002004F023FA0028F4D02B7884
:104B0000002BF3D1F0E7013C41F2883008F0F3FDCF
:104B1000F0E72B7813B1013C04D12C702B78002BDB
:104B2000D7D1E1E741F2883008F0E5FDF6E700BFB4
:104B3000CD1B0020CE1B0020014B036000207047DE
:104B400090E0000008B5044807F040FF034807F074
:104B50003DFF002008BD00BF7E0F0100B30F010024
:104B600008B50348034A0021121A08F074F808BD7A
:104B7000D0130020E81B00200748084A084908B560
:104B8000121A08F06AF80748074A0849BDE80840C1
:104B9000121A08F062B800BFC0110020D013002024
:104BA000FC2A0100A8110020C0110020E42A010005
:104BB00070B5064686B00D46002938D08B6805933F
:104BC0004B6804930B6803930024244B24490293FD
:104BD000012223462046CDE9004408F040F86B69E5
:104BE00005932B690493EB6803931E4B1C490094B7
:104BF000CDE9014301222346204608F030F8EB6955
:104C00000393194B16490094CDE901430122234631
:104C1000204608F024F8AB690393144B1049009424
:104C2000CDE9014301222346204608F018F8012E61
:104C30000DD1EFF30583103B03930D4B029300233B
:104C4000CDE9003306493246184608F008F82946EF
:104C5000304606B0BDE8704004F0D8B9E00F01005E
:104C600014DD00000F1001003E1001004D10010086
:104C70007B10010030BFFFF7FDBF00BF2DE9F04101
:104C80000B4EDFF8308006EB0807CC1B054632469A
:104C90000949204608F000FEA01942460021083CC0
:104CA00008F008FE2C6707F10800BDE8F08100BF9E
:104CB00000000000040000005CDD00002DE9F0436E
:104CC00085B00024564B0293CDE90044234680462C
:104CD0008946204653491646012207F0DBFF524B16
:104CE0009B6AD80640D5514B0094CDE9014320463C
:104CF00023464C49012207F0CDFF11244A4B9B6A01
:104D000019070AD54A4B02930023CDE900334549E0
:104D10000122184607F0BEFF1224434DAB6A9A07E2
:104D200024D50024434B0293CDE9004423463D495A
:104D30000122204607F0AEFF6F6BAB6A1B0659D508
:104D40003D4B38490397CDE90143009423460122A6
:104D5000204607F09FFFB9F1000F03D0AB6A23F0A4
:104D60008003AB62132403E01024C7E76FF015073C
:104D70002D4B9B6AD8070AD5304B02930023CDE90F
:104D8000003328490122184607F084FF1424264BDB
:104D90009B6A99060AD52A4B02930023CDE900337A
:104DA00020490122184607F075FF15241E4DAB6AF5
:104DB000DA0602D4AB6A9B070AD56B68180507D5DB
:104DC0004146384600F0E4FBB8B180F3098802247C
:104DD000154B9A6A920642BF5A6A22F400525A62EE
:104DE0009A6A42F0FF029A6220460023337005B0AF
:104DF000BDE8F0836FF01507B4E7AB6AD906E7D5D5
:104E00001049114A114840F2271307F0F5FD1048E8
:104E100007F0F2FD0C4840F2271107F0E4FD00BF57
:104E20008E10010014DD000000ED00E0A410010070
:104E3000D7100100EA100100021101001811010051
:104E4000371101009811010066110100FE090100EF
:104E5000E21101001FB50024374B029301222346C3
:104E6000CDE900443549204607F014FF344B9B6AD6
:104E70009A015ED5334B31490094CDE90143204678
:104E80002346012207F006FF1E202D4B9B6ADB0103
:104E90000AD52D4B029300231846CDE9003327494C
:104EA000012207F0F7FE1F20254B9B6A1C030AD541
:104EB000264B029300231846CDE900331F490122F7
:104EC00007F0E8FE21201E4B9B6A59030AD5204BB0
:104ED000029300231846CDE900331849012207F058
:104EE000D9FE2220164B9B6A9A030AD5194B0293CE
:104EF00000231846CDE900331049012207F0CAFE0D
:104F000023200F4B9B6ADB030AD5134B029300232C
:104F10001846CDE900330949012207F0BBFE2420E1
:104F2000074A936A6FEA03436FEA1343936204B03C
:104F300010BD1D20A9E700BF0512010014DD00000F
:104F400000ED00E01D120100301201004A120100C4
:104F5000681201008D120100A7120100F0B585B0A2
:104F60000024434B0293CDE90044234607460E46F6
:104F700001224049204607F08DFE3F4B9B6ADB042F
:104F800065D53E4B3B490094CDE90143204623467D
:104F9000012207F07FFE1720374B9B6A1D050AD5BB
:104FA000374B029300231846CDE9003331490122E3
:104FB00007F070FE1820304DAB6A9C051FD5002409
:104FC000304B0293012223462046CDE90044294973
:104FD00007F060FEAB6BAA6A10040FD503932A4B4F
:104FE00024490094CDE9014301222346204607F0DD
:104FF00051FE1FB1AB6A23F40043AB6219201E4B74
:105000009B6A59050AD5214B029300231846CDE926
:1050100000331849012207F03DFE1A20164A936A10
:1050200013F4807315D01A4B029300231846CDE970
:1050300000331049012207F02DFE1B200E4A936A0F
:1050400043F47F4393620023337005B0F0BD162014
:10505000A2E7926A9204F1D50E4A06490093CDE97F
:1050600001321846012207F015FE1C20E6E700BFBA
:10507000D212010014DD000000ED00E0E812010092
:10508000D7100100F91201001213010027130100CB
:1050900042130100371101002DE9F0418D4B044608
:1050A000586890B0C0F30806002383F31188BFF35B
:1050B0006F8F02F07F45B5F17F4F0CD102F00C05E8
:1050C000082D17D1844A85490093CDE9013218464D
:1050D000012207F0DFFD8249824A834840F21B43E8
:1050E00007F08AFC814807F087FC40F21B417D48AD
:1050F00007F079FC120746BF0C461D460125002C1F
:10510000E9D00027F31E8DF81F70092B00F2CA802A
:10511000DFE803F005BEC2A1C8C8C8C8C8C6744B42
:105120006E49DFF8B0810097CDE9017300230122B9
:10513000184607F0AFFD8DF81F70D8F82C6016F0F8
:10514000020604D06B4B0097CDE9017307E0D8F855
:105150002C30002B0BDA684B0096CDE9016300235D
:105160005E490122184607F095FD002239E0D8F883
:105170002C305B007FD5614B58490096CDE9016327
:1051800001223346304607F085FDD8F81430A26975
:1051900043F48073C8F81430BFF34F8FBFF36F8FA1
:1051A00032F8023CD8F8142022F48072C8F8142097
:1051B000BFF34F8FBFF36F8F03F47F42B2F55F4FA2
:1051C0002FD1DBB2022B2CD1236803934C4B4349E4
:1051D0000096CDE9016301223346304607F05AFDBF
:1051E00022689DF81F30CBB908AE04F12007206873
:1051F0006168334603C30834BC421E46F7D10F9B97
:10520000002D63D0C3F3080121B96FEA53236FEA7D
:1052100043230F9308A91046FFF7CAFC10B0BDE85E
:10522000F0812C4B9A6AD2B23AB10DF11F020121E2
:105230002046FFF743FD0246D3E79A6A12F47F4FF8
:1052400005D00DF11F010120FFF788FEF3E79B6AEF
:10525000B3F5803F02D3FFF7FDFDECE72949214A72
:10526000214840F2ED2307F0C7FB274807F0C4FBB5
:1052700040F2ED213BE723491A4A1B484FF43C73A7
:1052800007F0BAFB214807F0B7FB4FF43C712EE75B
:105290000DF11F020021CBE70DF11F010020D3E724
:1052A0001B4B50E71B4A1C4B0C4910F4F87F08BFFE
:1052B0001346103ECDE90336184B02930023CDE987
:1052C00000330122184607F0E5FC4EE76FF30803B0
:1052D0009FE700BF00ED00E08813010014DD00002F
:1052E000B313010066110100FE090100C61301009D
:1052F000041401001B1401003C1401004A140100B5
:10530000691401002721010085140100A91401007E
:10531000D91401005A1301006F130100FD1401009C
:10532000044B5A6942F010025A615A6922F008028D
:105330005A61704700ED00E0EFF30880EFF3098158
:1053400001B57246FFF7A8FE01BD00BF002080F343
:105350001488BFF36F8F0F4880F3088802F0D2F8EB
:1053600000200D490860BFF34F8F00F02BF820207C
:1053700080F3118809484FF40461401880F30988CC
:10538000EFF314800221084380F31488BFF36F8F7A
:1053900000F0CEF8C035002094ED00E0001C0020A5
:1053A0000749D1F890200023C2F307221846934200
:1053B00000DB7047C1F89830C1F8A0000133F6E770
:1053C00000ED00E008B572B6002383F31388FFF701
:1053D000E7FF144B4FF0FF32C3F88020C3F884205E
:1053E000C3F88820C3F88C20C3F89020C3F8942019
:1053F000C3F89820C3F89C20C3F88021C3F8842107
:10540000C3F88821C3F88C21C3F89021C3F89421F4
:10541000C3F89821C3F89C2162B6BFF34F8FBFF346
:105420006F8F08BD00E100E01EF0040F0CBFEFF32A
:105430000880EFF30980816911F8021C0229FFD06E
:1054400001B5724607F01BFC01BD00BF40B2002849
:1054500007DB044A4109012300F01F00834042F8A2
:105460002130704700E100E040B200280CDB430926
:10547000064900F01F0020330122824041F823201A
:10548000BFF34F8FBFF36F8F704700BF00E100E0A5
:10549000054B420900F01F0053F82220012303FAB4
:1054A00000F01040704700BF00E100E038B54B1C31
:1054B000072B04460D460FD9114A124912486B2397
:1054C00007F09AFA114829460723224607F094FA72
:1054D0000B486B2107F087FA40B20028ACBF00F1FF
:1054E00060400B4A4FEA4313B8BF00F00F00DBB235
:1054F000AABF00F56140135480F8003338BD00BFE7
:105500001015010047150100FE0901006215010098
:1055100014ED00E0044B054A23F07F039360BFF3D2
:105520004F8FBFF36F8F70470000000000ED00E069
:1055300008B5FFF7EFFF074AD2F8883023F470036D
:10554000C2F88830FFF70CFBFFF716FB00F0B0F84D
:1055500003F0ACFE00ED00E042F8203C009B42F876
:105560001C3C0A49019B42F8183C029B42F8143C3F
:1055700021F001014FF0807342F8043C42F8081C0E
:105580000023203A02654367704700BF413C00009A
:10559000094A0346906870B113F1160F006E05D0EA
:1055A000A0F14002934205D3834203D2814228BF37
:1055B00000207047002070477418002008B5154679
:1055C0000B4A0C4B9060026F1A600E4600F0A0F878
:1055D0002C4686F309880020034B9847204600217B
:1055E00000220023014C2047C3CC0000413C0000B6
:1055F000741800205C170020014B10221A617047BC
:1056000000ED00E0054B5A699B689A421FBF044AAF
:10561000536843F080535360704700BF74180020F4
:1056200000ED00E0084B9B6883420BD1EFF305834C
:1056300043B1064B5A6842F080525A605A6A22F4CB
:1056400000425A6205F0DCBB7418002000ED00E057
:1056500014498A684FF030001044EFF3098C80E859
:10566000F01F202080F31288BFF36F8F0E4F4FF092
:1056700000664A698A603E60106F0C4C2060506F73
:105680000023536780F3118804B5104600F040F8FA
:10569000BDE8044002F1300090E8F01F8CF3098867
:1056A000704700007418002004ED00E05C17002033
:1056B000044800232021C2180133302B82F8001344
:1056C000F9D1704700E100E008B5EFF30583064A21
:1056D000103B02EBC30152F8330049688847BDE82C
:1056E0000840FFF78FBF00BFE0DA00000148006804
:1056F000704700005C170020024B034A0348012159
:1057000000F096B8000002200000002090E00000A9
:10571000036E054A403B1360044B4021C2E901136C
:105720001046012100F0AAB86017002000000B15F8
:105730001FB5144AD2F89030C3F30723013B9842B7
:105740000FD9114B029300230390CDE90033184683
:105750000E49012207F0E8FA6FF0150005B05DF878
:1057600004FBC2F898000B6823F01F03034343F0C7
:105770001003C2F89C308B6843F00103C2F8A030DC
:10578000ECE700BF00ED00E0A61501000CDD000015
:10579000F0B50E4689B01F4604460025B54212DA20
:1057A000606838B3BFB1431E18420FD0134B029349
:1057B0000023CDE90033124903950122184607F072
:1057C000B3FA6FF01502104609B0F0BD1F28EDD9ED
:1057D00021680B42EAD12368059307F095FAA36884
:1057E00005A90343D0B20793FFF7A2FF10F1160FEC
:1057F000E7D0421C01350C34D0E700BFCC150100C6
:105800000CDD0000044B0522C3F89420BFF34F8F3A
:10581000BFF36F8F704700BF00ED00E0BFF35F8FF5
:10582000024B0022C3F89420704700BF00ED00E057
:1058300038B50D4D01232A780C46FFF7A9FF2870D3
:1058400016300FD1094A0A490A4840F2891307F075
:10585000D3F80948214607F0CFF8044840F28911EF
:1058600007F0C1F838BD00BFD01B0020F2150100C1
:1058700027210100FE0901002116010010B5144A7C
:10588000002312780C46FFF783FF10F1160F08D0A3
:10589000104A0021D2F89030C3F30723984210DB5E
:1058A00010BD0D4A0D490E484FF4D47307F0A4F80B
:1058B0000C48214607F0A0F807484FF4D47107F0D0
:1058C00092F8C2F89800C2F8A0100130E2E700BFD9
:1058D000D01B002000ED00E0F2150100272101009F
:1058E000FE0901004D1601002DE9F04F834C84495B
:1058F000D4F890300D68C3F307239D4285B013D9C7
:10590000804A8149814840F2022307F075F8D4F8B3
:1059100090207F482946C2F3072207F06DF840F235
:105920000221784807F05FF8FFF778FF4968002206
:10593000954201F10C012DD1764F774C3D706846B0
:10594000FFF7FAF8754D764E81464FF00008C145D5
:1059500033D13B7869490020D1F89020C2F3072267
:105960009342C0F2C180FFF74DFFD1F8903003F4AD
:105970007F43B3F5006F00F0BD806A49614A634818
:1059800040F27D2307F038F8674807F035F840F219
:105990007D21C6E7C4F8982051F80C3C23F01F0382
:1059A000134343F01003C4F89C3051F8043C43F017
:1059B0000103C4F8A0300132BAE7009A02EB0813E1
:1059C0004FEA0811D3F80CA00AEA0400B0F5000F62
:1059D00066D00BD8B0F5001F3CD0B0F5800F52D088
:1059E000B0F5801F16D008F10108B0E7B0F1007FD4
:1059F00061D0B0F1805F69D0B0F1807FF3D1986859
:105A0000D3F804A0525807F07FF9CDE901A240F085
:105A100088700BE09868D3F804A0525807F074F926
:105A2000CDE901A240F0885040F43020039038784E
:105A300001A9FFF77DFE002852DA3349314A334885
:105A400040F2352306F0D8FF384806F0D5FF40F283
:105A5000352166E79868D3F804B0525807F054F936
:105A60001AF0010F40EA0600CDE901B20390DED042
:105A70002F49244A2548842306F0BEFF2D4806F00E
:105A8000BBFF84214DE79868D3F804A0525807F073
:105A90003BF940F0C060CDE901A240F40030C5E719
:105AA0009868D3F804A0525807F02EF9CDE901A266
:105AB00040F08270BAE79868D3F804A0525807F013
:105AC00023F9CDE901A240F48020AFE79868D3F82C
:105AD00004A0525807F018F9CDE901A22843A5E720
:105AE0003B7801333B707EE7C1F89830C1F8A000E5
:105AF000013331E7002005B0BDE8F08F00ED00E094
:105B00009CE00000F215010027210100FE090100C0
:105B10007A160100D01B00200000F0FF00000211E7
:105B2000000008112D1701007D1701000317010067
:105B3000AE160100D4160100F0B587B007460E4638
:105B400014460021102268461D4607F0B3FE0223CA
:105B50008DF802302A46054B019321466846CDE96F
:105B6000047606F067F807B0F0BD00BF49CD00002D
:105B700008B5024B1B689847002008BD6C17002031
:105B8000034B044A1860937843F002039370704704
:105B90006C170020CC11002008B50649064821F0FA
:105BA0000701C1F1005202F50032FDF7C9FD0020E6
:105BB00008BD00BF473A002070170020024B0122A9
:105BC000C3F840250020704700E0014048B1054B74
:105BD000054A1B68B3FBF2F35843044B43F001033F
:105BE000184770476C13002040420F0090DD000002
:105BF00037B50C460A490B4A411A40230093491114
:105C000005462346084807F0AAF8014628B1284669
:105C1000234603B0BDE83040184703B030BD00BF95
:105C200090170020CBCD000038DA0000C9B201295E
:105C300008B509D908490948094A7E2306F0DCFE5F
:105C400007487E2106F0CFFE03690C2201FB0233D8
:105C5000986C00F0070008BDEE170100FE09010076
:105C6000B117010070B5C9B20129034600690BD90B
:105C700018491948194A4FF4E87306F0BDFE174851
:105C80004FF4E87106F0AFFEEFF31186202484F3A1
:105C90001288BFF36F8F0C2505FB0104A46C14F070
:105CA000C00401D0A24211D105FB0100012282648F
:105CB000002086F31188BFF36F8F30B95B680C2228
:105CC00002FB01335B689847002070BD4FF0FF3046
:105CD000EFE700BFEE170100FE090100B117010058
:105CE00070B50D460649411A04464911054840223F
:105CF000FFF7B8FF2B4601462046BDE87040184725
:105D00009017002038DA00000022F8B5012105467E
:105D10001046FFF7CBFB114801F072FC0446D0B9E6
:105D2000286900F025FA01F08BFC2F690C493846F0
:105D300006F0B1FE031E09DB0126BE642D69084989
:105D400005F1200006F0A7FE031E02DA1C462046DD
:105D5000F8BD6E65FBE76FF00404F8E7155E000020
:105D6000BCE000001FB500220123CDE902236C46F0
:105D7000074A6B46CDE9004407F020F828B94FF4F4
:105D800080420023684603F071FD04B010BD00BFDF
:105D9000D7CD000010B5EFF31184202383F31288D0
:105DA000BFF36F8F074A136823F00201DB0711600E
:105DB00002D4012001F096FC84F31188BFF36F8FA9
:105DC00010BD00BFE817002030B4104B0C2202FBBE
:105DD000003301460020D3E910521864EFF311801C
:105DE000202484F31288BFF36F8F9C6C04F0C004EE
:105DF00044F002049C6480F31188BFF36F8F1DB1DF
:105E00002B46034830BC184730BC70479017002021
:105E100038DA0000012810B504460AD003280CD057
:105E200078B90E4B9B6C5B0717D1BDE81040FFF7AC
:105E3000CBBF00F0ABF92046F7E7BDE8104000F01B
:105E4000B3B907490748084A4FF4417306F0D4FD37
:105E500005484FF4417106F0C6FD10BD90170020B3
:105E600027210100FE090100B117010010B4EFF372
:105E70001180202282F31288BFF36F8F17490B68BD
:105E800043F0020413F001030C601AD04FF080437A
:105E9000D3F80C14D3F80C3413F0010311D0EFF342
:105EA000118182F31288BFF36F8F0D4A936C03F058
:105EB000C00343F00203936481F31188BFF36F8F33
:105EC000012380F31188BFF36F8F1BB110BC00203A
:105ED000FFF77ABF10BC012001F0D4BBE817002007
:105EE00090170020024BC0B203EB4010704700BF78
:105EF00090170020F8B53549BFF35B8F06460122A5
:105F000051E8003F41E800200028F9D1BFF35B8F42
:105F1000A3B92F492F484B60CB608A60FEF7C6F8C3
:105F200000280BDA2C492D4A2D4840F2A32306F015
:105F300063FD40F2A321294806F055FD7EB3731E90
:105F4000012B38D807F03BFC044650B1EFF3118524
:105F5000202383F31288BFF36F8F01244FF0804713
:105F60000EE0204B1B78002BF0D04FF08043022234
:105F7000C3F808230546F1E794B1284606F0B5FEBC
:105F8000D7F81824D7F81834D203F5D59B0701D0D9
:105F9000012EF1D14CB185F31188BFF36F8FF8BD9D
:105FA0000021212004F09CFEEAE74FF0804302220A
:105FB000C3F80423F3E70C49084A094840F2B52323
:105FC00006F01AFD40F2B521B5E700BF8C1700209E
:105FD0007C170020B0170020360F0100B117010018
:105FE000FE090100E31B00202721010008B5144B26
:105FF000BFF35B8F012253E8001F002903D143E860
:1060000000200028F7D1BFF35B8F17D10D4A002382
:10601000D3600D4B5360032393600C4B11461868FB
:10602000FEF744F8002809DA09490A480A4A4D23CC
:1060300006F0E2FC08484D2106F0D5FC08BD00BF83
:1060400008180020F017002045610000EC17002020
:10605000360F0100FE0901003B18010007B50022C0
:106060000023CDE900230E484FF40032002305F051
:10607000C1FC0C4B1868FEF7AFF8002809DA0A4992
:106080000A480B4A552306F0B7FC0948552106F08B
:10609000AAFC084B00221A6003B05DF804FB00BFA5
:1060A00098130020EC170020360F0100FE090100B4
:1060B0003B1801000818002073B51D4D1D4CAE683B
:1060C0004C21F3682846984770B1002323701A4684
:1060D000217809B1012A1FDD174A138007F0C1F8A2
:1060E0000123237002B070BD0C2133696A46284633
:1060F00098470028E9D1114A019B93FBF2F3009ADB
:1061000003EB82030C4AB2F900201BB29A1A002A50
:10611000B8BF524212B2DBE7094A136801390133B2
:106120002170136002B0BDE87040FFF797BF00BF59
:10613000C4DA0000D11B0020C018002090D003005A
:106140000018002008B5074807F0D9FA28B907F069
:1061500088F8054B01221A7008BDBDE808400348C5
:1061600003F058BEC4DA0000D11B002060120020EA
:10617000034B044A186000231360034A13607047FE
:10618000EC1700200418002000180020024B002209
:106190001A70FFF72BBF00BFD11B0020014805F08C
:1061A00097BC00BF98130020024A136801331360A4
:1061B000FFF754BF0418002008B50448FDF73AFD66
:1061C0000248FFF7DDFC002008BD00BFD1610000E0
:1061D00073B5104E8DF807000446032501220DF11A
:1061E0000701002002F092FE20B101233370204607
:1061F00002B070BD3378002BF9D0013D08D007F014
:10620000DEFA0028EAD10021422004F069FDE5E72A
:106210003570ECE7D21B002038B5036961B921491C
:10622000214A2248642306F0E7FB214806F0E4FBFC
:1062300064211D4806F0D7FB486850B91D491A4A29
:106240001A48652306F0D8FB1B4806F0D5FB6521EC
:10625000EFE7586800B30024884219D108688CB968
:106260009C685860A14200D19860002008602AB163
:106270005A680A609A68596002B9996000200FE074
:106280002846E9E720609868814208BF9C60ECE7F7
:1062900005680446002DF3D1002AE9D16FF01500FE
:1062A00038BD00BFB81801007C180100FE090100CC
:1062B000C1180100D0180100E218010008B50368F8
:1062C000590914D0012906D140F2FF3203F01F030F
:1062D000DA40D2070ED40B490B480C4A4FF48263C4
:1062E00006F08AFB09484FF4826106F07CFB4FF010
:1062F000FF32EBE703600129054818BF4FF0A040CB
:1063000008BD00BF2C190100FE090100F9180100A9
:106310000003005070B54468207C01F01F0545EA79
:106320004015A06886B0002873D0B2F5001F04D1D4
:10633000294601F01FFF00204FE06068667CC0F82E
:10634000246501A80026B2F5800F0196466033D17E
:10635000B3F1007F14BF052304238DF8043000231C
:10636000CDE904030393E368CB4013F0010F6E46BD
:1063700035D1B2F1A07F32D168460095FFF79EFF7C
:10638000009B03F5E07350F82330DB0727D4A068A7
:106390006A46294601F094FD163018D00296A0688E
:1063A00003AA294601F02CFC002816DBA068012274
:1063B000294601F05DFEBEE7B3F1C06F05D0B3F131
:1063C000007F14BF01230223C7E70323C5E7A068AA
:1063D000694601F02DFE0028E0DA06B070BDA06825
:1063E0003246294601F06CFD0028D8D19DF80010F6
:1063F000A06801F001FE0028D1D007490748084AEB
:1064000040F2F11306F0F8FA054840F2F11106F0F7
:10641000EAFA6FF08500E0E77B190100FE09010050
:106420004F1901002DE9F043466840F20635337CF0
:10643000D00687B001F01F0702EA050547EA4317B7
:1064400054BFC2F340130323B5F5837F14468DF880
:10645000033044D00DD8062D16D005D8A5B1022D95
:106460003FD06FF0150037E0B5F5807FF9D10125F9
:106470000AE040F20222954235D0B5F5407F34D093
:10648000B5F5007FEDD10225220330D572680123D6
:106490008B40C2F80835B06888BB03A80397FFF7A4
:1064A0000DFF039B00EB8300C4F3004383F0010363
:1064B000C4F34044D0F8002744EA43049DF8033075
:1064C00022F4E16244EA830422F0070244EA05234D
:1064D0001343C0F80037002007B0BDE8F08307255C
:1064E000D2E70425D0E70525CEE70325CCE76303F3
:1064F00041BF012372688B40C2F80C35CBE70DF128
:106500000202394601F0DCFC14F4403F804617D10A
:10651000B068394601F058FDB8F1000FDBD19DF8A5
:106520000210B06801F068FD0028D4D01E491F4851
:106530001F4AFC2306F060FA1D48FC2106F053FABE
:106540004FF0000901ABCDE90199CDE90439CDF84F
:106550000C90B06803AA394601F052FB4845BADBFB
:1065600014F4003314D0C4F300449DF803308DF8C4
:106570000E3084F001048DF80C508DF80D40B06899
:106580004B4603AA394601F0FDFB0028C4DAA2E716
:10659000CDE904330DF103030393B06803AA394630
:1065A00001F02EFBF1E700BF7B190100FE0901009D
:1065B0004F190100420970B5034602D0012A1ED0CE
:1065C00070BD144E326951680029F9D003F01F03E1
:1065D00001250C689D400029F2D08A682A4012D01B
:1065E0004B6873B90C490D4A0D48892306F004FA2B
:1065F0000C4806F001FA0948892106F0F4F90A4E20
:10660000E0E7304698471CB1236821461C46E2E784
:106610002346FAE770DA0000B01F01007C18010081
:10662000FE090100E218010054DA000038B545689F
:10663000A86890B101F0AEFC014670B9A86801F0FD
:1066400073FC044658B902460649A86801F020FCCC
:10665000224605210620FEF729FF002038BD6FF0F5
:106660000400FBE7B565000008B50368590914D0BC
:10667000012906D140F2FF3203F01F03DA40D207AE
:106680000ED40B490B480C4A4FF4826306F0B4F960
:1066900009484FF4826106F0A6F94FF0FF32EBE7AC
:1066A00003600129054818BF4FF0A04008BD00BF96
:1066B0002C190100FE090100F91801000003005027
:1066C0002DE9F04F904685B0074600EB810940F276
:1066D000FF1AB94501D1002019E03968C1F3C72379
:1066E00013F0080BC1F3C320C1F3080468D1364B83
:1066F000090E544508BF4FF0FF3406291D5C56D0E3
:1067000008D8042918D005294DD06FF0850005B0B0
:10671000BDE8F08F4E29F8D1621CC8F814454AD064
:1067200003A80394FFF7A0FF0399012606FA01F1DD
:10673000C0F8081530460FE0C8F808455E46631CEF
:1067400039D003A80394FFF78FFF039984460120F3
:1067500000FA01F1CCF80C153968019101F4004CF4
:10676000BCF1000F08BF834603A818BF012603949D
:10677000FFF77AFF039C019900EB8400C1F34121EC
:10678000D0F800472D0224F4413445EA810524F471
:10679000437445EA0B0324F00304234343EA46030E
:1067A000C0F8003707E0C8F80C450126C7E7611CB0
:1067B000C8F8104501D104378BE75E465846CBE751
:1067C0006FF01500A3E700BFB62A0100014B0122BC
:1067D0001A60704700C000400C2903690BD15B6A46
:1067E000064907484B4393FBF0F100FB113311605E
:1067F0005360002070476FF08500704790D0030011
:1068000040420F00044B00690022C3F80021D3F876
:10681000003102F0AFBF00BF00C000407FB5056986
:10682000AB6A002B42D021F040010C2941D105F187
:1068300010064FF0FF324FF0FF33304602F0E2FD1A
:106840001D4B019300240323A86A03946946029315
:10685000FDF72CFCA04209DA1849194A19483D23D2
:1068600006F0CAF83D21164806F0BDF84FF0FF3299
:106870004FF0FF33284602F0F9FFA86AFDF7ACFCA1
:10688000002807DA0D490E4A0E48422306F0B4F8F4
:106890004221E8E70C4BD3F808256A6201225A60CE
:1068A000304602F077FE204604B070BD6FF00A005B
:1068B000FAE76FF08500F7E7CD670000380F0100B9
:1068C000A0190100FE09010000C0004010B50469D4
:1068D0000020FFF707FBA06248B911491148124A8E
:1068E000772306F089F81048772106F07CF84FF0FE
:1068F000FF320021204606F034FF04F1100006F0BC
:1069000029FF002201210C20FEF7D0FD0C20FEF70C
:106910009DFD064B0122C3F80423002010BD00BFDB
:10692000DA190100FE090100A019010000C00040B1
:10693000F0B50746446C4FF4FA535C4357F8203BDC
:1069400000261B68B4FBF3F44FF4004C0546C83432
:10695000314640F2E73085B04FF47A720023E4FB11
:106960000C01F9F76DFC02460B46384602F07EFF3B
:1069700068B1084B08490096CDE9016330463346BB
:10698000012206F092FA6FF0730005B0F0BD286B9B
:10699000FBE700BF001A01002CDD000010B5036802
:1069A000044623B31A7D12B3186906F0A4FE2368C7
:1069B00098681B7B02690121994043681B68194252
:1069C0000ED11049104A114840F2A26306F014F8A3
:1069D0000F4806F011F80C4840F2A26106F003F8E7
:1069E0001368194283680CBF1B69DB689847A36969
:1069F00033B9636004F11000BDE8104002F0BABE84
:106A000010BD00BF571A0100261A0100FE0901003F
:106A1000951A01007FB50D1E046906460BDAE16D7B
:106A200006F054FBC4F88C5004F17C0004B0BDE8BF
:106A3000704002F09FBED4F8A8305BB19D421ED9D1
:106A4000304B02930023CDE900332F490122184631
:106A500006F02BFAD4F8B0305BB19D4230D9294B07
:106A600002930023CDE9003327490122184606F09E
:106A70001CFA304604B0BDE8704006F053BA5B1B08
:106A8000C4F8A830A3B9D4F890300833C4F89030D3
:106A9000D4F89430013BC4F8943004F1A80204F116
:106AA000940104F1900006F0EDF9C4F8A400D1E7D8
:106AB000D4F8A430002BCDD02B44C4F8A430C9E7BF
:106AC0005B1BC4F8B030A3B9D4F898300833C4F8CD
:106AD0009830D4F89C30013BC4F89C3004F1B002EB
:106AE00004F19C0104F1980006F0CCF9C4F8AC0064
:106AF000BFE7D4F8AC30002BBBD02B44C4F8AC308B
:106B0000B7E700BFA71A01002CDD00002DE9F04116
:106B100098468B8804690E4699040746154600F18D
:106B200082804FF0FF324FF0FF3304F16C0002F02F
:106B30009DFE2666002D7FD1C4F890500023C4F836
:106B4000943004F1A80204F1940104F1900006F0DD
:106B500099F90546C4F8A400B8F1000F74D1C4F83F
:106B600098800023C4F89C3004F1B00204F19C0129
:106B700004F1980006F086F90023D4F894C0C4F814
:106B8000AC00C4F88C301A46624566D10022D4F8B5
:106B90009CE01146714568D193422CBFC4F8A030E7
:106BA000C4F8A02015B1D4F8A8302BB900286FD0B4
:106BB000D4F8B030002B6BD03146384600F00AF9DB
:106BC000054610BB04F15C08E66504F1B4052846EF
:106BD00002F0C6FE3049384606F061FA4FF0FF3247
:106BE0004FF0FF33284602F041FE3146384606F0AA
:106BF00057FA384606F096F94046FFF799FE0546E3
:106C000000283BD1B3889A040AD4E36D13B19B8862
:106C10009B0405D40023236604F16C0002F0AAFD56
:106C20002846BDE8F081636F002B7FF47AAF236EB6
:106C30009E427FF476AF7DE72B68C4F89030002B3E
:106C40003FF47CAF6B687AE7D8F80030C4F898302E
:106C5000002B86D0D8F8043084E7D4F8901001EBEC
:106C6000C201013249680B448EE7D4F898C00CEB9E
:106C7000C10C0131DCF804C062448BE710F1740FE1
:106C8000C3D1384606F044FA4046FFF751FEBCE750
:106C90006FF01505B9E700BF99CF000008B503688C
:106CA000590914D0012906D140F2FF3203F01F0325
:106CB000DA40D2070ED40B490B480C4A4FF48263DA
:106CC00005F09AFE09484FF4826105F08CFE4FF002
:106CD000FF32EBE703600129054818BF4FF0A040E1
:106CE00008BD00BF2C190100FE090100F9180100C0
:106CF0000003005010B5012303FA01F14368046951
:106D00001B6819420ED10E490E4A0F4840F2A26389
:106D100005F072FE0D4805F06FFE0A4840F2A261D0
:106D200005F061FE2368194218BF82F0010222B10A
:106D30008368DB68BDE81040184783681B69F9E782
:106D4000571A0100261A0100FE090100951A0100D8
:106D500002461248824210B517D21148824214D21C
:106D60001048824211D2104B9A420FD80F4B9A42D0
:106D70000ED80F4B9A420DD80E4B9A420CD80E4C9F
:106D80000E4B0F48A24298BF184610BD0D48FCE7B5
:106D90000D48FAE70D48F8E70D48F6E70048E80126
:106DA0000024F40000127A00FF083D007F841E00DA
:106DB0003F420F001FA107008FD0030048E80100E9
:106DC00090D0030000093D0080841E0040420F0067
:106DD00020A10700F0B5056995F828308FB0064668
:106DE0000C460BB3EA6A0B689A421DD12A6B4B68BA
:106DF0009A4219D195F84030097D994214D1B5F8DD
:106E00004420238B9A420FD16A6BA368F9B19A424E
:106E10000AD1AB6BE268534033F47F4304D1EA6B91
:106E200023699A4200F0B480A28812F4006313D060
:106E3000584B02930023CDE90033574901221846ED
:106E400006F0AEF86FF0850630460FB0F0BD9A42FE
:106E5000EAD1AA6BE368E4E712F001010DD03268D1
:106E600003924E4A4C490093CDE901321846012263
:106E700006F096F86FF01506E6E712F008030AD060
:106E8000474B0091CDE901130B46434901221846B7
:106E900006F086F8EEE702F4FC61B1F5807F04D0DD
:106EA000404A0093CDE90132EFE720683E4988422D
:106EB00001D83E4AF5E72B687768D3F80835591CA6
:106EC0000AD00493930704A844D4FFF7E7FE049A7A
:106ED00001239340C0F80C354FF0FF330793BB7F7D
:106EE00020688DF82230FFF733FFBB69834294BFDF
:106EF00009930990A388990703F0040232D5002A68
:106F00000CBF02220322C3F300138DF829304FF087
:106F1000FF338DF828200B9397F820308DF8303010
:106F200001238DF833308DF8343095F82830DBB1FB
:106F300004A9284601F018FC0646E0B11C4B029358
:106F400000230390CDE9003313490122184606F0CF
:106F500027F879E7FFF7A2FE049A01239340C0F8CF
:106F60000835B9E79208CEE7124A334604A9284605
:106F700001F0C6FBE0E705F12C0304F11C0254F814
:106F8000041B43F8041B9442F9D1012385F82830EF
:106F9000002659E7D21A01002CDD0000EC1A01008E
:106FA0000E1B01002D1B010047E801005C1B0100C6
:106FB0008D1B010069D000002DE9F84343680446A9
:106FC0001B6898476368DE7FDC6800250127B542AF
:106FD00002D30020BDE8F88320682179E38803F01C
:106FE0003002302AD0E901C9D0F810800ED12549ED
:106FF000254A264840F2F73305F0FEFC244805F008
:10700000FBFC40F2F731204805F0EDFC03F00602EE
:10701000042A09D11F491C4A1C4840F2FE3305F0DE
:10702000EBFC40F2FE31EEE7DCF800C0DA0707FACD
:1070300001FE54BF43F4B01383F4D0131EEA0C0FC7
:1070400023F480120CD114490F4A104840F2114326
:1070500005F0D2FC114805F0CFFC40F21141D2E717
:10706000D8F800C0DB074CBF4CEA0E032CEA0E0335
:10707000C8F80030D9F80030984708340028A9D162
:107080000135A4E7B11B0100261A0100FE09010029
:10709000EA1B0100271C0100571A0100951A010084
:1070A00038B51149D1E90030D41AE31840F1000095
:1070B00022F07F45C1E90030A5F50013B3F5400F7C
:1070C00009D20A4B1B681A0A1B065819084B42F1D1
:1070D0000001C3E9000104F047FB01462046BDE87A
:1070E000384004F0A7BA00BF501400205818002000
:1070F000581400200D4B1868010A0006BFF35F8F7B
:107100000B4BD3F80435181841F10001B3F5801F7B
:107110000AD2084BD3E90023904271EB030303D258
:1071200010F1807041F10001704700BF5818002035
:1071300000100140581400202DE9F7432E4CD4F8DC
:10714000043399070BD5D4F8043143B12B4A0023FB
:10715000C4F80431D4F80431136801331360D4F84F
:107160000433DA0343D5BFF35B8F254B53E8002F7D
:1071700022F0010143E800100028F7D1BFF35B8F34
:10718000D30702D4D4F840318BB30025C4F8405162
:10719000D4F84031FFF7AEFFEFF31182202383F3E1
:1071A0001288BFF36F8F174BD3E90267B042B94122
:1071B00020D34FF0FF304FF0FF31C3E90201D3E994
:1071C00000981D604FF48033C4F84833C4F8405130
:1071D000D4F8403182F31188BFF36F8FB9F1000FFB
:1071E00005D0CDF8008032463B460020C84703B0AA
:1071F000BDE8F083A946EDE70010014058180020D3
:1072000050180020401400202DE9F84F4B4DBFF3DB
:107210005B8F06460F4655E8008F28F0010345E8CE
:107220000032002AF7D1BFF35B8F454C4FF4803911
:10723000C4F80893BFF35F8FBFF36F8FFFF75AFF58
:10724000B04271EB070308F0010840D23D4B301A01
:1072500067EB0101984271F100014CD23A4BD3E93E
:1072600002239F4208BF96423ED04FF0000CC4F864
:107270004893C4F840C126F07F40D4F84031DFF88D
:10728000CCA0834603216FF0020E2BF07F43C4F89D
:107290004035C4F84493D4F80425AEEB02035B44B4
:1072A00023F07F4353451FD9D4F840315BB1D4F864
:1072B0000425131A23F07F43B3F5000F14D9C4F843
:1072C00040C1D4F8403101EB020B0131DDE7204B26
:1072D000BFF35B8F53E8001F41F0010143E8001248
:1072E000002AF7D1BFF35B8F174B1A4A1A60C3E924
:1072F000026700225A60B8F1000F1CD0BFF35B8F09
:1073000055E8003F43F0010345E80032002AF7D179
:10731000BFF35B8F4FF48033C4F804330C4BBFF3DF
:107320005B8F1B68BFF35B8FDB0742BF0A4B4FF4D9
:107330000032C3F80021BDE8F88F00BF54180020C8
:10734000001001400100800040140020FDFF7F007C
:1073500050180020A170000000E100E070B5194C49
:10736000194BC4F80833C4F84833184B00254FF0C4
:10737000FF304FF0FF31C4F80855C3E902014FF464
:107380008033C4F80433124B02264FF40032C4F8A1
:1073900004630121C3F8802111202A46FEF786F8F4
:1073A0001120FEF753F801230A4AA360002123604D
:1073B00009481360FFF728FF3046FEF79BFD28467B
:1073C00070BD00BF0010014003000F0040140020FA
:1073D00000E100E054180020FFFF7F00431C10B5BF
:1073E0000F4C05D08442A8BF0446012CB8BF01242D
:1073F000FFF780FE0B4AD2E90031C01AB0F5000F4A
:10740000074A0AD22044904228BF1046C018BDE85F
:10741000104041F10001FFF7F7BE1046F6E700BF4C
:10742000FFFF7F005014002008B5FFF763FE024BFA
:107430001B68C01A08BD00BF5014002037B504698E
:1074400094F835300D464BBB0B7B022B29D10B68D2
:107450000BBB94F834204B68D2B9134A591E9142A1
:1074600019D823630DF10701204601F0D1FB10F17B
:107470000C0F0BD0AB689DF8070013B1021D44F848
:10748000223094F83430013384F8343003B030BD06
:10749000226B9A42E6D06FF01500F7E76FF00F000D
:1074A000F4E76FF08500F1E7FEFFCF0710B500228B
:1074B000046901211020FDF7F9FF00232046034A4B
:1074C000BDE81040194601F045BB00BFD174000073
:1074D000F8B50A4E0C46012704B9F8BD94FAA4F594
:1074E000B5FA85F52B1D56F8233013B1044829460B
:1074F000984707FA05F524EA0504EDE73413002060
:107500008CDA00004FF08053D3F830210D2A55D18A
:107510004FF080410022C1F80C21C1F81021C1F8C0
:107520003825304AD3F80404C2F82005D3F80804FB
:10753000C2F82405D3F80C04C2F82805D3F81004C7
:10754000C2F82C05D3F81404C2F83005D3F8180497
:10755000C2F83405D3F81C04C2F84005D3F820045F
:10756000C2F84405D3F82404C2F84805D3F8280427
:10757000C2F84C05D3F82C04C2F85005D3F83004F7
:10758000C2F85405D3F83404C2F86005D3F83804BF
:10759000C2F86405D3F83C04C2F86805D3F8400487
:1075A000C2F86C05D3F84434C2F87035D1F8003411
:1075B000DB0709D56FF00103C1F800344FF08053A9
:1075C000D3F830310D2B0CD14FF08053D3F8343138
:1075D0003BB14FF01023D3F808224FF08043C3F89B
:1075E0005825704700C00040014B00201B68184719
:1075F0005C180020014B1B68184700BF5C18002076
:1076000010B50C4C237993B9012323710A4B2060E8
:10761000002818BF184600F095F850B923680748AD
:10762000002BBDE8104008BF184600F0F9B86FF015
:10763000770010BD5C180020E9750000F5750000AA
:1076400008B50C4B1A794AB90B490C480C4AB123BE
:1076500005F0D2F90A48B12105F0C5F91B683BB124
:107660000020FDF715FF18B9BDE80840FDF7EEBE94
:1076700008BD00BF5C180020C01C0100FE0901000D
:10768000831C010008B5124B1B795BB91149124AE2
:10769000124840F2051305F0AFF940F205110E480B
:1076A00005F0A1F958B101280DD00D490A4A0B483F
:1076B0004FF4927305F0A0F94FF49271EFE7BDE833
:1076C000084000F0BFB8BDE8084000F049B800BF6E
:1076D0005C180020C01C0100831C0100FE09010091
:1076E0002721010008B5124B1B795BB91149124AD9
:1076F000124840F22B1305F07FF940F22B110E488F
:1077000005F071F928B1012807D1BDE8084000F063
:1077100055B8BDE8084000F0E1B80949064A0748F5
:107720004FF4A57305F068F94FF4A571E7E700BFC2
:107730005C180020C01C0100831C0100FE09010030
:1077400027210100054B0246187918B91A60012259
:107750001A7170476FF07700704700BF64180020FF
:1077600008B512490B794BB911491248124A7723CF
:1077700005F042F91048772105F035F94FF08043C4
:107780000022C3F80021D3F8002101221A60096801
:1077900011B1C3F8042308BDD3F80021002AFBD09F
:1077A0000022C3F80021D3F80031F4E76418002068
:1077B000C01C0100FE090100DE1C010008B5084BD9
:1077C0001B794BB907490848084A892305F014F981
:1077D0000648892105F007F9BDE8084005F04ABDD3
:1077E00064180020C01C0100FE090100DE1C01001D
:1077F0004FF08043D3F80423D2070DD5D3F80021EE
:1078000052B10022C3F80021D3F800210122C3F8AD
:107810000823024B1B681847704700BF64180020FC
:10782000074A13794BB901215371106011714FF060
:1078300080421846C2F8183570476FF077007047DD
:107840006C18002010B5214C23794BB920492148F0
:10785000214AE52305F0D0F81F48E52105F0C3F8DB
:107860004FF08043D3F81814D3F81824C90315D562
:10787000900701D005F01AFD4FF080430022C3F8B5
:107880001825C3F80421D3F8042101229A60226844
:1078900072B9D3F80421002AFBD011E0D3F81424E4
:1078A000D107E9D5D3F81C249207E3D122681AB195
:1078B0000222C3F8042310BDD3F80421002AFBD010
:1078C0000022C3F80421D3F80431F4E76C18002037
:1078D000C01C0100FE090100211D010008B5094B73
:1078E0001B795BB908490948094A4FF4917305F0BF
:1078F00083F807484FF4917105F075F8BDE808402A
:1079000005F0D4BC6C180020C01C0100FE09010069
:10791000211D01004FF08043D3F80C14D3F80C2440
:10792000C80322D5D10720D5D3F81824D2031CD5FB
:10793000114A517901F0FF00D1B9C3F80C01D3F815
:107940000C11012151711961126822B10822C3F88A
:10795000042300207047D3F80C21002AFBD000221A
:10796000C3F80C21D3F80C31F3E76FF076007047C1
:107970006FF00F00704700BF6C180020F8B54FF093
:1079800080431C4ED3F80443012704F01A04002559
:1079900004B9F8BDB4FA84F0C0F11F00830003F508
:1079A00080739BB203F1804307FA00F2196892B228
:1079B00024EA02040029EBD01D601B684FF08043CD
:1079C000082AC3F808230FD0102A0ED0022A0CD0A0
:1079D00009490A480A4A4FF4F57305F00DF80848BA
:1079E0004FF4F57104F0FFFF75713368C0B298472A
:1079F000CEE700BF6C18002027210100FE0901001E
:107A0000211D0100034A430900F01F00D35C184404
:107A1000C0B27047BE2A010010B504460846FFF701
:107A2000F1FF04EB4000838ADA051CD5C3F3432140
:107A300023F4F853838204F1120204F1660032F851
:107A4000023F13F4807F03D0C3F3432399420AD04B
:107A50009042F4D104EBC10300225A6004F16C009F
:107A600005F0E2FB00B910BD05490648064A4FF48F
:107A7000DB7304F0C1FF04484FF4DB7104F0B3FF83
:107A80007B190100FE090100641D010008B50268B0
:107A90000146104605F023FC58B91149114A124815
:107AA0004FF4826304F0A8FF4FF482610D4804F0A4
:107AB0009AFF02F01F0352090B600BD0012A0CD071
:107AC0000A49084A084840F2194304F095FF40F279
:107AD0001941EBE74FF0A04008BD0548FCE700BFA7
:107AE0002C190100F9180100FE09010027210100ED
:107AF00000030050072808B50BD908490848094A6F
:107B000040F2A73304F078FF064840F2A73104F0B2
:107B10006AFF800000F5807008BD00BFD71D01001E
:107B2000FE090100A21D0100024611F0010030B55E
:107B300015D18B07C1F3400022D51249D1F8200599
:107B400050604FF08052C1F82005D2F830210D2A44
:107B500008BFD1F82025003818BF012010E04FF0F1
:107B6000A0444FF08055D4F820351360C4F8203578
:107B7000D5F830510D2D08BFD4F82045002BD8D0B2
:107B800030BD00BF00030050F7B504460846FFF7BC
:107B900039FF04EB40060D46B38ADB072AD52046A1
:107BA00005F090FC2946204605F0ABFB50B120467D
:107BB00005F0D6FB276807EB80000023C0F81035DE
:107BC000C0F81035204629460024FFF725FFB4826F
:107BD00001A80195FFF75AFF019B00EB8300074BBB
:107BE000D0F80027134043F00203C0F800372046C6
:107BF00003B0F0BD6FF01500FAE700BFF0F8FCFF2E
:107C00002DE9F0430E4685B01746044658B95A4947
:107C10005A485B4A40F25E4304F0EEFE584840F298
:107C20005E4104F0E0FE0846FFF7ECFED7F8008066
:107C30000546B8F1000F19D0204605F086FB18BBA9
:107C4000CDE900008DF80E008DF80F0043460DF1D0
:107C50000F020DF10E01304605F0ABFB04EB4502BF
:107C6000938A23F0020343F0010393827B689BB362
:107C70003146204693F80080D3F8049005F05AFB73
:107C800028B1B9F1000F1FD06FF0150027E004EB09
:107C90004500838A23F4604323F020038382B9F1F3
:107CA000000F11D0B8F1030FEED87B6821685B6834
:107CB00093F800C04FEA8C031944B8F1000F11D1BA
:107CC000C1F81085C1F8108504EB4502938A23F0B2
:107CD0001C0343EA88039382BB6843BB002005B0C2
:107CE000BDE8F083D1F8102522F00302C1F8102579
:107CF00022681344D3F8102522F44F3222F4407244
:107D0000C3F810253202D3F8101502F47C5242EA6F
:107D100008420A43C3F8102504EB4C03A3F8706033
:107D2000838A43EA4C3343F020038382CCE7D3E9D0
:107D3000007831462046FFF76FFE002FCED06368F3
:107D40009F4206D004F16C0005F050FA002804DAD6
:107D5000C5E7A3689845F5D1002004EBC003C3E94B
:107D6000017804EB4505C0B2AB8A43EA402343F4F3
:107D70008073AB82B2E700BFE11D0100FE09010084
:107D8000641D01002DE9FF410C4616461F460546BD
:107D900058B93C493C483D4A4FF48D6304F02CFEF1
:107DA0003A484FF48D6104F01EFE0846FFF72AFEA4
:107DB000804616B3284605F0BDFA18B9284605F0E6
:107DC000A0FA08BB2146284605F0A6FA10B1737840
:107DD000012B19D001238DF80F300023CDE900636A
:107DE000721CB31C0DF10F01204605F0E2FA05EB01
:107DF0004802938A43F003039382002F3FD0214629
:107E0000284605F097FA20B96FF0150004B0BDE8D8
:107E1000F0813E782B6803EB8603002205EB4800D7
:107E2000C3F81025C3F81025838A23F4604323F098
:107E30002003838279784FEA860C01B32A68BF78E1
:107E400062440904D2F8103523F4991323F4F8534B
:107E5000C2F81035230201F4403103F47C530B4384
:107E60003905D2F8105501F480110B432B43C2F8A9
:107E70001035838A43EA463343F02003838200208F
:107E8000C4E700BFE11D0100FE090100641D0100FF
:107E900008B558B907490848084A40F2714304F048
:107EA000ABFD064840F2714104F09DFDC0E90312AC
:107EB00008BD00BFE11D0100FE090100641D0100B5
:107EC00070B51546044658B91349144A144840F28F
:107ED0007A4304F091FD40F27A41104804F083FDAA
:107EE0004AB910490D4A0E4840F2233304F084FD8C
:107EF00040F22331F1E705F004FA48B10846FFF7F4
:107F000081FD04EB40040020A38A5B0B2B7070BD45
:107F10006FF01500FBE700BFE11D0100641D0100CB
:107F2000FE090100EC1D010070B5044658B9164960
:107F30001648174A4FF4916304F05EFD14484FF45D
:107F4000916104F050FD90F88050D5B95422294633
:107F5000143005F0AFFC2668E8B20135FFF7CAFD22
:107F6000082DF9D10025C6F87C5146F30730D6F824
:107F70007C31FDF76BFA012384F88030E3662846F4
:107F800070BD6FF07700FBE7E11D0100FE09010005
:107F9000641D010008B558B908490948094A40F26A
:107FA0008F4304F029FD074840F28F4104F01BFD88
:107FB00090F88000003818BF012008BDE11D0100C5
:107FC000FE090100641D010008B558B907490848B9
:107FD000084A40F29D4304F00FFD064840F29D41DF
:107FE00004F001FDBDE80840FFF7CEBDE11D010032
:107FF000FE090100641D010008B558B90849094887
:10800000094A40F2A44304F0F7FC074840F2A441B7
:1080100004F0E9FCBDE80840044805F005B900BFDC
:10802000E11D0100FE090100641D01007013002024
:1080300010B50C4658B90A490A480B4A40F2AB43FE
:1080400004F0DAFC084840F2AB4104F0CCFC0748ED
:1080500005F0CCF80028A4BF2070002010BD00BFA0
:10806000E11D0100FE090100641D010070130020E4
:108070002DE9F3410D461646044658B93849394AA8
:1080800039484FF4A56304F0B7FC4FF4A5613548B7
:1080900004F0A9FC05F040F948B93449314A3248A6
:1080A00040F2354304F0A8FC40F23541EFE72046AA
:1080B00005F027F92768F8B1204605F03BF980461E
:1080C000D0B9204605F04CF90546FFF713FD47F8F7
:1080D00000803B58236803EB8503D3F8102542F05A
:1080E0000102C3F8102526B122680123AB40C2F873
:1080F000043302B0BDE8F081D7F80433002BA4BFED
:108100004FF00043C7F804334EB91949154A1648D1
:1081100040F24F4304F070FC40F24F41B7E728466D
:10812000FFF770FC04EB4004A38AC3F38203042B23
:1081300012D0052B12D001A80195FFF7A7FC019BD7
:10814000D0F81015D94001F001010231284602B0E3
:10815000BDE8F04105F07AB90321F7E70221F5E720
:10816000E11D0100641D0100FE090100F61D010072
:10817000171E010008B558B907490848084A40F2D7
:108180002F5304F039FC064840F22F5104F02BFC29
:10819000BDE8084005F096B9E11D0100FE090100A7
:1081A000641D01002DE9F04F07468BB058B97549A1
:1081B0007548764A40F25C6304F01EFC734840F256
:1081C0005C6104F010FC8046082258F804ABDAF831
:1081D0000413C9B241F00041504605F046F9051EAE
:1081E0002FDA0023032108A8CDE90833FFF79CFC10
:1081F000674B02930DF120094FF0000B029A65497D
:1082000012F8013B0292DA0803F007038A5C22FAB3
:1082100003F3DB071CD40BF10103022B09F1040962
:108220004FF0010BEAD14FF000410022504605F01B
:108230001CF9032108A8FFF777FC0028D8D125F006
:1082400000450124002D40F086800BB0BDE8F08F82
:10825000514B5B440393D9F800100029DBD0039BFA
:1082600091FAA1F11C78B1FA81F141EA4414204657
:10827000FFF7C8FB07EB40000794828AC808C2F3E7
:10828000820319F800600193CDE9042301F007018E
:10829000012303FA01F126EA010109F8001007A8F9
:1082A000FFF7F4FB0799049A059B01F5E07112F0C2
:1082B000100F50F82160C6F3014633D0019A2146D1
:1082C000404605F057F807A80794FFF7DFFB079B28
:1082D00003F5E073F6B250F82330C3F301439E4236
:1082E00007D10021204605F0B1F83146204605F0BF
:1082F000ADF807A80794FFF7C9FB079B012202FA14
:1083000003F3C0F820354FF08053D3F830310D2BF4
:1083100001BFD0F82035D0F82035D0F82035D0F87E
:10832000203598E7022E14BF022103212046049332
:1083300005F08CF8049B032B03D0022E07D1012BF0
:10834000D7D1019A2146404605F014F8D1E7032E13
:10835000CFD1022BF4E795FAA5F3B3FA83F304FA2D
:1083600003F225EA020503F5A27207EB43035AF86C
:108370002220B3F87010C2F30142404604F0FAFF25
:1083800060E700BFE11D0100FE090100641D01005E
:10839000CE2A010058E10000CE2A010008B503688A
:1083A000590914D0012906D140F2FF3203F01F030E
:1083B000DA40D2070ED40B490B480C4A4FF48263C3
:1083C00004F01AFB09484FF4826104F00CFB4FF0F3
:1083D000FF32EBE703600129054818BF4FF0A040CA
:1083E00008BD00BF2C190100FE090100F9180100A9
:1083F00000030050F7B51746421C1C460646089B72
:108400000D4618D0012902D1BBB105F0E8F801A84A
:108410000196FFF7C3FF019B00EB83002402D0F815
:108420000027074B44EA87042C4313401C4344EACB
:108430004504C0F8004703B0F0BD05F0DDF8E6E7FD
:10844000F0F8FCFF104B98421BD011D80F4B98420C
:1084500017D008D80E4A0F4B984218BF90420CBF55
:108460000120002070470C4BC31A584258417047F6
:108470000A4B984205D002D8094A0A4BECE70A4B4E
:10848000F2E70120704700BF80841E0020A1070092
:1084900090D0030048E8010040420F000024F4009F
:1084A00000127A0000093D000048E8012DE9F74F6D
:1084B00091F8213005460C46FBB191F822806369A2
:1084C000774A934237D021D8764A934200F0C3804E
:1084D00016D8754A934200F0C180744A934200F066
:1084E000C08073497348744A4FF4B67304F084FA39
:1084F00071484FF4B67104F076FA4FF00208DEE7E7
:108500006E4A9342EDD14FF0805616E06C4A93428A
:1085100000F0AA8009D86B4A934200F0A8806A4A0A
:108520009342DED14FF0004607E0684A9342D8D12B
:108530004FF0A05601E04FF0005694F8232095F834
:10854000223062F3000385F82230227CDBB262F332
:10855000410385F8223094F82370002F32D16269EC
:108560005A4B9A420CBF4FF003094FF00009237E8B
:10857000012B94BF00230123009320684B463A4609
:108580000121FFF737FF009760684B463A4601210B
:10859000FFF730FF0097A27EA0684B463946FFF7F1
:1085A00029FF237C83F001030093E0684B463A46A1
:1085B0000121FFF71FFF01210091E0694B463A4678
:1085C000FFF718FF94F82130002B53D04FF0FF3302
:1085D0006B6294F8211094F812E0207E627E0029EC
:1085E00052D0E768217C94F8249094F820C02B683E
:1085F000B9F1000F12D1D4E900BAD4F80890E469B7
:10860000C3F808B5C3F80CA5C3F81095C3F86C45BA
:10861000C3F81475C3F86815C3F86485003A18BF29
:1086200001220228C3F8C0E5C3F824652FD003282F
:1086300030D0012801D142F00202C3F85425C3F81A
:1086400060C56B684BB3286840F3073003B0BDE8E2
:10865000F04FFCF7FBBE4FF000666EE74FF0007680
:108660006BE74FF0806668E74FF0206665E74FF0F4
:10867000804662E7E3686B62227C95F8223062F301
:10868000410385F82230A4E74FF0FF37ABE742F013
:108690000402D2E742F00602CFE703B0BDE8F08F54
:1086A00080841E0020A1070048E8010090D003004C
:1086B00027210100FE090100221E010040420F0097
:1086C0000024F40000093D0000127A000048E8018F
:1086D000431C07B50ED0019001A8FFF75FFE019B78
:1086E00000EB8300054BD0F80027134043F0020352
:1086F000C0F8003703B05DF804FB00BFF0F8FCFFE2
:108700002DE9F04190461F46044600B159B913497E
:108710001348144A40F21B2304F06EF9114840F24A
:108720001B2104F060F990F8205085B94869FFF7E3
:1087300089FE78B12046C4E90187FFF7B7FE01231F
:1087400084F8215084F820302846BDE8F0816FF08D
:108750007700FAE76FF01500F7E700BF5E1E010033
:10876000FE090100221E010038B5054658B913491B
:108770001348144A40F2532304F03EF9114840F2E2
:10878000532104F030F990F820206AB190F82120AC
:1087900002F0FF045AB94869FFF754FE50B1284669
:1087A000FFF784FE204638BD6FF07600FBE76FF0E0
:1087B0000F00F8E76FF01500F5E700BFE11D0100BD
:1087C000FE090100221E010070B5044658B9264971
:1087D000264A274840F27A2304F00EF940F27A2123
:1087E000224804F000F990F820304BB921491F4A83
:1087F0001F4840F27E2304F0FFF840F27E21EFE7AD
:10880000006840F30730FCF72FFE636843B1214650
:10881000194A51F8043BC3F80823206804F0C6FE47
:108820002368D3F80805D3F80C55D3F8106594F8ED
:108830002230DB0714D4FFF74BFF3046FFF748FF29
:108840002846FFF745FF606AFFF742FF2368D3F829
:108850006C05D3F81455FFF73BFF2846FFF738FFA8
:10886000002384F8203070BDE11D0100221E0100AC
:10887000FE090100751E0100520108002DE9FF41AB
:108880000E461746054658B95A495B4A5B4840F2BE
:108890008D3304F0B1F840F28D31574804F0A3F85D
:1088A00090F820306BB10B680BB94B684BB9B368CB
:1088B0000BB9F3682BB917F008080CD06B6A0133B9
:1088C00009D04F494C4A4D4840F2913304F094F896
:1088D00040F29131E1E795F82130002B40F086809D
:1088E0006B682BB117F0140F04BF012385F82130FA
:1088F00096E80F0005F1100484E80F00686A441C34
:1089000005D095F82230990718D504F068FE336831
:108910002C6823B103F06043B3F1005F06D1B36864
:108920007BB103F06043B3F1005F0AD0002385F808
:1089300021306FF00C0004B0BDE8F08104F05CFE63
:10894000E5E717F0010318BF0123C4F8503517F00D
:10895000020318BF0123C4F84035D6E900C1D6E9A7
:1089600002230020C4F844C5C4F84815C4F83425CF
:10897000C4F83835C4F81801D4F818010720C4F831
:108980000005B8F1000F10D168680126266160B9B2
:10899000D4F818010028FBD0CDE900C1CDE90223AD
:1089A00040216A46204604F0C3FD6B68A3B9686A9B
:1089B000421C05D095F822309B070AD504F01CFE16
:1089C000B8F1000F03D1291D204604F0EFFD00206F
:1089D000B1E704F004FEF3E717F0040F4FF0400393
:1089E00014BFC4F80833C4F80433F0E76FF00F0085
:1089F000A1E700BFE11D0100221E0100FE090100E8
:108A0000A11E010008B558B90F49104A104840F29C
:108A1000BE3303F0F1FF40F2BE310C4803F0E3FF38
:108A200090F82030011D4BB90A49084A084840F225
:108A3000C23303F0E1FF40F2C231EEE7BDE8084087
:108A4000006804F0B3BD00BFE11D0100221E01005B
:108A5000FE090100751E010070B5044658B91E4993
:108A60001E4A1F4840F2C93303F0C6FF40F2C93125
:108A70001A4803F0B8FF0246402152F8105B28461E
:108A800004F056FD38B363684BB91649134A1448CD
:108A90004FF4806303F0B0FF4FF48061E8E7606A51
:108AA000421C05D094F822309B0711D504F0A4FD98
:108AB00094F821301BB1211D284604F077FD204693
:108AC000002300F80C3FD4E90131BDE8704018479D
:108AD00004F085FDECE770BDE11D0100221E0100E0
:108AE000FE090100AE1F010070B504464868460C3F
:108AF0000D46C0034FF47A7200233146F7F7A0FB0E
:108B0000B6F57A7F09D310491048114A2C2303F097
:108B100073FF0F482C2103F066FF23682A68C3F80F
:108B20000C25C3F80405A36863B124680023C4F8C6
:108B3000003144F30730D4F80031FCF787FC0123FF
:108B4000C4F8043370BD00BFF71F0100FE09010027
:108B5000BC1F010038B548B90B490C480C4A5423D6
:108B600003F04AFF0A48542103F03DFFC0E9022305
:108B7000437933B90123437109B1FFF7B5FF0020F1
:108B800038BD6FF07700FBE7E11D0100FE09010031
:108B9000BC1F010008B500B149B90C490C480D4A89
:108BA000862303F029FF0B48862103F01CFF43793D
:108BB0002BB1022B06D0FFF797FF002008BD6FF006
:108BC0007600FBE76FF00F00F8E700BF5E1E0100C4
:108BD000FE090100BC1F010008B520B1037913B1E3
:108BE0004379012B09D007490748084ABB2303F002
:108BF00003FF0648BB2103F0F6FE02681360022360
:108C0000437108BD0F200100FE090100BC1F0100D7
:108C100010B548B919491A4A1A48D22303F0ECFE94
:108C2000D221174803F0DFFE11B14379012B07D0A1
:108C30001549134A1348D72303F0DEFED721F0E786
:108C4000EFF31184202282F31288BFF36F8F027931
:108C5000072A10D80A700132027102680978D2F826
:108C600008058B400343C2F80835002084F31188BF
:108C7000BFF36F8F10BD6FF00B00F7E7E11D010030
:108C8000BC1F0100FE0901007720010008B548B9AA
:108C90000E490F4A0F48FF2303F0AEFEFF210C4898
:108CA00003F0A1FE4379022B09D00B49084A094879
:108CB00040F2011303F0A0FE40F20111EFE7036858
:108CC000064A01F5C07143F8212008BDE11D0100ED
:108CD000BC1F0100FE090100B32001003546526EA1
:108CE00010B558B90F491048104A4FF4927303F069
:108CF00083FE0E484FF4927103F075FE0368D3F8BB
:108D00000414D3F800215AB10022C3F80021D3F88B
:108D10000031BDE81040D0E902324FF480701847AE
:108D200010BD00BFE11D0100FE090100BC1F0100D4
:108D300008B5134BA8220021184604F0BBFD0322FE
:108D4000026110494261104A8161C2614FF4805250
:108D50000262002282624262C26201660B4941667F
:108D60004FF4807181660A4902670346C266426712
:108D700011F8010D98540132102AF9D108BD00BF35
:108D800000110020E520010000010020000000206B
:108D9000E02A01002DE9F84FDFF8808098F80030D4
:108DA000532B82468946164601D0FFF7C1FF18278C
:108DB00007FB0A873D6FD7F86CB05D452BD9BC6EB9
:108DC000796E641BB44228BF344629444846224683
:108DD00004F062FDBB6E2544A144361BAB4208BFC4
:108DE0000025ABEB050B5E4528BF5E4656B1182348
:108DF00003FB0A833246596E4846294404F04CFD71
:108E00003444354424B1182303FB0A88C8F8705051
:108E10002046BDE8F88F0024E3E700BF00110020E2
:108E20002DE9F74FDFF88880182606FB008700FB46
:108E3000066646447D6AD7F828C07368AC4581460B
:108E40008B46144603EB050025D83B6AA3EB050AC5
:108E50000AF1FF3E724507D82C4404F01DFD7C62E8
:108E6000012003B0BDE8F08FE64472451ED852469B
:108E7000019304F011FD019B2C44E41A05D07068A5
:108E800022460BEB0A0104F007FD182303FB0988B7
:108E9000C8F82440E4E70CF1FF3CACEB050C94452A
:108EA00004D3254404F0F8FC7D62D9E70020D8E71C
:108EB00000110020F8B5144B182700FB07751D445E
:108EC00007FB00330E46DB6A012B14460AD0022B47
:108ED00014D023B9284604F09CFB844208D900240E
:108EE0002046F8BD284604F094FB844228BF04467F
:108EF00022463146284604F095FBF1E72846BDE8B6
:108F0000F84004F0AABB00BF00110020F8B50B4BDD
:108F10001B78532B04460E46174601D0FFF708FF77
:108F200004F0DCFB3A46054631462046FFF7C2FF17
:108F30000446284604F0DAFB2046F8BD0011002064
:108F4000034B182202FB00339A6A586A801A704752
:108F50000011002010B4084A08490023C85C12F828
:108F6000014D844204D10133102BF7D110BC70475E
:108F700010BCFFF7DDBE00BFE02A01000011002099
:108F800038B5436905463BB90024EA68537843F095
:108F900001035370604238BD984704460028F3D05F
:108FA00000F1FF03FE2B0ED9094A0A490A48212382
:108FB00003F022FD29680948224603F01DFD0448FC
:108FC000212103F010FDEB6844421C70DDE700BF77
:108FD000EE20010011210100FE09010029210100FC
:108FE0001FB50446FBF794FA064B0293002318467C
:108FF000CDE900330449012204F08CFB204604F043
:1090000099FB00BF4E21010014DD00002DE9F04165
:10901000044686B00E46EFF31188202383F31288AE
:10902000BFF36F8F042898BF2B4B2C4A98BF53F87F
:109030002030976888BF2A4B127C2A49039000256C
:10904000CDE90432284B0293CDE900552B4601228D
:10905000284604F05FFB6EB1F369C3F308034BB11C
:10906000224B20490095CDE9015301222B46284689
:1090700004F050FB2FB1384604F0AAFB08B1037886
:1090800003B91B481B4B02930023CDE90370CDE9C4
:10909000003318461349012204F03CFB31462046B8
:1090A000FFF79EFF042C0CD11349144A1448872360
:1090B00003F0A2FC134803F09FFC1048872103F043
:1090C00092FC88F31188BFF36F8F384606B0BDE875
:1090D000F041FCF7A7BA00BF5CE100007418002063
:1090E0005D21010014DD0000732101009B210100BE
:1090F0006B210100BC210100F6210100D4210100F7
:10910000FE0901001322010038B50A4B53F8204034
:10911000013053F82050A54200D838BD606830B106
:10912000037EDB0701D4FFF72BFF0834F3E7236846
:109130009847FAE770E1000070B5374B374C384D6F
:1091400086B0012203201A70FFF7DEFF04F0A3FBB4
:109150000420FFF7D9FFAC42264628D93149324ACC
:109160003248442303F048FC314803F045FC4421D5
:109170002D4803F038FC54F80C3C059354F8103C8F
:10918000049354F8143C039354F8183C029354F895
:109190001C3C019354F8203C009354E90A2354E901
:1091A0000C0100F0ADFE54F8303C5E65D3E7AE42F2
:1091B00004F13004DFD301F08FFB184CAC421FD90F
:1091C0001849194A1948682303F016FC184803F097
:1091D00013FC6821CCE7D4E90A23B3F1FF3F08BFB1
:1091E000B2F1FF3F05D052EA0301206803D101F03C
:1091F000A9FD3034E2E70F49183002F0D3F8F8E760
:10920000E9D301F0DBFBF8F7F5F90B4A938923F07A
:109210000103938106B070BDE31B002060DC0000F9
:1092200060DC0000B322010092220100FE0901006F
:10923000220E0100C5A40000E014002070B5002338
:1092400086B00122CDE90423134E144D01930F2261
:10925000CDE902321249142303FB005506EBC01678
:1092600004464FF4C07000FB04110E4B00954FF400
:10927000A072304600F044FE337C0B4AEE6023F0CF
:10928000040333744FF4046304FB033313442C745A
:109290006B6006B070BD00BF601400207418002021
:1092A00040240020BD930000001C00207FB500205A
:1092B000FFF72AFF334B83F30888334C636943F489
:1092C00000736361E02384F822300023E377237680
:1092D0006376A37684F82030626A42F4E022626208
:1092E00084F82330FCF71CF8FCF786F94FF0FF33C5
:1092F000A362E362FCF7F8FAFCF7FEF9FBF7CAF8A1
:10930000224800F0B5FE224B224A93420ED9224950
:10931000224A2348CC2303F06FFB224803F06CFB66
:109320001E48CC2103F05FFB1C33EEE7FCD3012089
:10933000FFF7EAFE0220FFF7E7FE01F0B1FB1A4B50
:109340001A4C5C611A4B05930025012319490095BD
:109350004FF48052CDE90353CDE90155164B204619
:1093600000F0CEFD237C064623F004032046237440
:1093700001F01AF82846FFF761FF0F4A31462046F0
:10938000FCF71CF94024002000ED00E060150020EF
:1093900038DA0000E0DA0000E02201009222010049
:1093A000FE090100220E010074180020E0140020C4
:1093B000D1020100C02500203991000008B50D4BF5
:1093C0009B6893F90E30002B09DB2024EFF3118307
:1093D00084F31288BFF36F8F03F07AFCF6E7064937
:1093E0000648074A1C2303F007FB05481C2103F02D
:1093F000FAFA00BF7418002019230100FE090100C9
:10940000F82201002DE9F341044617461E46EFF30A
:10941000058565B15449554A5548732303F0ECFA64
:10942000544803F0E9FA5148732103F0DCFAEFF3F2
:109430001188202383F31288BFF36F8F4E4801F009
:1094400057FF60B94D4A4E494948842303F0D4FA86
:1094500049494C4803F0D0FA84214848E5E746489A
:1094600001F06AFF484BE2689B6892B1A06898429D
:1094700027D057EA06022CD13F4801F047FF90B1B0
:1094800088F31188BFF36F8F6FF00F0002B0BDE853
:10949000F08193F90E10384821610132C4E902329B
:1094A00001F034FF78B9354A384931484FF499739F
:1094B00003F0A2FA3049364803F09EFA4FF499714E
:1094C000CBE72169E7E788F31188BFF36F8F0020AE
:1094D000DCE793F90E1090F90E30994205DA9942C3
:1094E000A8BF194604F02EF90546CDE900762248BA
:1094F0002246414601F02EF80028E8D0EFF311860D
:10950000202383F31288BFF36F8F1B4801F0F0FE16
:10951000002897D0184801F00FFFA068C0B1236859
:1095200021699C420AD04BB193F90E309942A8BFF1
:1095300019466FF07F039942B8BF194604F002F94B
:1095400030B10D48314604F087F96FF00A009DE70D
:10955000002DF6D1084801F0D9FE0028A3D086F3EB
:109560001188BFF36F8FF0E76323010041230100EF
:10957000FE09010075230100941800209D0C0100D4
:10958000F60C01000B0D010074180020CA0C01003C
:10959000E10C0100F8B50546EFF3058363B15549C9
:1095A000554A5648EA2303F027FA554803F024FAAF
:1095B000EA21514803F017FA8368002B00F09480E9
:1095C000504A9268934240F09280C3684BB94E492A
:1095D000494A4A484FF4817303F00EFA4FF48171FF
:1095E000E7E7012B03D0013BC3600020F8BDEFF398
:1095F0001187202484F31288BFF36F8F434801F052
:1096000077FE60B9424A43493C48842303F0F4F9A9
:109610003E49414803F0F0F984213D48CAE73B4800
:1096200001F08AFE2969A86804F08CF8EFF3118331
:1096300084F31288BFF36F8F83F31188BFF36F8FAA
:109640005BB93649364A2D48BB2303F0D5F9354876
:1096500003F0D2F9BB213248ACE72C68A54215D102
:109660000023C5E90233294801F050FE002836D115
:10967000274A2D4921484FF4997303F0BDF9234936
:109680002A4803F0B9F94FF49971C6E7002CE7D0E6
:10969000A3683BB92649224A1848A42303F0ACF931
:1096A000A421D8E7D4E9003213605A60237C002655
:1096B00023F002032374C4E90066A66004F11800D5
:1096C00001F04CFFAC6094F90E302B612046A66788
:1096D00000F06AFE0D48394604F0BEF885E787F3CE
:1096E0001188BFF36F8F80E76FF015007EE74FF0B2
:1096F000FF307BE76323010041230100FE090100E5
:1097000075230100741800209A230100941800208A
:109710009D0C0100F60C01000B0D0100DC23010083
:10972000B1230100F4230100CA0C0100E10C010087
:10973000F723010008B583684BB90B490B480C4A65
:10974000A42303F059F90A48A42103F04CF9D0E905
:10975000003213605A60027C0023C0E9003322F01B
:1097600002020274836008BDF7230100FE090100B4
:10977000B123010070B50446EFF31186202585F36F
:109780001288BFF36F8F2F4801F0B2FD60B92E4AE7
:109790002E492F48842303F02FF92A492D4803F03E
:1097A0002BF98421284818E0264801F0C5FDEFF385
:1097B000118385F31288BFF36F8F83F31188BFF392
:1097C0006F8F63B92449254A2148BB2303F014F95C
:1097D000234803F011F92148BB2103F004F925685F
:1097E000AC4212D08DB12846FFF7A4FF05F1180056
:1097F00001F0B4FE00232846AB6700F0D5FD3146EA
:109800001048BDE8704004F027B8D4E902329A420B
:1098100018BF01330B48A36001F078FD68B90A4A0C
:1098200010490B484FF4997303F0E6F805490E48C8
:1098300003F0E2F84FF49971B4E786F31188BFF3AF
:109840006F8F70BD981800209D0C0100F60C010070
:10985000FE0901000B0D0100DC230100B123010012
:10986000F4230100CA0C0100E10C0100F7B5044625
:1098700016461D46EFF305837BB152EA05030CD073
:109880002D492E4A2E48882303F0B6F82D4803F0C0
:10989000B3F82A48882103F0A6F8EFF311872023B4
:1098A00083F31288BFF36F8F274801F021FD60B961
:1098B000264A27492248842303F09EF82249254856
:1098C00003F09AF884212148E5E71F4801F034FDB0
:1098D000A368D3B1013B1C48A36001F017FD68B930
:1098E0001A4A1D4916484FF4997303F085F8164932
:1098F0001A4803F081F84FF49971E4E787F311886F
:10990000BFF36F8F002003B0F0BD56EA05030BD103
:109910000D4801F0FBFC0028E2D087F31188BFF36B
:109920006F8F6FF00F00EEE7CDE9006522463946F4
:10993000054800F00FFEE6E72E2401000E2401008A
:10994000FE090100F4230100981800209D0C01007D
:10995000F60C01000B0D0100CA0C0100E10C010026
:109960002DE9F0410546EFF31188202787F312888F
:10997000BFF36F8F304801F0BBFC064660B92F4A39
:109980002F493048842303F037F82B492E4803F041
:1099900033F88421294819E0274801F0CDFC002341
:1099A000EFF3118287F31288BFF36F8F82F3118870
:1099B000BFF36F8F62B92549254A2248BB2303F0C4
:1099C0001BF8244803F018F82148BB2103F00BF8DA
:1099D0002C68A5420FD074B12046FFF7ABFE04F10E
:1099E000180001F0BBFD6FF00A03A367204600F0EA
:1099F000DBFC3346D4E70022AA608BB90E4801F0A5
:109A000085FC98B90D4A14490E484FF4997302F039
:109A1000F3FF0949114802F0EFFF4FF49971B9E7DC
:109A200041460548BDE8F04103F016BF88F31188B0
:109A3000BFF36F8FBDE8F081981800209D0C0100E6
:109A4000F60C0100FE0901000B0D0100DC230100F2
:109A5000B1230100F4230100CA0C0100E10C010054
:109A60002DE9FF41794E0446EFF31187202383F35C
:109A70001288BFF36F8F764801F03AFC68B9754AD7
:109A800075497648842302F0B7FF7149744802F0A3
:109A9000B3FF84216F4802F0A6FF6D4801F04CFC33
:109AA000D4F88450F5B9022104F19C0003F065FE5E
:109AB000002840D004F1940500220121284601F03D
:109AC000D3FA0028F8D1002302934FF0FF324FF071
:109AD000FF33CDE90023394604F18C025C4801F0E4
:109AE00021FBC1E7D4F888202B68C4F88430954264
:109AF00008BFC4F88830D4F89C30554843F00203BE
:109B0000C4F89C30EB68D5F8048023F0040343F0DC
:109B10000103EB6001F0FAFBF8B94E4A51494F4896
:109B20004FF4997302F068FF49494F4802F064FF0F
:109B30004FF49971AEE7D4F89C30DD06C3D5C4F874
:109B40009C00434801F0E2FB0028E6D087F311882F
:109B5000BFF36F8F04B0BDE8F08187F31188BFF3C6
:109B60006F8FB8F1000F0AD140493C48404A40F29B
:109B7000F32302F041FF3E4840F2F3218BE72846F1
:109B8000C047EFF31187202383F31288BFF36F8F51
:109B90002F4801F0ADFB00283FF471AF2C4801F0D5
:109BA000CBFBEB68D90623F0010236D4EA60EB6800
:109BB0009A0716D5306823F00203EB6088B103687A
:109BC000002270B141688D4235D103686ABB72686A
:109BD0003360904200D17360002340F8083BFFF7E8
:109BE000C9FDD4F89C3023F00203C4F89C30DB0597
:109BF00029D4D4F88450003D18BF0125144801F041
:109C000085FB002889D087F31188BFF36F8F002D63
:109C10003FF42AAF00F04CFF26E723F01103EB607E
:109C200005F11000FFF7A6FDC1E7136073689842C5
:109C300008BF7260D0E702461BB1196818460B4690
:109C4000BFE71946FAE70025D8E700BF9C180020B7
:109C5000A41800209D0C0100F60C0100FE09010073
:109C60000B0D0100CA0C0100E10C0100D124010020
:109C70007B240100F8B5C3689A0704460E46C3F377
:109C800040054FD45F074FD40B680BB983680B6056
:109C9000E368D80736D5A3685BB925492548264A25
:109CA00040F2571302F0A8FE234840F2571102F089
:109CB0009AFE33600225376867B3204B9A68D7F85D
:109CC00080309A4220D103F07AFD80F00100C0B2CA
:109CD000D7F89C30D907C3F380021ED502B308B36E
:109CE00000232360D7F8883083B9C7E92144384678
:109CF00003F04EFDE36843F00403E3603368A360C0
:109D00002846F8BD0125D6E70020E1E71C60C7F82A
:109D10008840ECE76FF0150506E06FF0120503E0F0
:109D20001B07DDD56FF00F0500233360E8E700BFA8
:109D30009C240100FE0901007B240100741800200E
:109D400037B50C46019059B92849294A294840F2AB
:109D50007D1302F051FE40F27D11254802F043FED2
:109D60004B684BB92449224A22484FF4BF7302F092
:109D700043FE4FF4BF71F0E7EFF31185202383F327
:109D80001288BFF36F8F1D4801F0B2FA60B91C4A08
:109D90001C491848842302F02FFE18491A4802F083
:109DA0002BFE84211648D9E7144801F0C5FA204655
:109DB00001A9FFF75FFF0446104801F0A7FA68B950
:109DC0000F4A12490B484FF4997302F015FE0B49E4
:109DD0000F4802F011FE4FF49971E3E785F3118803
:109DE000BFF36F8F204603B030BD00BFB724010022
:109DF0007B240100FE090100CB240100A4180020EF
:109E00009D0C0100F60C01000B0D0100CA0C0100B5
:109E1000E10C01000146014803F0C1BC001600201E
:109E2000F0B589B004460E9D58B92F492F4A3048E5
:109E300040F2533302F0E0FD40F253312B4802F080
:109E4000D2FD49B92B49294A29484FF4557302F0EC
:109E5000D3FD4FF45571F1E7D0F89C0010F00100EC
:109E600009D02549214A224840F2553302F0C4FD69
:109E700040F25531E2E7C4E9210004F18C00C4E965
:109E8000230004F19400C4E9250055B32879002883
:109E900040F2011008BF0120C4F89C0000204FF0E0
:109EA000FF364FF0FF37CDE90330CDE90100CDE9B2
:109EB0000667124B0094204600F094F855B12968CB
:109EC00011B1204603F081FC6B791BB1A38943F0EB
:109ED0000103A381204600F035FFC4F8804009B09B
:109EE000F0BD0120D8E700BF1C2501007B24010044
:109EF000FE09010022250100E8240100619A00000A
:109F00002DE9F04385B005460F9C0F2C0E461F46E9
:109F100045D12E4B9F4246D1073222F007027F32B5
:109F20001099A98105F1580322F03F02C5E91633C3
:109F3000042100233F2AC5E90633AB602974AC73C2
:109F4000EB7306F14009A2F1400805D883F31188AC
:109F5000BFF36F8F084602DFB41821462846FAF790
:109F60008DFE07300E9B20F00700A866C5E9189803
:109F700002930D9B0193241A0C9B009322463B46AF
:109F800031462846FBF7E8FA00236B65104B9B68C7
:109F900003B1DB6EEB66204605B0BDE8F08304F14B
:109FA00010031E2BB8D90B4A0B490C4840F24B2327
:109FB00002F022FD0A4821466FF00F030E2202F044
:109FC0001BFD044840F24B2102F00DFDBD93000043
:109FD00074180020282501004B250100FE0901000E
:109FE000CB250100F0B587B0DDE912760446EFF32A
:109FF000058575B119491A4A1A4840F2173302F01B
:10A00000FBFC194802F0F8FC154840F2173102F049
:10A01000EAFC0595109D04950F9D03950E9D0295F4
:10A020000D9D01950C9D0095FFF76AFFB6F1FF3F6E
:10A0300008BFB7F1FF3F05D056EA070305D1204618
:10A0400000F080FE204607B0F0BD3A46334604F1EA
:10A050001800064901F0A6F9F4E700BF63230100E8
:10A0600028250100FE090100FC250100C5A400000F
:10A070000123037483810023C0E91833C366014BB5
:10A08000986070477418002070B590F91020037C18
:10A09000002A49DBD90647D163F07F030374264BBE
:10A0A000984209D125492648264A522302F0A4FCA9
:10A0B0002448522102F097FC234C2246E16952F8D1
:10A0C000183F934207D1C0E900210860E0610FE02A
:10A0D0008B42F8D01B68002BF5D093F90E6090F9F5
:10A0E0000E50AE42F4DD5968C0E900310860586096
:10A0F000A569954200D005B9E568A3685BB9134925
:10A10000134A0F48EA2302F077FC124802F074FC6D
:10A110000F48EA21CEE71A7CD20606D1DA897F2AD7
:10A1200003D9AA690AB9636170BDAB4202D028465F
:10A1300001F058F86561F7E760140020432601003C
:10A14000FE0901002126010074180020902601005C
:10A1500064260100F423010038B590F91020037C37
:10A16000002A01461BDA224A03F07F03904203745F
:10A1700009D12049204A21485A2302F03DFC5A21A6
:10A180001D4802F030FCDC0707D51D491A4A1B4860
:10A190005B2302F031FC5B21F2E703F01BFB194D5E
:10A1A0002A46AB6852F8184F944200D004B9EC68C4
:10A1B0008B4214D05BB91449144A1048EA2302F0C8
:10A1C0001BFC134802F018FC1048EA21D9E71A7C5E
:10A1D000D20604D1DA897F2A01D9A2692AB1A34221
:10A1E00002D0204600F0FEFF23466B6138BD00BF61
:10A1F000601400204326010021260100FE09010011
:10A20000B726010074180020902601006426010082
:10A21000F423010008B5124A936880B1197C11F04B
:10A22000090F0CD10F49104A1048D92302F0E4FB62
:10A230000F4802F0E1FB0C48D92102F0D4FB6FF08B
:10A240000A0199670B4958674B6843F080534B608C
:10A25000002383F31188BFF36F8F9368986F08BD55
:10A2600074180020FA260100D0260100FE09010022
:10A270006327010000ED00E070B504460D46F9B912
:10A28000EFF30586E6B91A4B5A699B689A4217D0D4
:10A2900001F03CF878B9174A1749184840F26D1395
:10A2A00002F0AAFB2146164802F0A6FB40F26D110F
:10A2B000104802F098FB3046BDE87040FFF7AABF97
:10A2C000204601F023F868B90A4A0B490B484FF4BD
:10A2D000997302F091FB2146094802F08DFB4FF47F
:10A2E0009971E5E785F31188BFF36F8F70BD00BFEB
:10A2F000741800209D0C0100CA0C0100FE09010029
:10A30000E10C010008B583684BB9094909480A4ABC
:10A31000A42302F071FB0848A42102F064FB03F0BF
:10A3200059FA037C23F0020303740023836008BD01
:10A33000F7230100FE090100B123010038B5184CD4
:10A34000A168E0690B68814214BF1A46002249687F
:10A350000B605960A368E1692AB9124AC3E9002178
:10A360000B60E3610AE092F90E5093F90E0085420A
:10A3700012DD5168C3E900210B605360A569094BE8
:10A380009D4200D005B9E568A3689D4202D02846E9
:10A3900000F028FF656138BD8A42DED01268DBE735
:10A3A000741800208C18002038B50446EFF311858E
:10A3B000202383F31288BFF36F8F174800F098FFB4
:10A3C00068B9164A16491748842302F015FB12494A
:10A3D000154802F011FB8421104802F004FB0E48DE
:10A3E00000F0AAFF2046FFF74FFE0B4800F08EFF5B
:10A3F00068B90A4A0D490B484FF4997302F0FCFA08
:10A4000005490B4802F0F8FA4FF49971E4E785F337
:10A410001188BFF36F8F38BDA81800209D0C010074
:10A42000F60C0100FE0901000B0D0100CA0C010031
:10A43000E10C010038B50446EFF31185202383F3C6
:10A440001288BFF36F8F184800F052FF68B9174A9F
:10A4500017491848842302F0CFFA1349164802F02E
:10A46000CBFA8421114802F0BEFA0F4800F064FFD5
:10A47000A36813B12046FFF745FF0B4800F046FFE5
:10A4800068B90A4A0D490B484FF4997302F0B4FABF
:10A4900005490B4802F0B0FA4FF49971E2E785F3F1
:10A4A0001188BFF36F8F38BDA81800209D0C0100E4
:10A4B000F60C0100FE0901000B0D0100CA0C0100A1
:10A4C000E10C010038B5A0F11804EFF31185202349
:10A4D00083F31288BFF36F8F174800F009FF68B944
:10A4E000164A17491748842302F086FA124916487B
:10A4F00002F082FA8421114802F075FA0E4800F049
:10A500001BFF204603F094F90B4800F0FFFE68B9EA
:10A510000A4A0E490B484FF4997302F06DFA064946
:10A520000B4802F069FA4FF49971E4E785F311885A
:10A53000BFF36F8F38BD00BFA81800209D0C01002D
:10A54000F60C0100FE0901000B0D0100CA0C010010
:10A55000E10C01002DE9F047DFF8D4A0354D364B72
:10A560001746A842DAF808201A60DDE90898044680
:10A570000E460BD131493248324A40F2B92302F03B
:10A580003BFA304840F2B92102F02DFAEFF3118383
:10A59000202383F31288BFF36F8F284600F0A8FEB4
:10A5A00060B9294A29492648842302F025FA294618
:10A5B000274802F021FA84212348E5E7284600F0E5
:10A5C000BBFEDAF808503946284603F00BF9B8F11B
:10A5D000FF3F08BFB9F1FF3F06D01E494A46434638
:10A5E00005F1180000F0DEFE204600F08FFE68B98D
:10A5F0001949154A124840F26D1302F0FDF921463F
:10A60000164802F0F9F940F26D11D5E7094800F05B
:10A610007DFE40B910490C4A094840F26D1302F022
:10A62000EBF90449ECE73046BDE8F047FFF7F2BD2F
:10A6300074180020A8180020AC1800208B270100F7
:10A64000FE090100212601009D0C0100F60C01000D
:10A650000B0D0100C5A40000CA0C0100E10C0100B3
:10A6600070B50546EFF31186202383F31288BFF3FC
:10A670006F8F1B4800F03CFE68B91A4A1A491B4804
:10A68000842302F0B9F91649194802F0B5F984217A
:10A69000144802F0A8F9124800F04EFE2C68A542BA
:10A6A00015D014B12046FFF72DFE0D4800F02EFE08
:10A6B00078B90C4A0F490D484FF4997302F09CF990
:10A6C00007490D4802F098F94FF49971E0E700242A
:10A6D000EBE786F31188BFF36F8F204670BD00BF94
:10A6E000A81800209D0C0100F60C0100FE090100D5
:10A6F0000B0D0100CA0C0100E10C01002DE9F04135
:10A7000004460D46EFF31187202383F31288BFF32D
:10A710006F8F594800F0ECFD60B9584A58495948C4
:10A72000842302F069F95449574802F065F98421FD
:10A73000524818E0504800F0FFFD237C03F01F0250
:10A74000002A0CBF0126002662D103F07F03237488
:10A750004E4B9C4209D14E494E4A4A485A2302F078
:10A760004BF95A214B4802F03EF9204603F032F8EB
:10A77000237C43F080036DB2DA07A573237407D5F9
:10A780004549444A3F48532302F036F95321E9E74B
:10A79000DFF808814246D8F81C1052F8183F93425F
:10A7A00008D1C4E900210C60C8F81C400DE08B42C0
:10A7B000F7D01B68002BF4D093F90E00A842F6DD09
:10A7C0005968C4E900310C605C60D8F818409442C4
:10A7D00000D00CB9D8F80C40D8F808309C4202D010
:10A7E000204600F0FFFCC8F81440234800F08EFD1E
:10A7F00000283AD1214A2A4922484FF4997302F09D
:10A80000FBF81D49274802F0F7F84FF499718FE7DC
:10A810009B0728D5A16841B923491A48234AA42394
:10A8200002F0EAF82148A4219DE720466DB202F02B
:10A83000D1FFA5730B68994209D14B68C4E9001395
:10A840001C604C60D1E74A689342F6D01B68002B2D
:10A85000F3D093F90E20AA42F5DD5A68C4E900321C
:10A8600014605C60C1E7A573BFE787F31188BFF38D
:10A870006F8F3046BDE8F081A81800209D0C0100C4
:10A88000F60C0100FE0901000B0D01006014002010
:10A890004326010021260100B7260100741800207C
:10A8A000CA0C0100E10C0100F7230100B1230100F3
:10A8B000034648B9EFF3058232B9064A51699268F6
:10A8C000914201D0FFF7A6BC83F31188BFF36F8FCD
:10A8D000704700BF7418002010B5EFF311842023D7
:10A8E00083F31288BFF36F8F284800F001FD60B931
:10A8F000274A28492848842302F07EF8234927481C
:10A9000002F07AF88421224812E0204800F014FD79
:10A91000EFF3058373B12249224A1F4840F23B33CB
:10A9200002F06AF8204802F067F840F23B311D4817
:10A9300002F059F81D4B9A68D37B012B0CD11C49AE
:10A94000184A15484FF44F7302F056F8164802F0B3
:10A9500053F84FF44F71EAE7013BD3730B4800F013
:10A96000D5FC68B90A4A13490B484FF4997302F0B1
:10A9700043F80649104802F03FF84FF49971C2E7D6
:10A9800084F31188BFF36F8F10BD00BFA81800209B
:10A990009D0C0100F60C0100FE0901000B0D0100E9
:10A9A0006323010021260100F42301007418002014
:10A9B000C4270100CA0C0100E10C010070B5EFF3DF
:10A9C0001186202383F31288BFF36F8F2A4800F08B
:10A9D0008FFC68B9294A2A492A48842302F00CF8D6
:10A9E0002549294802F008F82448842101F0FBFF9A
:10A9F000264D214800F0A0FCAB68DA7B6AB92449F7
:10AA0000244A204840F24D3301F0F6FF224801F07D
:10AA1000F3FF40F24D311F48E8E7EFF3058161B1E4
:10AA20001E491C4A174840F24E3301F0E5FF1A4810
:10AA300001F0E2FF40F24E31EDE70132DA732A46CF
:10AA400052F8184F944200D004B9EC681A7CD20630
:10AA500004D1DA897F2A01D9A2692AB1A34202D09E
:10AA6000204600F0BFFB23466B6131460248BDE83B
:10AA70007040FFF701BC00BFA81800209D0C01002A
:10AA8000F60C0100FE0901000B0D010074180020F6
:10AA9000F527010021260100F423010063230100B2
:10AAA000024B03F11802C3E9062270477418002014
:10AAB00070B5EFF3058373B13849394A39484FF41B
:10AAC000906301F099FF384801F096FF34484FF445
:10AAD000906101F088FFEFF31186202383F3128841
:10AAE000BFF36F8F314800F003FC60B9304A314941
:10AAF0002C48842301F080FF2C492F4801F07CFF73
:10AB000084212B48E5E72D4C284800F015FCA1686E
:10AB1000E0690B68814214BF1A46002249680B6045
:10AB20005960A368E1692AB9254AC3E900210B608D
:10AB3000E3610AE092F90E5093F90E00854223DD9D
:10AB40005168C3E900210B605360A5691C4B9D420D
:10AB500000D005B9E568A3689D4202D0284600F000
:10AB600041FB1248656100F0D1FB88B9104A1549D4
:10AB70000C4840F26D1301F03FFF0C49124801F000
:10AB80003BFF40F26D11BCE78A42CDD01268CAE7A4
:10AB90003046BDE87040FFF73DBB00BF63230100B6
:10ABA00021260100FE090100F4230100A81800205D
:10ABB0009D0C0100F60C01000B0D01007418002023
:10ABC0008C180020CA0C0100E10C01002DE9F041B5
:10ABD00006460C46EFF3058777B13449344A3548C9
:10ABE0004FF4936301F008FF334801F005FF30484C
:10ABF0004FF4936101F0F7FE50EA010304D1FFF72F
:10AC000057FF0020BDE8F081EFF31188202383F384
:10AC10001288BFF36F8F294800F06AFB60B9284A99
:10AC200028492448842301F0E7FE2449264801F0FE
:10AC3000E3FE84212248DDE7244D204800F07CFB20
:10AC4000234BA8681860FFF787FAA86821492346B4
:10AC50003246183000F0A6FBAA68137C43F00403C8
:10AC600004461374154800F051FB68B9144A1A4998
:10AC7000104840F26D1301F0BFFE1049174801F073
:10AC8000BBFE40F26D11D5E74046FFF7C3FAAB6853
:10AC9000D3E90A23B3F1004F08BFBA42B1D102F0A1
:10ACA000F4FD201A20EAE070ACE700BF6323010046
:10ACB00021260100FE090100F4230100A81800204C
:10ACC0009D0C0100F60C01000B0D01007418002012
:10ACD000AC180020C5A40000CA0C0100E10C010062
:10ACE00070B506460D46EFF3058474B11149124A5A
:10ACF000124840F2C64301F07FFE114801F07CFE8D
:10AD00000D4840F2C64101F06EFEFFF75FFFB5F15E
:10AD1000FF3F08BFB6F1FF3F1FBF47F6FF734FF479
:10AD20007A72E0FB0234D80B14BF40EA44404FF083
:10AD3000FF3070BD6323010021260100FE090100E0
:10AD4000F423010038B50446EFF31185202383F383
:10AD50001288BFF36F8F204800F0CAFA68B91F4A03
:10AD60001F492048842301F047FE1B491E4801F07B
:10AD700043FE8421194801F036FE174800F0DCFA42
:10AD8000237C5B0710D504F1180000F0E7FB237C5F
:10AD900023F0040320462374FFF776F929460E4872
:10ADA000BDE83840FFF768BA0B4800F0AFFA68B961
:10ADB0000A4A0E490B484FF4997301F01DFE0649EB
:10ADC0000B4801F019FE4FF49971D3E785F3118810
:10ADD000BFF36F8F38BD00BFA81800209D0C010085
:10ADE000F60C0100FE0901000B0D0100CA0C010068
:10ADF000E10C0100014B9868704700BF74180020F7
:10AE00002DE9F84304468789EFF31185202383F366
:10AE10001288BFF36F8F824800F06AFA68B9814ADE
:10AE200081498248842301F0E7FD7D49804801F093
:10AE3000E3FD84217B4801F0D6FD794800F07CFADF
:10AE4000237C180717D5764800F060FA68B9754A70
:10AE5000784976484FF4997301F0CEFD70497648F1
:10AE600001F0CAFD4FF49971E4E785F31188BFF34F
:10AE70006F8FBDE8F883D90943F0080240F0838062
:10AE80002274A36813B12046FFF73CFA04F11800BE
:10AE900000F064FBA66D04F15808B04511D04FF0E6
:10AEA000000976B13046FFF72DFA06F1180000F0E0
:10AEB00055FBC6F878903046FFF7E6F8A66DB0452A
:10AEC000EFD1DFF87881D8F808309C427AD1EFF3DF
:10AED0000589B9F1000918BF4FF00109D8F81860C9
:10AEE000574A964200D00EB9D8F80C60B34202D04F
:10AEF000304600F077F92046C8F8146001F0DEFE15
:10AF0000B9F1000F02D04F48FFF7B2F8D8F8083077
:10AF10009C426AD1EFF30586002E66D1A389DA0739
:10AF20001FD53F4800F0F2F9002890D085F3118832
:10AF3000BFF36F8F86F31188BFF36F8F042318461A
:10AF400002DFEFF31185202383F31288BFF36F8FA5
:10AF5000334800F0CDF900283FF461AF304800F0ED
:10AF6000EBF92F4800F0D2F978BB2E4A31492F482F
:10AF700040F26D1301F040FD29492F4801F03CFDDE
:10AF800040F26D1156E7304A03F07F0343F00803A7
:10AF90009442237408D12D492D4A24485A2301F0A4
:10AFA0002BFD5A212A4846E7D90707D52949284ABF
:10AFB0001E485B2301F020FD5B21F3E7204602F0F1
:10AFC00009FC5EE74FF0000988E72846FFF722F901
:10AFD00021491F4A15484FF4EE7301F00DFD1F483B
:10AFE00001F00AFD4FF4EE71DCE70D4800F08EF938
:10AFF00000283FF42CAF85F31188BFF36F8FFB0758
:10B000007FF537AF124A1649084840F2A25301F0C3
:10B01000F3FC2146134801F0EFFC40F2A251C1E7D6
:10B02000A81800209D0C0100F60C0100FE0901008B
:10B030000B0D0100CA0C0100E10C01007418002086
:10B040008C180020601500206014002043260100A9
:10B0500021260100B7260100262801003128010021
:10B06000532801005E2801002DE9F8430646884672
:10B070001746EFF31189202383F31288BFF36F8FF4
:10B08000214800F035F9054668B9204A2049214891
:10B09000842301F0B1FC1C491F4801F0ADFC842160
:10B0A0001A4801F0A0FC184800F046F93468A6429E
:10B0B0001FD004B32046C4F878806761FFF722F9F7
:10B0C00004F1180000F04AFA2046FEF7DDFF0E48B2
:10B0D00000F01CF988B90D4A10490E484FF49973D5
:10B0E00001F08AFC08490E4801F086FC4FF4997182
:10B0F000D6E70025EBE72546E9E789F31188BFF39A
:10B100006F8F2846BDE8F883A81800209D0C010029
:10B11000F60C0100FE0901000B0D0100CA0C010034
:10B12000E10C0100D3B5DDE90667089CCDE90067B5
:10B13000FFF710FA1CB1034B9B685B69236002B0F8
:10B14000D0BD00BF74180020027C12F01F0203461D
:10B1500010D10A4988420DD00949086868B1D989D7
:10B160007F2909D893F90E20064B1B689A42B8BF75
:10B170000020704700207047104670476014002080
:10B1800074130020B018002008B568B10F4B984226
:10B190000AD303F11802904206D2C01A1822B0FB5B
:10B1A000F2F302FB13034BB109490A480A4A3F2351
:10B1B00001F022FC08483F2101F015FC074BC010AC
:10B1C0005843074B01221A5408BD00BFE015002068
:10B1D000A4280100FE0901007C280100ABAAAAAA4C
:10B1E000E41B002070B50C4B0C4D1E7CFFF7ACFF30
:10B1F000182303FB06550446284600F0AFF9084B18
:10B2000000229A553CB1621E28460649BDE87040AE
:10B21000D31700F0C7B870BD74180020E0150020E7
:10B22000E41B002089B1000038B5EFF3118520231D
:10B2300083F31288BFF36F8F234800F059F868B981
:10B24000224A23492348842301F0D6FB1E49224881
:10B2500001F0D2FB84211D4801F0C5FB1A4800F023
:10B260006BF81E4B1E4A9C681068A04213D1FFF772
:10B27000B9FF154800F04AF800BB144A19491548AF
:10B280004FF4997301F0B8FB0F49174801F0B4FB74
:10B290004FF49971DFE700211B7C1160134AD35CE6
:10B2A000002BE6D02046FFF74FFF0028E1D0237C9B
:10B2B000DB0601D1FFF742F82046D8E785F3118875
:10B2C000BFF36F8F38BD00BFA81800209D0C010090
:10B2D000F60C0100FE0901000B0D0100741800209E
:10B2E000AC180020CA0C0100E10C0100E41B002096
:10B2F000006838B1044B1B7C00F00300C01A18BF73
:10B300000120704701207047741800200023026854
:10B310000360EFF30581074B986811B1017CC90701
:10B3200005D41B7C1843831A5842584170470120AA
:10B33000704700BF74180020024B1A7C9B681343AF
:10B340000360704774180020024B1868984208BFC9
:10B350000020704778130020034B1B680BB9FCF7E3
:10B3600063B80020704700BFB418002030B570B13A
:10B370000B4B5B6898420AD0036843B1D3E90421C0
:10B38000D0E90445121941EB0501C3E90421D0E9D4
:10B39000003213605A600023C0E9003330BD00BFA3
:10B3A00078130020B3F1FF3F08BFB2F1FF3F2DE952
:10B3B000F84F04469B4615461F4600F0B280D0F871
:10B3C0000090B9F1000F0CD05749584A58486423EF
:10B3D00001F012FB574801F00FFB5448642101F0C3
:10B3E00002FB8160EFF31188202383F31288BFF3FF
:10B3F0006F8F5148FFF77CFF824660B94F4A504932
:10B400004B48842301F0F8FA4B494E4801F0F4FA16
:10B4100084214A48E3E74848FFF78EFFBBF1000F5D
:10B42000494A1FDBFFF798FF474A0135D2E9001769
:10B430004BF1000B2D184BEBE073C4E904536D186E
:10B44000064643EB0707FFF77FFFDFF800E1DEF872
:10B4500004900346EBB9C4E900E9C9F80040CEF80E
:10B46000044028E0D2E900126FF001035B1A4FF0AC
:10B47000FF3161EB02025B1B62EB0B02012B72F1ED
:10B480000001BCBF01234A46C4E904324FF0000A60
:10B49000D9E7D3E9041CD4E904208A4270EB0C0BF1
:10B4A0002EDA891A5A686CEB0000C3E90410C4E96B
:10B4B000003214605C60FFF747FF84420ED1244BDA
:10B4C0001B685BB9BAF1000F02D1FFF745FF0646D2
:10B4D000304602F0C3F90021FBF780FF1648FFF762
:10B4E00015FFB0B9154A1B4911484FF4997301F083
:10B4F00083FA1149184801F07FFA4FF4997188E7EF
:10B50000521A60EB0C004B45C4E90420A3D01B6821
:10B51000A0E788F31188BFF36F8F28463946BDE84E
:10B52000F88F00252F46F8E7732A01004F2A010003
:10B53000FE090100F4230100B81800209D0C010051
:10B54000F60C01000B0D0100F81500207813002007
:10B55000B4180020CA0C0100E10C010070B50446CB
:10B56000EFF31186202383F31288BFF36F8F2A48ED
:10B57000FFF7BEFE68B9294A29492A48842301F009
:10B580003BFA2549284801F037FA8421234801F085
:10B590002AFA2148FFF7D0FE23683BB3FFF7D4FE19
:10B5A00005462046FFF7E2FE00224FF00043A54289
:10B5B000C4E9042312D000241748FFF7A7FE20BBDC
:10B5C000164A1A4917484FF4997301F015FA1249AF
:10B5D000174801F011FA4FF49971D7E7FFF7BCFE55
:10B5E00002F03CF90021FBF7F9FEE4E7D4E904237B
:10B5F000B3F1004F08BF012A04D100224FF00043ED
:10B60000C4E904236FF01504D6E786F31188BFF36D
:10B610006F8F204670BD00BFB81800209D0C010040
:10B62000F60C0100FE0901000B0D0100CA0C01001F
:10B63000E10C01002DE9F047DFF80891DFF808A1DF
:10B64000C9F800000246FFF77FFE88460446002640
:10B650000027DAE900134FEAE27C54B1D4E9045040
:10B66000AA427CEB000E1FDAAD1A60EB0C00C4E9B5
:10B67000045052184FF0000443EB0C032046CAE973
:10B680000023C9F8004002F0E9F82146FBF7A6FEC6
:10B690002E48FFF73BFED0B188F31188BFF36F8FC0
:10B6A000BDE8F047FFF7C0BD691843EBE5732046DE
:10B6B000C4E90467CAE90013FFF758FE01224FF0FE
:10B6C0000043C4E904232148FFF720FE78B9204A4B
:10B6D000204921484FF4997301F08EF91B491F4806
:10B6E00001F08AF94FF49971194801F07CF988F357
:10B6F0001188BFF36F8FA36820469847EFF3118836
:10B70000202383F31288BFF36F8F1048FFF7F0FDFB
:10B7100058B90F4A12491048842301F06DF90B49BA
:10B72000104801F069F98421DEE70848FFF704FEBC
:10B73000D9F80020521BC9F80020FFF705FE044687
:10B7400087E700BFB4180020F8150020B8180020C3
:10B750009D0C0100CA0C0100FE090100E10C010072
:10B76000F60C01000B0D010010B5EFF3118420233E
:10B7700083F31288BFF36F8F0B48FFF7B9FD68B9E9
:10B780000A4A0B490B48842301F036F906490A4856
:10B7900001F032F90548842101F025F90248FFF74C
:10B7A000CBFD204610BD00BFB81800209D0C010045
:10B7B000F60C0100FE0901000B0D010070B5EFF35E
:10B7C0001186202383F31288BFF36F8F1A48FFF787
:10B7D0008FFD68B9194A1A491A48842301F00CF9F7
:10B7E0001549194801F008F98421144801F0FBF8C3
:10B7F0001148FFF7A1FDFFF7AFFD144AD2E900455C
:10B80000041945EBE0750C48FFF780FD68B90B4A59
:10B810000F490C484FF4997301F0EEF806490D48B2
:10B8200001F0EAF84FF49971DFE786F31188BFF36E
:10B830006F8F2046294670BDB81800209D0C01006E
:10B84000F60C0100FE0901000B0D0100F8150020A7
:10B85000CA0C0100E10C0100F8B50446EFF31187B2
:10B86000202383F31288BFF36F8F5A48FFF740FD00
:10B8700068B9594A59495A48842301F0BDF85549D5
:10B88000584801F0B9F88421534801F0ACF8514808
:10B89000FFF752FDD4E90423B3F1004F08BF012A9A
:10B8A00013D04C48FFF732FD002840F08E804A4A02
:10B8B0004D494B484FF4997301F09EF845494B4868
:10B8C00001F09AF84FF49971DEE7D4E90A566A1C40
:10B8D00046F10003022A73F1000334D3013D46F11F
:10B8E000FF36002EBCBF00252E4601F0D2FF0130EE
:10B8F00041F10001401946EB0101012871F10001FD
:10B900005ADB01F0C6FF013041F100016FF0020384
:10B91000401946EB010183426FF000438B4150DB3D
:10B9200001F0B7FF013041F100016FF00102401951
:10B9300046EB0103121A4FF0FF3161EB03032C4970
:10B940002046FFF72FFD236B256A01332363D5B112
:10B950002048FFF7DBFC0028A9D087F31188BFF34C
:10B960006F8F2046A847EFF31187202383F31288B7
:10B97000BFF36F8F1748FFF7BBFC00283FF479AF88
:10B980001448FFF7D9FC54F8185FA54289D0002D60
:10B9900087D02846FEF74EFD00230E48AB67FFF721
:10B9A000B5FC002883D087F31188BFF36F8F28463A
:10B9B000BDE8F840FEF7F8BC6FF001024FF0FF332E
:10B9C000BDE700224FF00043B9E787F31188BFF3CA
:10B9D0006F8FF8BDBC1800209D0C0100F60C010013
:10B9E000FE0901000B0D0100CA0C0100E10C010071
:10B9F00059B800002DE9F843064614461D46914605
:10BA00009846EFF31187202383F31288BFF36F8FDB
:10BA10002748FFF76DFC68B9264A27492748842341
:10BA200000F0EAFF2249264800F0E6FF8421214881
:10BA300000F0D9FF1E48FFF77FFCB5F1FF3F08BFBC
:10BA4000B4F1FF3F11D11A48FFF760FC50BB194A0F
:10BA50001C491A484FF4997300F0CEFF14491A4854
:10BA600000F0CAFF4FF49971E1E7002D0ADB012CC9
:10BA700075F100032246BCBF0122002512F1FF39F7
:10BA800045F1FF383046FFF769FDDDE90823C6E9D7
:10BA90000A23002333634A46434630460B49FFF7E7
:10BAA00081FCD0E787F31188BFF36F8FBDE8F8837F
:10BAB000BC1800209D0C0100F60C0100FE090100DD
:10BAC0000B0D0100CA0C0100E10C010059B8000087
:10BAD00070B50546EFF31184202686F31288BFF374
:10BAE0006F8F2D48FFF704FC68B92C4A2C492D486C
:10BAF000842300F081FF28492B4800F07DFF84213A
:10BB0000264800F070FF2448FFF716FC2846FFF790
:10BB100025FD90B12048FFF7F9FB002837D11F4AD7
:10BB2000224920484FF4997300F066FF1A492048D3
:10BB300000F062FF4FF49971E2E76B6ACBB11648EF
:10BB4000FFF7E4FB0028EAD084F31188BFF36F8F7E
:10BB50006B6A28469847EFF3118486F31288BFF387
:10BB60006F8F0D48FFF7C4FB0028BED00A48FFF7CF
:10BB7000E3FB05F11800FEF773FD0028CAD0FEF7BD
:10BB800013FC21460448BDE8704001F065BE84F313
:10BB90001188BFF36F8F70BDBC1800209D0C010091
:10BBA000F60C0100FE0901000B0D0100CA0C01009A
:10BBB000E10C010007B5074B0093074907484FF018
:10BBC000FF334FF48062FEF72BF9002003B05DF8DD
:10BBD00004FB00BF88E100000036002000160020B2
:10BBE0000CB430B58BB004460D462022002102A8CB
:10BBF00001F060FE02238DF80A30002D0C4B0393F8
:10BC0000069412DB01D06B1E1C440FAA0E990794F8
:10BC100002A8019200F00EF815B1069B00221A70DE
:10BC20000BB0BDE8304002B070470024EDE700BF24
:10BC3000AFD900002DE9F04F8BB0436800938378B3
:10BC40009C078046924640F1F9800025087800283C
:10BC500000F0F68025280AD04B1C0193013541469F
:10BC6000009B98470028C0F2E3800199EEE74E78E8
:10BC70008B1C252E0193F1D00027B9463C460A22A1
:10BC80001F2C22D8A6F12003102B20D8DFE803F0C8
:10BC9000141F1F1A1F1F1F0B1F1F1F121F171F1FED
:10BCA000090044F00104019B13F8016B0193002E7D
:10BCB000E6D13AE044F0020444F00404F3E744F02F
:10BCC0000804F0E744F01004EDE77F2C24D8A6F137
:10BCD0003003092B08D860064EBF02FB073702FB72
:10BCE000093944F02004DEE72A2E0DD161065AF806
:10BCF000043B53D4002BA7BF44F020049946C3F162
:10BD0000000944F02804CEE72E2E05D1630600F189
:10BD1000978044F04004C6E76C2E2ED028D8682EB9
:10BD200032D06A2E37D04C2E35D0002F46F020036B
:10BD3000B8BF24F04004A3F16502BCBFA4B2002741
:10BD4000022A01D9612B2BD10AF1070A2AF0070A2E
:10BD50009C4E0AF1080A0727210760D506EB070B5E
:10BD600034465C455DD1AE1BA219A9EB070959E128
:10BD7000742E98D07A2E96D0D7E7260648BF44F482
:10BD8000007444F080048EE7E00548BF44F400747A
:10BD900044F4807487E744F4207484E71F4682E704
:10BDA000A6F16302122A00F2D880DFE812F0130035
:10BDB0004D00D600D600D600D6004D00D600D600E5
:10BDC000D600D600D600E800D100D600D6001A0072
:10BDD000D600A0005AF8043B8DF81030012704AEBD
:10BDE000BAE75AF8046B784B002E08BF1E4614F0D1
:10BDF000400F14BF39464FF0FF31304601F074FD5B
:10BE00000746A9E7009B41462020984700280FDB02
:10BE1000013CA742F6D34D442D1BA1469EE74C465C
:10BE2000F7E714F8010B009B41469847002898DA81
:10BE300098F8023043F0040388F802304FF0FF35E1
:10BE400028460BB0BDE8F08F220630D5A3052AD5D1
:10BE50000AF1070A2AF007039A4659685AF8080BAC
:10BE600024F0100B00291FFA8BFB2FDA404261EB04
:10BE700041014BF4806B04AC0A23224601F040FDE3
:10BE80001BF0400FA0EB040200F08E802BF00104A9
:10BE90009742A4B240F38F80002E40F08E802BF0AA
:10BEA0001104A4B21DE05AF8040BC117D8E7E0054D
:10BEB0005AF8041B01D40846F7E7A2054BBF48B265
:10BEC00008B241F3C01141F3C031C9E750EA0103A0
:10BED000D1D16306CFD5002FCDD124F01104A4B267
:10BEE0003A463B4640F206410C4262D124E024F03F
:10BEF0001004A4B20A2314F0800243D014F4007199
:10BF00001FBF0AF1070A2AF007029246516814BFC0
:10BF10005AF8080B5AF8040B50EA01023ED124F0FB
:10BF2000160B62061FFA8BFB3CD5002F3AD124F08A
:10BF30001704A4B23A463B4621075AD4E10705D577
:10BF4000994572DDA9EB03039F184B469B464AE0D7
:10BF500044F0100410237826CDE7782B04D1C6F1E5
:10BF6000780343F01003C6E7009B4146252098471D
:10BF70000028FFF65DAF02354146304670E60823E3
:10BF80000026B8E714F480715AF8040BC4D014F4F6
:10BF900000711ABFC0B2114680B2BDE724F006049A
:10BFA0001FFA84FB04AC68E713465C46E10699D5AA
:10BFB0002EB90133C0E71346F8E73B46F6E70233F4
:10BFC000BAE700BFA32A01009C2A0100CDE9023292
:10BFD0004146009B202098470028FFF629AFDDE965
:10BFE00002320BF1010BD945F0DCEB1A03EB0B0528
:10BFF0005B46E10627D5CDE902324146009B302061
:10C0000098470028FFF614AFDDE902327EB901350A
:10C010002F44791B8A4229DB144604AE9CBB2A4478
:10C02000A9EB03091546914442E017468EE7CDE996
:10C030000232023541463046009B98470028DDE930
:10C040000232E5DAF4E640F206410C42E0D014F0A8
:10C05000020F14BF2B20202014F4806FCDE9023290
:10C0600005F10105414618BF2D20E5E7CDE9023273
:10C070004146009B302098470028DDE9023205F157
:10C080000105C6DAD4E6013CCDE90232305D009B01
:10C09000414698470028DDE90232BFDAC8E6009B36
:10C0A000414620209847002805F10105FFF6C0AE63
:10C0B000A9EB0503002BF2DCD7E500BF704707B5FD
:10C0C0004FF480738DF8000068468DF80110ADF8CC
:10C0D0000230ADF8043000F095F903B05DF804FBD0
:10C0E00008B501F0D6FB4FF47A72A0FB020302FB05
:10C0F0000131C00B40EA4140C90B08BD7FB50BAB15
:10C10000059303930A9B02930023CDE9003318465D
:10C11000F8F78EFA07B05DF804FB014640F2E7300D
:10C1200008B54FF47A72002300EBC130490CF4F7E4
:10C1300087F8BDE80840FEF7D3BD002108B50846E2
:10C1400000F013FA01468320F6F7E2FA30B9022034
:10C15000FFF7E3FFBDE80840F4F704BC08BD30B5C5
:10C160000C2485B000250DF103008DF80350F4F781
:10C1700015FCD0B99DF803305B0616D5032201A942
:10C180000E20F6F7FDFA80B902A901A800F0FCF82C
:10C1900048B99DF80A3033B19DF80930FE2B04D020
:10C1A00002A8F4F70DFB013CDDD105B030BD7FB531
:10C1B0000BAB059303930A9B02930023CDE9003355
:10C1C00001221846F8F734FA07B05DF804FB0122A3
:10C1D000F6F7D6BA7FB50BAB059303930A9B029390
:10C1E0000023CDE900331846F8F722FA07B05DF8CE
:10C1F00004FB032894BF00200120704708B5F6F720
:10C20000BDFB48B14FF47A714FF400430022C0FBEC
:10C2100001321B0C43EA024008BD20EAE07070477F
:10C22000401A20EAE0707047034688420B444FF6FC
:10C23000FE728CBF00200120934288BF40F00200B4
:10C240007047F8B551EA020306460D4610D4C717E9
:10C2500002F164043220002164220023C5FB0401A2
:10C26000F3F79EFF864277EB010104DB0020F8BD67
:10C270004FF0FF30FBE76FF00100F8E781FB0010A3
:10C2800010B54FF47A74A1FB043104FB00110029AE
:10C2900004FB02F208DB13F5004341F100011B0C23
:10C2A00043EA0143D01A10BDD3F5004361EB4101CD
:10C2B0001B0C43EA01435B42F4E770B505461446A4
:10C2C000E2B100291ADD002818DBCB17480840EA44
:10C2D000C3700A464FF480561946C5FB0601F3F7B2
:10C2E0005FFF0346133B40F6ED7261F1000193429C
:10C2F00071F1000105D22080002070BD4FF0FF30A9
:10C30000FBE76FF00100F8E70029C8BF4FF40063B6
:10C3100002464FF00000C2BFC1FB02301B0B43EAD4
:10C3200000507047F8B517461D468BB1441A12D419
:10C33000C3E9000403F108023946FFF7BEFF48B91C
:10C3400005F10A0239462046BDE8F840FFF7B5BFBF
:10C350004FF0FF30F8BD6FF00100FBE7A0F24C405A
:10C36000704758B10368A1F24C418B4209DC436825
:10C370008B42CCBF6FF00200002070474FF0FF30BF
:10C3800070476FF00200704720B319B3437802780A
:10C390001B0243EA024382781343C3F30050087040
:10C3A000C3F303400C28C3F314029BB205D8002248
:10C3B0008A7048708B8000207047C2F307320120DA
:10C3C000C3F30B03FE2A88704A708B80F3D16FF0A1
:10C3D000030070474FF0FF30704718B1FF2802D9B3
:10C3E0000020704701204042C0B27047430606D18A
:10C3F000B1F5807F28BF4FF48071084670474FF435
:10C4000080707047A0B103784278DB0143EA821361
:10C41000427913438278120102F030021343C2784A
:10C42000920002F00C021343027943EA4200C0B2C8
:10C430007047B0B143780278DB0143EA8213C279D6
:10C440001343827843EA4213027943EA0213C27823
:10C4500043EAC203427943EA8203827943EA420013
:10C46000C0B2704748B1002301220370427083704C
:10C47000C370027143718371C371704741EAC00098
:10C48000C0B2704701F0070141EA401000F0E70038
:10C490007047400000F01E00084370470B2828BF7B
:10C4A0000B2000F10C03DBB201209840F5307047FF
:10C4B00008B5FFF7F3FF0A3008BD10B51C4640EA87
:10C4C00001030F2B0ED8FFF7E9FF02460846FFF7DE
:10C4D000EFFF032C88BF8000904234BF6FF005004F
:10C4E000002010BD4FF0FF30FBE72DE9F8438146F7
:10C4F00090461C4613B14FF0FF3323604FF0FF37D7
:10C5000000253E46E8B24B464246FFF7D6FF0028DC
:10C5100004BF37462E4601350C2DF3D104B12760F8
:10C520003046BDE8F883034640B141B1013355219F
:10C53000092213FB01230A20B3FBF0F070474300EC
:10C54000F5E78000090101F0300100F00C0008431C
:10C55000704703F00F03490143EA021301F0600141
:10C560000B4343EAC010C0B2704741EA4000C0B27A
:10C570007047920042EA430242EAC10242EA0010D6
:10C5800000F0FE007047920042EAC302104340EA06
:10C590004100C0B2704710B542B13BB1C0F30B04CB
:10C5A00041EA0411C0F307101070197010BD090999
:10C5B00041EA00107047F0B50246007870B32D28AC
:10C5C00004BF01324FF0FF35137818BF0125302B1F
:10C5D00014D0002004466FF0004C0A27135CCBB146
:10C5E000303BDEB2092E33D8ACEB0306B6FBF7F6D0
:10C5F000A6422DDB07FB04340130EFE7537803F04C
:10C60000DF03582BE5D1531C002458785E1C30B949
:10C61000981A013810B165430D600120F0BDA0F1FA
:10C620003003DFB2092F05D9A0F16103052B08D82B
:10C63000A0F15703B4F1006F0ADA03EB0414334698
:10C64000E3E7A0F14103052B02D8A0F13703F1E79E
:10C650000020E3E770B5054610460E461446F3F792
:10C6600009FEB042024607D12146284601F02AF9C8
:10C67000B0FA80F0400970BD0020FCE79A4210B586
:10C6800005D190F82130013380F8213010BD90F8A9
:10C6900020300F2BFAD800EB430400F813100133BD
:10C6A000627080F82030F1E7F8B515460446A0B175
:10C6B00003610027069B0170436147706AB1104611
:10C6C000F3F7D8FD0B2828BF0B2006460246601C56
:10C6D0003444294601F0E0F86770F8BD00220346B3
:10C6E0001046FFF736BF2DE9F04F87B00446109E85
:10C6F0001546002E00F01D81002800F01A81002A46
:10C7000000F0178123220021304601F0D3F8A368FE
:10C71000AA68534033F07F4340F0F180E268EB6851
:10C720009A4240F0EC8022692B699A4240F0E780FF
:10C73000237D2A7D9B1A18BF012386F82230207999
:10C74000FFF7B6FE07462879FFF7B2FE874281461B
:10C750000ED2E9792879FFF7C1FFE1798046207987
:10C76000FFF7BCFF4246034680213046FFF786FFB5
:10C7700069782878FFF786FE617880462078FFF791
:10C7800081FEE97D0190A878FFF783FEE17D824676
:10C79000A078FFF77EFE8346A078FFF77FFE029029
:10C7A0002878FFF726FD029A00280CBF04230123F6
:10C7B0005A43A8780392FFF771FE02902078FFF7A2
:10C7C00018FD029B039A00280CBF042101214B4352
:10C7D0009A4200F29680019B424623213046FFF7A1
:10C7E0004DFF5B4652462421FFF748FF4F450ED3CD
:10C7F000E9792879FFF772FFE17907462079FFF799
:10C800006DFF3A46034680213046FFF737FF002789
:10C810002B7E2A7A8DF810304FF4807904A8ADF879
:10C8200012908DF811308DF814708DF81520FFF7E7
:10C83000E9FD237E227AADF81290804604A88DF897
:10C8400010308DF811308DF814708DF81520FFF729
:10C85000D9FD4246202103463046FFF70FFF04A8CA
:10C86000FFF700FE6B7A8DF8163004A8FFF7E1FDA4
:10C87000804604A8FFF7F6FD637A8DF8163004A809
:10C88000FFF7D7FD4246034621213046FFF7F6FE6B
:10C890003946A87AFFF7F2FD39468046A07AFFF7BD
:10C8A000EDFD4246034622213046FFF7E7FE6A7D52
:10C8B0006D79BA4208BFB846677D647918BF4FF0FA
:10C8C0000F08002F0CBF4FF000094FF00F0905F0C3
:10C8D0000F0504F00F04F2B1EFB923462A46812177
:10C8E000FFF7CCFE4B4642465621FFF7C7FE3B46BC
:10C8F0000122552107B0BDE8F04FFFF7BFBE01236D
:10C900001BE75B46524624213046FFF7B7FE019BEA
:10C910004246232168E73B4655213046FFF7AEFEED
:10C920004B4642465621FFF7A9FE23462A4681215F
:10C93000E0E707B0BDE8F08F00EBC1004088400899
:10C9400070477FB50BAB059303930A9B02930023BB
:10C95000CDE9003301221846F7F76AFE07B05DF80B
:10C9600004FB2DE9F04706460D46174698462BB3C3
:10C9700098F8004093F80190DB78A40004EB43049E
:10C9800098F802301C4444444FF0000ACA4509D3C9
:10C99000D8F8042008F1080339463046AC46BDE813
:10C9A000F047604714F8013B48F823402046F3F76E
:10C9B00061FC013004440AF1010AE7E76FF0150059
:10C9C000BDE8F0870020704700F0A2B80FB407B5AB
:10C9D00004A951F8040B019100F09AF803B05DF836
:10C9E00004EB04B07047002383F31188BFF36F8F0B
:10C9F0000423184602DF70470FB407B504A951F8A5
:10CA0000040B0191FFF7E0FF03B05DF804EB04B005
:10CA10007047838B13F0070306D10368002B18BF00
:10CA2000032008BF00207047022B05D1C08BB0FA4D
:10CA300080F0400980007047012B04D10368002B6F
:10CA400018BF0520EDE70020704710B50C4600B177
:10CA500011B96FF0150010BD081D00F02FF8002867
:10CA6000F9D1A368032BF6D9F3E72DE9F0410D4680
:10CA700007461946281D90461E46F7F719FC04463E
:10CA800038B13346424629463846A446BDE8F0410F
:10CA90006047BDE8F08138B50C46054658B151B144
:10CAA0000B6843B14B6833B12022002100F002FF34
:10CAB0002C61002038BD6FF01500FBE7034658B12C
:10CAC000426802F00302012A03D0032A04D102685B
:10CAD00012B10020986070476FF0150070477047E2
:10CAE0000020704700F040BB0346BFF35B8F53E864
:10CAF000000F421C43E800210029F8D1BFF35B8FEF
:10CB0000704708B500210846F7F724FC002008BD4F
:10CB10001FB50023CDE90201CDE900331A461946BD
:10CB20001846F7F785FD05B05DF804FB7047002057
:10CB300070474368DA7143681960436801225A718B
:10CB4000FFF7F4BF70B50E4615461946044618B9EE
:10CB5000BDE87040F7F712BD33B1C2F34A2310307D
:10CB6000120D184400F098FEC4E900562046BDE8B6
:10CB70007040F7F71BBD7FB50BAB059303930A9B82
:10CB800002930023CDE9003302221846F7F750FD47
:10CB900007B05DF804FBF8B506460D4614461F467F
:10CBA00004B9F8BD214628463A46B047241A054440
:10CBB000F6E707B5D1E900328DF807005268012188
:10CBC0000DF107009847002003B05DF804FB0A2828
:10CBD00038B504460D4602D10D20FFF7EAFF29467D
:10CBE0002046FFF7E6FF002038BD2DE9F04305465B
:10CBF00089B008460E8891F80090D1F808800C465C
:10CC00001746F7F78DFD011EC6F38216C9F3C20958
:10CC10001FDB4846F7F7FEFC03462146608851F8C3
:10CC2000102B0296C2F34A22002A01EB0204C0F341
:10CC30000B1008BF00210022CDE90507CDE9031440
:10CC4000CDE9002241462846F7F796FD09B0BDE838
:10CC5000F0830023E1E700F02DBE00F01DBE7FB59C
:10CC60000BAB059303930A9B02930023CDE900339A
:10CC700001221846F7F7DCFC07B05DF804FB01461B
:10CC80000068F7F795BF08B5F7F7F4FFBDE808406F
:10CC9000F8F7B8BC7FB50BAB059303930A9B0293DF
:10CCA0000023CDE9003301221846F7F7C1FC07B095
:10CCB0005DF804FB00210120F7F77ABF6FF08500D3
:10CCC000704761B662B680F31188BFF36F8F70470B
:10CCD00072B6002383F31188BFF36F8FBFF34F8FBA
:10CCE00030BF62B6BFF36F8F704772B6002383F315
:10CCF0001188BFF36F8FBFF34F8F20BF80F3118870
:10CD0000BFF36F8F62B67047202809D9B0F1004F8A
:10CD100008D80138B0FA80F0C0F11F004000704719
:10CD2000082070473E2070477FB50BAB05930393F7
:10CD30000A9B02930023CDE9003301221846F7F73E
:10CD400077FC07B05DF804FB08B5D1E904319847DA
:10CD5000002008BD08B5F8F70BFF002008BDF8B5A6
:10CD6000069F04690546C9B2EFF3118C202080F3B9
:10CD70001288BFF36F8F0C2606FB0146B06C00F0E3
:10CD8000070EBEF1010F10D1B76400268CF3118895
:10CD9000BFF36F8F3EB90C2041430C44C4E910230C
:10CDA0006B685B5898473046F8BD00F0C00087427A
:10CDB0000CBF6FF077064FF0FF36E7E713B580241E
:10CDC0000094FFF7CCFF02B010BD0069CBB200EBBE
:10CDD0004310002110471046FCF7CCBC08B5F9F70A
:10CDE000DDF9BDE80840FAF779BDFAF72BBD8022DE
:10CDF000F8F738BFF9F7FAB843685B68D3F810352D
:10CE00000B600020704743685B6802EA010021EA7A
:10CE10000201C3F80805C3F80C15002070474368E9
:10CE20005B680020C3F80815704743685B68002002
:10CE3000C3F80C15704743685B68D3F8042521EAF2
:10CE400002001140C3F80805C3F80C150020704714
:10CE5000FBF7A8B930B543681360057A446804EB62
:10CE6000C504A34202D36FF0010030BD5C798C424F
:10CE700003F10803F0D10020F7E70022012104208C
:10CE8000F8F714BB10B50B6813B91360184605E02A
:10CE900003685C681CB114600368186810BD08332F
:10CEA00003600B68013B0B60EDE77FB50BAB0593AF
:10CEB00003930A9B02930023CDE900330122184615
:10CEC000F7F7B6FB07B05DF804FB08B50069C36D62
:10CED0008B4204D15C30F9F761FD002008BD4FF0B2
:10CEE000FF30FBE738B504460569FAF765F8C0B9C5
:10CEF0000122014605F1B40000F033FC05F15C00AD
:10CF0000F9F74CFD0321204600F005F9002802DA6C
:10CF100010F1860F05D10121204600F0FCF800EA4F
:10CF2000E07038BDF7B50669D6F8A820D6F8B0503D
:10CF300007469AB9C5B12C46D6F8A41031B33ABB0E
:10CF40001146D6F8AC302BB3002D04BF2C46234637
:10CF50000094384600F0CEF803B0F0BDA5B195427C
:10CF60002C4628BF1446E7E7F16D8B88DB0401D41B
:10CF700000F0ACF80023C6F88C3006F17C0003B05A
:10CF8000BDE8F040FCF7F6BB1446D5E70A46D8E703
:10CF90002246D6E71C46DBE70069B430FCF7EABB63
:10CFA0007FB50BAB059303930A9B02930023CDE956
:10CFB000003301221846F7F73BFB07B05DF804FB8E
:10CFC000F0B504694768D4E915128B1A85B0064696
:10CFD00004D1BB6805B0BDE8F0401847BD8BE16CDB
:10CFE0009D4228BF1D4621B101F06043B3F1005FAF
:10CFF00006D1236D3BB103F06043B3F1005F02D073
:10D00000082D28BF08250023A36451B1114401F065
:10D010006043B3F1005F04D038692A4600F03CFC5D
:10D020003969236D43B1A26D134403F06042B2F13C
:10D03000005F1CBF7B69A364002914BF2A4600223D
:10D04000002BCDE90123009108BF0025694600228D
:10D0500020460395FBF712FC014618B17368304671
:10D060009B68984705B0F0BD70B50C690E46A16C81
:10D07000054639B1A36D206D2A69184400F00CFCF7
:10D080000023A3642969AA68A36D91422CBF5B1891
:10D090009B18A3653046BDE87040FFF791BF084775
:10D0A00010B503691B680722C3F800250B7D0C46E9
:10D0B0005BB1097BA0680122F9F71CFE237D23B137
:10D0C0002069BDE8104000F016BB10BD38B50369FB
:10D0D0001D680B7D0C464BB1086900F00CFB237DED
:10D0E00023B1217BA0680022F9F704FE0023C5F8D4
:10D0F000003538BD10B40469C4E91313019B934291
:10D100002CBF636562650023A36510BCFFF758BFA1
:10D110000069FBF777BC012913B515D008D902398E
:10D1200001298CBF6FF015006FF0850002B010BDB3
:10D13000046994F828302BB12046FBF745FB002307
:10D1400084F828300020F1E743685C6801AA0021D8
:10D150002046FFF77FFE0028E8DB019B2268197953
:10D160001868F9F7ADFAE1E708B5F9F7C3FF08BDAC
:10D170004FF0FF30704708B5006990F8343099429D
:10D1800007D290F835303BB1C9B2FBF77FFD0020E4
:10D1900008BD6FF01500FBE76FF00A00F8E71FB558
:10D1A000046900230193CA070393236B02935CBFB6
:10D1B000012301938B0758BF019B01A958BF43F07E
:10D1C0000803204658BF0193FBF7E4FC002806DB68
:10D1D0002046FBF701FD012384F83530002004B020
:10D1E00010BD03460020184700F085BA10B502466E
:10D1F0001168B1B1BFF35B8FB1FA81F3C3F11F00C6
:10D200000123834021EA030352E8004F8C4204D1FA
:10D2100042E8003CBCF1000FF6D1BFF35B8FE7D1D1
:10D2200010BD6FF00B00FBE710B50368CB40DB07C8
:10D2300014D401238B400268BFF35B8F43EA0201E1
:10D2400050E8004F944204D140E8001CBCF1000FAC
:10D25000F6D1BFF35B8FEED1002010BD6FF015004B
:10D26000FBE7FAF757BB08B5FAF7C2FABDE8084082
:10D27000FAF784BB38B54FF080440123C4F8083373
:10D2800063600023C4F80031D4F8003142F2107515
:10D29000D4F80C24D4F80C34D20306D5DB0704D51B
:10D2A0000120FFF7A1FF013DF2D138BD38B54FF0A5
:10D2B00080440223C4F808330123E3600023C4F848
:10D2C0000431D4F8043142F21075D4F81834DB0379
:10D2D00004D50120FFF788FF013DF6D138BD430991
:10D2E0000AD0012B0BD140F2FF3300F01F0023FACC
:10D2F00000F000F0010070474FF0FF33F5E7002029
:10D30000704710B504460846FAF77CFB04EB40046E
:10D31000207DC0F3401010BD10B504460846FAF752
:10D3200071FB04EB4004A08A00F01C00003818BF19
:10D33000012010BD10B504460846FAF763FB04EB64
:10D340004004207DC0F3400010BD10B50446FFF737
:10D35000F1FF20B12046BDE81040FFF7D2BF10BD5D
:10D3600010B504460846FAF74DFB04EB4004A08ACA
:10D37000400B10BD70B5044608461646FAF742FB4E
:10D3800008300D4634F81030DA0509D5C3F34323CD
:10D3900004EBC302314654F83330526828469847AC
:10D3A000A3682BB1E26831462846BDE870401847B3
:10D3B00070BD2DE9F341019001A8DDE908580C4644
:10D3C00017461E46FAF762FB019B391E18BF012162
:10D3D00000EB8300231E18BF0123002E43EA410304
:10D3E0000CBF00210C21002D43EA01030CBF0021DA
:10D3F0004FF4E061B8F1000F43EA0103D0F80027D1
:10D400000CBF00214FF440310B4322EA030304B167
:10D4100024780FB13F787F001C430EB13678B600F8
:10D420003C438DB1297809023443B8F1000F03D091
:10D4300098F800804FEA0848214341EA0801C0F803
:10D44000001702B0BDE8F0812946EDE71FB50DF1E8
:10D450000F03019300238DF80F1000931A4619460D
:10D46000FFF7A7FF05B05DF804FB2DE9F0470025A5
:10D4700004468846D7B22E464FF00109AA46AF426D
:10D480000CD1D4F87C3133B10023C4F87C31D4F80A
:10D490007C3146F000463046BDE8F0872846FAF772
:10D4A00029FBA0F580739B0809FA03F318EA030F20
:10D4B00005D022581AB144F800A022581E43013565
:10D4C000EDB2DCE738B504460D46FFF71AFFA8B108
:10D4D0002046FFF72FFF88B92046FFF741FF22685B
:10D4E00001238340C2F80833236803EB8000D0F89F
:10D4F000103523F00303C0F8103538BD284600214D
:10D50000BDE83840FFF7A2BF30B505469008403867
:10D510000124844014EA010009D0A85838B1002140
:10D52000A950AA5813B11A6822431A60012030BDCD
:10D530002DE9F341002304460D460193904601ABCB
:10D540004FF4A672FFF7E0FF4FF48272294620469F
:10D55000FFF7DAFF4FF48C72074629462046FFF7A3
:10D56000D3FF064630B1B8F1000F1DD017B1D4F883
:10D570003C353E4601AB4FF4887229462046FFF702
:10D58000C3FF30B1B8F1000F03D016B90FB1D4F812
:10D590003C3501AB4FF4907229462046FFF7B4FFAB
:10D5A000019802B0BDE8F0814646E3E770B54B7FD5
:10D5B00004460D467BB1012343616426002202210B
:10D5C0002046FFF7B5FF20B90120FFF70DFE013E11
:10D5D000F4D100236B770023C4F8003570BD07B584
:10D5E000019001A8FAF7DAFE019A01239340C0F8EE
:10D5F000083503B05DF804FB07B5019001A8FAF700
:10D60000CDFE019A01239340C0F80C3503B05DF8BC
:10D6100004FB0369C26893429CBF81685B18013BAD
:10D62000981A70472DE9F041D0E902840546A8EB2D
:10D6300004064068964220440F46144404D900F082
:10D640002BF9EC60BDE8F0813246A4EB080400F051
:10D6500023F968682246B919F1E72DE9F843C5684E
:10D660000646894617464FF000083369B46870686B
:10D670009D4228BF1B19641BBC4203F1FF3328BF26
:10D680003C465B1B9C4228BF1C4649462844224618
:10D6900000F002F9B3682544AB4208BF00253F1BE8
:10D6A000A044A144F560E0D14046BDE8F883F8B558
:10D6B00004460E46174600F011F83A460546314634
:10D6C0002046FBF767FB0446284600F00FF820468B
:10D6D000F8BD08B5FBF73EFC002008BDEFF3118054
:10D6E000202383F31288BFF36F8F704780F3118874
:10D6F000BFF36F8F704708B1F8F768BA704740B151
:10D70000C368587810F001001EBF1878B0FA80F096
:10D71000400970477FB50BAB059303930A9B0293B7
:10D720000023CDE9003301221846F6F781FF07B048
:10D730005DF804FBEFF31183202383F31288BFF31A
:10D740006F8FFEE790F90E308B4201D0FCF7D6BF09
:10D750000020704703460020C3E90200C3E90033FC
:10D7600070473AB18A4205D3C0E90212C0E900000D
:10D77000002070476FF015007047026801238B404E
:10D7800022EA0303036022FA01F000F0010070476F
:10D7900020B1002211468C30FDF766BC704710B5F1
:10D7A000FCF7CEFA041E08DDEFF31180202383F38B
:10D7B0001288BFF36F8FFDF77BF8204610BDEFF3A3
:10D7C0000580003818BF012070476FF05700704780
:10D7D00000207047D0E9003213605A600023C0E98E
:10D7E0000033704738B504460D46FCF7B5FC237C82
:10D7F00043F002032374D5B1A5602B689D4209D183
:10D800006B68C4E900531C606C6010E06A689A425F
:10D81000F6D01B68002BF3D093F90E1094F90E206C
:10D820009142F3DD5A68C4E9003214605C6038BD8F
:10D8300010B5037C13F0280F04460CD183680BB19C
:10D84000FCF760FD237C23F0040323742046BDE82D
:10D850001040FCF719BC10BDFCF70EBD08B5024620
:10D86000FDF772FD70B1D0E904319B1A61EBE272F1
:10D87000B3F1004F72F1000104DA002AACBF184680
:10D88000002008BD6FF00040FBE708B5FDF796FFEC
:10D8900008BDFDF793BF70470A44914200F1FF3382
:10D8A00000D1704710B511F8014B03F8014F9142B8
:10D8B000F9D110BD02440346934200D1704703F8EA
:10D8C000011BF9E710B56AB10139841810F8012B72
:10D8D00011F8013F9A4203D1A04201D0002AF5D1AC
:10D8E000D01A10BD1046FCE710B5024601448A422A
:10D8F000134603D01C780132002CF8D1181A10BD41
:10D90000F0B5C3F137070446FFB203F01F0310461A
:10D91000082BE6B233D0102B3ED06508A40844EAA9
:10D92000817445EAC1752D194FEA910242EB51020B
:10D93000290941EA02716D1842EB1212290A41EAE3
:10D9400002616D1842EB1222290C41EA02416D1866
:10D9500042EB1242AD1842F10002EC0844EA427474
:10D96000D10804EB8402A6EB4205EDB2092D0CD9D7
:10D970000134A5F10A0541F10001EDB212E0E4081D
:10D9800044EA417406F00705C908303554EA01023B
:10D9900000F8015BBCD1F0BD240944EA017406F033
:10D9A0000F050909092D84BFED19EDB2EDE7D1E9A5
:10D9B000043293421EBF5A1C0A611870704700005F
:08D9C000C428FF7F01000000F4
:10D9C800BD5B0000000000000000000038DA000025
:10D9D800D3D60000000000000000000054DA000068
:10D9E8000000000070DA0000B961000000000000CB
:10D9F800000000008CDA00005D73000000000000E9
:10DA080003CB000000000000995B0000000000004C
:10DA1800B5BB00000000000000000000A8DA00000C
:10DA280000000000C4DA0000454B000000000000C0
:10DA380012180100C8E00000B8DC000084130020C0
:10DA480090170020095D0000000000008419010003
:10DA5800E0E0000060DC0000861300200C180020C5
:10DA68002D6600000000000092190100F4E000009B
:10DA780060DC000088130020181800202D660000C4
:10DA880000000000681C010000000000A8DC000085
:10DA98008E13002034130020AD7400000000000035
:10DAA800C51A010008E10000A0DC00008C1300206A
:10DAB80070120020E5CE000000000000E819010007
:10DAC8000000000084DC00008A13002024180020D5
:08DAD800CD6800000000000011
:10DAE00067D20000E3D1000000000000B5CC0000C8
:10DAF00000000000B5CC000000000000B5CC000024
:10DB000070120020598A000000000000B5CC00000F
:10DB1000DC11002051CE000000000000B5CC000058
:10DB200000000000B5CC000000000000B5CC0000F3
:10DB300000000000B5CC000000000000B5CC0000E3
:10DB4000C4DA00000568000000000000B5CC000049
:10DB500000000000B5CC000000000000B5CC0000C3
:10DB600034130020E18C0000000000003971000037
:10DB700000000000B5CC000000000000B5CC0000A3
:10DB800000000000B5CC000000000000B5CC000093
:10DB900000000000B5CC000000000000B5CC000083
:10DBA00000000000B5CC000000000000B5CC000073
:10DBB00000000000B5CC000000000000B5CC000063
:10DBC00000000000B5CC000000000000B5CC000053
:10DBD00000000000B5CC000000000000B5CC000043
:10DBE00000000000B5CC000000000000B5CC000033
:10DBF00000000000B5CC000000000000B5CC000023
:10DC000000000000B5CC000000000000B5CC000012
:10DC100000000000B5CC000000000000B5CC000002
:10DC200000000000B5CC000000000000B5CC0000F2
:10DC300000000000B5CC000000000000B5CC0000E2
:10DC400000000000B5CC000000000000B5CC0000D2
:10DC500000000000B5CC000000000000B5CC0000C2
:10DC600025640000F9CD000007CE00001FCE0000A3
:10DC70002BCE000037CE00001563000019620000B3
:04DC800000000000A0
:10DC84000000000000000000000000001D6800000B
:0CDC9400D9670000000000000000000044
:08DCA0000D6B0000CBCE00006B
:10DCA8009FD1000071D100003D74000077D10000C1
:10DCB800655D0000EFCD0000BDCD00000000000054
:0CDCC8002D5C00000000000000000000C7
:10DCD4003E030100030000007B0B01000300000071
:10DCE4002D180100030000001505010003000000C9
:10DCF400410E010003000000450E01000300000076
:10DD0400D102010003000000A2150100030000007D
:10DD14000009010003000000F30A010003000000F1
:10DD2400AD170100030000005A1C010003000000AD
:10DD3400EC0B010003000000F619010003000000D1
:08DD44007A1C0100030000003D
:10DD4C0064E00000441700206E0F01000100000089
:10DD60000D000000000000000000000000000000A6
:10DD700000000000000000000000000060EA000059
:10DD80000000000002000000000000000000000091
:10DD90000338FDD870470000A8DA000000093D00F4
:10DDA0000001000070DA00000B000100000000001C
:10DDB000010000000000000050C30000A086010028
:10DDC00090D0030020A1070040420F0080841E0075
:10DDD000020000000100000001000000010000003E
:10DDE000010000000100000002000000040000002B
:10DDF0007C000000F2000000DC010000B103000024
:10DE00005A070000AD0E0000531D0000A03A0000AC
:10DE10003875000068EA0000C9D401001B0000004A
:10DE20003400000066000000CA00000092010000FB
:10DE30002203000042060000820C000002190000CC
:10DE400002320000026400001F0000003C000000DD
:10DE500077000000EC000000D7010000AB030000D9
:10DE600055070000A80E00004E1D00009A3A000061
:10DE7000327500006A000000CE000000960100002C
:10DE80002603000046060000860C0000061900006C
:10DE9000063200000664000006C80000069001007B
:10DEA0007C000000F1000000DC010000B103000074
:10DEB0005A070000AD0E0000531D00009F3A0000FD
:10DEC0003775000068EA0000C9D401006C09010040
:10DED00000000000050000000000000051050100E6
:10DEE0000000000007000000000000005D090100C4
:10DEF000000000000B00000000000000E608010028
:10DF0000000000000A0000000000000055050100AC
:10DF1000000000000A00000000000000ED08010001
:10DF2000000000000100000000000000F3080100F4
:10DF3000000000000300000000000000F7080100DE
:10DF4000000000000100000001000000FC080100CA
:10DF5000000000000100000001000000FF080100B7
:10DF6000000000000100000001000000EA1D0100A7
:10DF7000E0FCFFFF20030000010000000309010096
:10DF800064000000D0070000010000005BF8000002
:10DF9000000000000200000001000000070901006D
:10DFA0000000000001000000000000000D09010059
:10DFB000000000003200000000000000000000002F
:10DFC000140901000100000019090100020000000D
:10DFD00022090100030000002709010004000000DD
:10DFE00033090100050000003B09010006000000A4
:10DFF00049090100070000004F0901000800000066
:10E000005309010009000000620901000A00000034
:10E01000700901000B0000007D0901000C000000E8
:10E02000810901000D00000089090100EBCB00000F
:10E0300000000000000000000000000000000000E0
:10E040004E0F0100560F010000000000000000000C
:10E05000000000005E0F0100620F0100660F01006A
:10E060006A0F0100714A000000000000954A00009C
:10E07000594A000000000000654A0000000000004E
:10E08000C94A00004C170020CF1B002001000000EF
:10E09000C01100200000000000000B06020000007C
:10E0A000A4E00000000000009E170100240002060A
:10E0B00000000020A617010020000B11F15B0000FA
:10E0C000E15C0000000000006D5E0000955D000056
:10E0D00021180100EBCD0000DDCD00002718010064
:10E0E000FF03000000030050DC11002000000000CE
:10E0F00001000000FFFFFFFF00000050DC110020C6
:10E1000000000000000000007BCE00002CE10000B9
:10E11000156A00004CE10000DB1B0020D31B00202F
:10E1200000127A00FFFFFF010000000000400040E5
:10E1300038E100000100000040E1000003000000A1
:10E1400005000004290000050400000670DA000044
:10E150000B0001000800000003000000482201003D
:10E16000562201006A220100792201008522010065
:10E17000C8D90000C8D9000000DA000008DA0000A1
:10E1800030DA000038DA0000932A010000010000B4
:10E190008813000000060008000C0010E9FE7BFF59
:10E1A000AEFE70FFC8FEF0FEA9FE4EFF8AFEE9FE3D
:10E1B00096FEADFE4FFEC8FE5DFEA8FE13FE8AFE73
:10E1C00022FE96FED7FD4FFEE5FD5DFE9CFD13FE93
:10E1D000A9FD22FE5FFDD7FD6DFDE5FD23FD9CFD44
:10E1E00031FDA9FDE7FC5FFDF5FC6DFDABFC23FDFA
:10E1F000B8FC31FDBAFE7BFF2EFD6BFFB1FEBCFE0D
:10E20000F1FC4DFF89FEB9FEB5FCB5FCFBFDB0FE8F
:10E2100079FC79FCF4FD89FE3DFC3DFCD6FDFBFD5F
:10E2200000FC00FC24FCF4FDC4FBC4FB31FCD6FD67
:10E2300088FB88FB37FC37FC4CFB4CFB3AFC3AFC78
:10E2400010FB10FB3AFC3BFCD3FAD3FA4346475F82
:10E250004641554C542065703D25752063617573AA
:10E26000653D7370695F777269746520616464727B
:10E270003D307825303278207461673D25730A007F
:10E280004346475F4641554C542065703D257520F7
:10E2900063617573653D7370695F72656164206168
:10E2A0006464723D307825303278207461673D2592
:10E2B000730A0043454C4C5F56206D733D256C6CD2
:10E2C000642069646C653D25642077655F6D763DEB
:10E2D00025642072655F6D763D25642063655F6D02
:10E2E000763D256420776F5F6D763D256420655F00
:10E2F0006D763D25642077655F636F64653D2575A8
:10E300002072655F636F64653D25752063655F639B
:10E310006F64653D257520776F5F636F64653D258C
:10E32000752065703D2575206F63703D2564206400
:10E33000726F707065643D257520766761696E3D0A
:10E340002575207664645F6D763D2564207664646F
:10E350005F636F64653D25640A005644445F4D4920
:10E36000534D41544348206D656173757265645F18
:10E370006D763D256420617373756D65645F6D76A0
:10E380003D25642077655F6D61785F6D763D25641E
:10E3900020636F64653D2575207077725F676169E2
:10E3A0006E3D25750A0025732044414320E586997A
:10E3B000E585A52FE59B9EE8AFBBE5A4B1E8B4A534
:10E3C0000025732044414320E59B9EE8AFBBE4B8A1
:10E3D0008DE4B880E887B43AE69C9FE69C9B206376
:10E3E0006F64653D307825303378206279746573C9
:10E3F0003D253032782F253032782CE5AE9EE999D4
:10E40000852062797465733D253032782F2530324E
:10E4100078004155544F20E887AAE4B8BBE8BDAC6A
:10E42000E68DA2E5B7B2E590AFE58AA80041464582
:10E430005F5354415455532065703D2575206D73CD
:10E440003D256C6C6420737461747573313D726525
:10E4500061645F6661696C207768793D25730A00A5
:10E4600049545F5441494E5445442065703D2575DB
:10E4700020726561736F6E3D62726F776E6F757437
:10E480000A00F09F94B4205057525F52445920E73D
:10E49000BDAEE4BD8D20E28094E2809420564444D9
:10E4A00020E69BBEE8B78CE7A0B420312E35355668
:10E4B0002055564C4F20E68E89E58E8B28E4B88D8A
:10E4C000E698AFE3808CE794B5E6BA90E69CAAE5BF
:10E4D000B0B1E7BBAAE3808D2CE5908DE5AD97E464
:10E4E000B88EE8AFADE4B989E79BB8E58F8D2CE82D
:10E4F000A78120726567732E6829E38082E69FA555
:10E500002043523230333220E58685E998BB2FE62E
:10E510008EA5E8A7A6E4B88EE58EBBE880A60041EC
:10E5200046455F5354415455532065703D25752031
:10E530006D733D256C6C6420737461747573313D2B
:10E5400030782530327820737469636B793D307888
:10E550002530327820696E76616C69645F63666726
:10E560003D2564207664645F6F6F723D2564206290
:10E57000726F776E6F75743D256420615F66756C90
:10E580006C3D256420646174615F7264793D25642B
:10E590002073747265616B3D2575206163717569C7
:10E5A00072696E673D2564207768793D25730A009E
:10E5B0004346475F434F4E4649524D4544206570A0
:10E5C0003D257520737461747573313D3078253045
:10E5D000327820696E76616C69645F6366673D2599
:10E5E00064207664645F6F6F723D25642062726F91
:10E5F000776E6F75743D2564206E726567733D306C
:10E6000020736B69707065643D30207372633D25C3
:10E61000730A0069646C653D4B4545505F42494152
:10E620005345443AE8BDACE68DA2E4B88DE5819C43
:10E63000E38081E794B5E8A7A3E6B1A0E68C81E783
:10E64000BBADE992B3E59CA820453D2564206D56FD
:10E6500028E8BEB9E7958CE8B7B3E58F98E5AE9E9C
:10E66000E6B58B20E28892312E376E413BE5BE85C0
:10E67000E69CBA20372E33C2B541290069646C6527
:10E680003D444953434F4E4E4543543AE585B3E626
:10E6900094BEE5A4A7E599A8E5A4B1E8B4A50069EE
:10E6A000646C653D444953434F4E4E4543543A577D
:10E6B000452F434520E694BEE5A4A7E599A8E5B714
:10E6C000B2E585B320E2879220E79C9FE5BC80E815
:10E6D000B7AF28E6AE8BE4BD99E4BB85E5BC95E811
:10E6E000849AE6BC8FE794B520C2B13130704120E6
:10E6F00074797029E38082E4B88E20434849363625
:10E700003020E9BB98E8AEA4E8A18CE4B8BAE4B83C
:10E7100080E887B43AE5AE9EE9AA8CE7BB93E69D14
:10E720009FE58DB32063656C6C206F66662CE4B842
:10E730008BE8BDAEE99DA0205175696574205469D0
:10E740006D6520E9878DE696B0E69E81E58C9600A2
:10E7500069646C653D53544F505F434F4E5628E4F7
:10E76000BB85E4BD9CE5AFB9E785A7293AE794B539
:10E77000E69E81E4BC9AE890BDE588B02070343014
:10E7800020E79A84E59BBAE5AE9A2035306E4120A9
:10E79000E5818FE7BDAEE9809AE8B7AF2CE5AE9E84
:10E7A000E6B58BE4B88BE4B880E8BDAEE5BC80E5A7
:10E7B000A4B4E69C89202B3338357E3437346E413F
:10E7C00020E8BF98E58E9FE586B2E587BBE38081B0
:10E7D0007E3130307320E681A2E5A48D00453D25D1
:10E7E00064206D5620E7AE97E4B88DE587BAE69EC3
:10E7F00081E58C96E7A081004441434100444143B8
:10E800004200E794B5E4BD8DE59B9EE8AFBBE9808F
:10E810009AE8BF873A45E79BAEE6A0873D2564208E
:10E820006D562C45E9878FE58C963D2564206D5605
:10E830002C444143413D3078253033782C444143CA
:10E84000423D3078253033780072616E6765005242
:10E85000414E47450052414E47455F52454A454368
:10E860005420726561736F6E3D25730A006765748D
:10E87000007374617475735F636D64004346475F32
:10E880004E4F4F502065703D2575207372633D25B6
:10E890007320736B69707065643D25750A00617043
:10E8A000706C79004346475F4641554C5420657073
:10E8B0003D25752063617573653D6461635F7772A3
:10E8C0006974650A00706F73745F636F6D6D69744E
:10E8D000004346475F434F4E4649524D45442065ED
:10E8E000703D257520737461747573313D307825E2
:10E8F00030327820696E76616C69645F6366673D6B
:10E900002564207664645F6F6F723D2564207077A4
:10E91000725F7264793D2564206E726567733D2570
:10E920007520736B69707065643D25750A004346F8
:10E93000475F4641554C542065703D257520636105
:10E940007573653D6D6F64656C5F6D69736D617442
:10E95000636820737461747573313D30782530328B
:10E96000780A0052414E47455F4150504C4945445A
:10E97000206673725F636F64653D2564206F666611
:10E980007365745F73656C3D2564206673725F7098
:10E99000613D2564206F66665F70613D256420627D
:10E9A0006974733D2575206C73625F6566665F668A
:10E9B000613D2564207361745F6D617267696E3DAE
:10E9C0002575207265645F6D61785F70613D2564B7
:10E9D000206F785F6D61785F70613D25640A004942
:10E9E000545F5441494E5445442065703D2575207F
:10E9F000726561736F6E3D706572747572625F648B
:10EA00007572696E675F72756E0A004346475F52A2
:10EA10004F4C4C4241434B2065703D2575206E7232
:10EA20006567733D25750A00706F73745F726F6C54
:10EA30006C6261636B004346475F52454A454354ED
:10EA40002065703D257520726561736F6E3D617242
:10EA500067206B65793D6164647220613D256420A7
:10EA6000623D3235350A005245475F5045454B20DF
:10EA700065703D257520616464723D3078253032C3
:10EA8000782076616C3D3078253032782072633D95
:10EA900025640A004346475F52454A454354206572
:10EAA000703D257520726561736F6E3D61726720E0
:10EAB0006B65793D706F6B6520613D256420623D1B
:10EAC00025640A004346475F52454A454354206542
:10EAD000703D257520726561736F6E3D61726720B0
:10EAE0006B65793D706F6B655F6E656564735F46DE
:10EAF0004F52434520613D256420623D25640A0054
:10EB00005245475F504F4B452065703D257520614C
:10EB10006464723D307825303278206265666F72A9
:10EB2000653D3078253032782077726F74653D30DE
:10EB3000782530327820726561646261636B3D30A4
:10EB40007825303278206F6B3D25642064657379B9
:10EB50006E633D310A00706F73745F706F6B650098
:10EB60004F43505F52454A4543542065703D2575DB
:10EB7000206D733D256C6C6420726561736F6E3D12
:10EB800061726720613D25642068696E743D25646B
:10EB90002E2E25640A004F43505F52454A45435488
:10EBA0002065703D2575206D733D256C6C64207269
:10EBB0006561736F6E3D627573792068696E743D2F
:10EBC00053544F505F66697273745F6F725F464F44
:10EBD0005243450A004F43505F52454A4543542033
:10EBE00065703D2575206D733D256C6C64207265E4
:10EBF00061736F6E3D63656C6C765F6F66662068EF
:10EC0000696E743D5345545F63656C6C763D315F4E
:10EC100066697273740A004F43505F52454A454318
:10EC2000542065703D2575206D733D256C6C642006
:10EC3000726561736F6E3D69646C655F6B6565706D
:10EC40005F6269617365642068696E743D646566BE
:10EC5000696E6974696F6E5F636F6E666C69637409
:10EC60005F5345545F69646C653D320A0049545FE7
:10EC70005441494E5445442065703D2575207265C8
:10EC800061736F6E3D6F63705F647572696E675F0D
:10EC900072756E0A004F43505F424547494E2065EA
:10ECA000703D2575206D733D256C6C642077696E11
:10ECB000646F775F6D733D2564207379737065723F
:10ECC0005F6D733D256420736574746C655F6D734F
:10ECD0003D256420616D7073303D25642073656C43
:10ECE000303D25640A004F43505F444F4E45206538
:10ECF000703D2575206D733D256C6C64206E3D253F
:10ED00007520656C61707365645F6D733D256C6C17
:10ED1000642066697273745F6D763D2564206C6152
:10ED200073745F6D763D2564206D696E5F6D763D11
:10ED30002564206D61785F6D763D256420736C6F6E
:10ED400070655F75765F7065725F733D256C6C648E
:10ED500020736574746C65643D256420636C697010
:10ED60007065643D25642077655F636F64655F6DE2
:10ED7000696E3D25752077655F636F64655F6D61C2
:10ED8000783D25752072655F636F64655F6D696EA0
:10ED90003D25752072655F636F64655F6D61783DC9
:10EDA00025750A004F435020E694B6E5B0BE3AE917
:10EDB000878DE8B5B7204155544F20E5A4B1E8B49C
:10EDC000A520E28094E2809420E794B5E4BD8DE82C
:10EDD000AFBBE695B0E58FAFE883BDE4BB8DE784BC
:10EDE000B6E697A0E69588004F43505F52455354CE
:10EDF0004F5245442065703D2575206D733D256C4F
:10EE00006C6420616D70733D25642073656C3D25D5
:10EE10006420655F6D763D256420733163313D303C
:10EE2000782530327820733163353D3078253032A3
:10EE300078206F6B3D25640A00706F73745F6F6399
:10EE400070004346475F52454A4543542065703D34
:10EE50002575206D733D256C6C6420726561736F40
:10EE60006E3D746F6F5F6C6F6E67206B65793D2DC3
:10EE700020613D257520623D2575207261773D3CFE
:10EE80006469736361726465643E0A00E69C80E5B0
:10EE90009D8FE6A1A3E4BD8DE4B99FE5A49F20E288
:10EEA0009C8500F09F94B420E4BD99E9878FE4B875
:10EEB0008DE8B6B32CE69FA5206F66667365742057
:10EEC000E6A1A3E4BD8D00E697A0E998B6E8B78374
:10EED00000E9AB98E28692E4BD8E00E4BD8EE28646
:10EEE00092E9AB98007664645F6F6F720073746F21
:10EEF00070007265737461727400696E76616C691A
:10EF0000645F636667003D3D3D2070412D436F6E39
:10EF10007665727465722056342E3020E59BBAE413
:10EF2000BBB6E590AFE58AA828E8BDAEE8AFA2E69B
:10EF3000A8A1E5BC8F202F20E697A020424C4529B0
:10EF40003D3D3D004346475F424F4F542065703D75
:10EF50002575206D733D256C6C642066773D2573A7
:10EF600020726561736F6E3D626F6F740A00763454
:10EF70002D6462673100E69DBFE7BAA7E5AE88E57C
:10EF80008DABE69CAAE5B0B1E7BBAA2CE5819CE578
:10EF90009CA8E6ADA4E5A48428E4B88DE8BF9BE571
:10EFA00085A5E98787E99B8629004D415833303193
:10EFB000333120504152545F4944203D2030782560
:10EFC00030327800F09F94B420504152545F49444D
:10EFD00020E99D9EE6B3952830782530327829E2E5
:10EFE0008094E280942053504920E69CAAE9809ABC
:10EFF000E68896E5B8A7E6A0BCE5BC8FE99499E35E
:10F000008082E58588E69FA52043534E3D50302EF3
:10F010003131202F2053434C4B3D50302E30352082
:10F020002F204D4F53493D2A2A50312E30392A2A5C
:10F03000202F204D49534F3D50302E303400414653
:10F040004520E68EA2E6B58BE5A4B1E8B4A52CE593
:10F05000819CE59CA8E6ADA4E5A4840053315F4300
:10F060004F4E464947313A2057452F43455F414D62
:10F07000505F454E3D312C2057455F4441435F4D25
:10F08000583D3030E28692444143412C20F09F9419
:10F09000B443455F4441435F4D583D3031E2869271
:10F0A0004441434228E4B88DE58699E58899E4B85F
:10F0B000A4E694BEE5A4A7E599A8E585B1E794A8E0
:10F0C0002044414341E38081453D30292C20434881
:10F0D0004F505F454E3D310053315F434F4E4649DF
:10F0E00047323A203320E7ABAFE794B5E69E812064
:10F0F0002B2057452064726976650053595320418F
:10F1000044432053455455503A2053454E535620BE
:10F11000312E30C39728307E313533366D56292B4A
:10F120002050575220302E3235C397285644442061
:10F13000E588B020363134346D56292C20F09F9468
:10F14000B44F50415F4259504153535F454E3D309B
:10F1500000434F4E56455254205345545550323A71
:10F16000205359535F504552494F4428E59B9BE833
:10F17000B7AFE680BBE8BDACE68DA2E697B6E997EF
:10F18000B4E9A1BB20E289A420E8AFA5E591A8E6F7
:10F190009C9F29005359532041444320494E2053FA
:10F1A000454C323A205745312B5245312B4345319E
:10F1B0002B574F3128453D565F5745E28892565FA1
:10F1C000524520E5BF85E9A1BBE4B8A4E8B7AFE9A3
:10F1D00083BDE69C8929005359532041444320496B
:10F1E0004E2053454C313A205359535F53454C45BB
:10F1F00043542862697430292B205644445F535984
:10F20000535F53454C28626974332CE5B7B2E4BBB5
:10F210008E207031313820E4BD8DE8A1A8E7A1AE81
:10F22000E8AEA4290053315F434F4E464947333A75
:10F23000494F535F4D4F444528E8A781E69687E440
:10F24000BBB6E5A4B420412F4220E8AFB4E6988EC7
:10F25000290053315F434F4E464947343A20636F8C
:10F260006E66696775726564204653522F6F6666D5
:10F270007365740053315F434F4E464947353A201A
:10F28000434F4E565F54494D4520E99A8F204653CF
:10F290005220E58886E7BB8428E685A2E9929F2074
:10F2A0003078302F31326269742CE5BFABE9929F20
:10F2B000203078312F313362697429005245464538
:10F2C00052454E434520434F4E54524F4C3A20E551
:10F2D0008685E983A8E59FBAE5878620312E3533F8
:10F2E0003656202B205245465F454E3D3100494E53
:10F2F00054422053455455503A20454E5F5644449D
:10F300005F4F4F523D3128E590A6E588992056443D
:10F31000445F4F4F5220E681922030292B20E5BCDC
:10F3200080E6BC8F00434F4E5645525420534554FF
:10F330005550313A204443202B20494F46465345EF
:10F34000545F434F4E56202B2053454E535F50453C
:10F3500052494F4428E99A8F206366675F6C69764B
:10F360006529007772697465202573202830782517
:10F3700030327829206661696C656400F09F94B42E
:10F3800020E590AFE58AA8E794B5E4BD8DE7AE9798
:10F39000E4B88DE587BAE69DA5286572723D2564BF
:10F3A000293A565F57453D25646D5620453D2564F5
:10F3B0006D56004441434120636F64653D307825BC
:10F3C0003033782028565F57453D2564206D5629F7
:10F3D000202F204441434220636F64653D307825EF
:10F3E0003033782028565F52453D2564206D5629DC
:10F3F000202F20453D2564206D5600E29AA0EFB8ED
:10F400008F20E585B1E6A8A1E8A395E9878FE6A05E
:10F41000A1E6A0B8E4B88DE8BF87286572723D25E3
:10F420006429E28094E2809420E794B5E6B1A0E8F4
:10F43000B78CE588B020454F4C20E697B6E69BB4E4
:10F44000E7B4A72CE79599E6848FE59FBAE7BABFA2
:10F45000E6BC82E7A7BB00F09F94B4206F6666739A
:10F46000657428256420704129E79B96E4B88DE4F3
:10F47000BD8FE4BFA1E58FB7E5B3B020E28094E291
:10F4800080942057456E20E4BC9AE8A2ABE9A1B66F
:10F49000E587BAE8AEBEE5AE9AE794B5E4BD8DE384
:10F4A0008081E5A4B1E58EBBE68192E794B5E4BD29
:10F4B0008DE68EA7E588B6E5B9B6E992B3E59CA8D6
:10F4C00020306E41004649464F5F415F46554C4CE7
:10F4D000203D202575283D2032353620E2889220B7
:10F4E000257520E6A0B7E69CAC2900F09F94B420D7
:10F4F00053454E535F504552494F4420E79FADE47A
:10F50000BA8E20434F4E565F54494D45286572725E
:10F510003D25642900636F6E763D2564206D732060
:10F520002F20706572696F643D2564206D7320E241
:10F530008792202564206D5350530041464520E5B5
:10F54000B0B1E7BBAA3A4653523D25642070412032
:10F550002F206F66667365743D2564207041202FEF
:10F5600020257520626974202F204C534220E69C90
:10F5700089E695883D256420664128E5B8A72025C1
:10F58000642066412900E58FAFE6B58BE9878FE7F8
:10F59000A88B3AE8BF98E58E9F20E289A4256420D5
:10F5A0007041283D6F66667365742CE69C80E59D0E
:10F5B0008F206D696E20E6A1A3E58FAAE69C8920C5
:10F5C0002564207041292F20E6B0A7E58C9620E223
:10F5D00089A425642070410073617420E9A284E845
:10F5E000ADA6E4BD99E9878F3A257520636F756EE6
:10F5F0007473203D20256420704120E2879220E82A
:10F60000BF98E58E9FE4BEA7204920E289A520256A
:10F610006420704120E68AA520736174202F20E6C3
:10F62000B0A7E58C96E4BEA7204920E289A4202556
:10F630006420704120E68AA52073617400E58F8202
:10F64000E880833AE5B7A6E6978BE5A49AE5B7B4D8
:10F65000E6A087E5AE9AE5AE9EE6B58BE7A8B3E6F1
:10F660008081E69C80E5A4A72031323830302070BC
:10F670004128E6B593E5BAA620353029E2879220E5
:10F6800025730041464520E9858DE7BDAEE5A4B16F
:10F69000E8B4A52CE5819CE59CA8E6ADA4E5A4848E
:10F6A00000E794B5E4BD8DE8BF9EE987873AE5BCE5
:10F6B00080E69CBAE58DB3E8B5B7204155544F2894
:10F6C00053797374656D2041444320E4B88EE79408
:10F6D000B5E6B581E8BDACE68DA2E5B9B6E8A18C8A
:10F6E0002C69646C6520E69C9FE997B4E4B99FE5BA
:10F6F0009CA8E987872900626F6F74003130487ACF
:10F7000020E5B7A5E4BD9CE6B5813AE8B7B3E8BF0C
:10F71000872041464520E58F8CE6A1A3E6A087E53A
:10F72000AE9A2CE794B1E4B88AE4BD8DE69CBAE6C3
:10F730008B9FE59088E69C80E5908E323073E6B52D
:10F7400093E5BAA6E6A087E5AE9AE69BB2E7BABF14
:10F750000049545F52454144592074617267657491
:10F760005F6D763D25642069646C655F6D6F6465CF
:10F770003D25642063656C6C763D25642065703D95
:10F7800025750A00F09F94B420E887B3E4BB8AE6AD
:10F790009CAAE694B6E588B0E4BBBBE4BD95E794CB
:10F7A000B5E69E81E794B5E58E8BE8AF8D28746150
:10F7B0006720307844312F3078443229E38082E466
:10F7C000BD8DE58FB7E5B7B2E794B1207031313820
:10F7D00020E4BD8DE8A1A8E7A1AEE8AEA428535966
:10F7E000535F53454C4543543D6269742575E3802E
:10F7F000815644443D6269742575292CE588ABE542
:10F80000868DE5BE80E982A3E69FA53BE69FA52005
:10F81000307835363D3078304620E698AFE590A612
:10F82000E58699E8BF9BE58EBBE4BA86E380815309
:10F8300059535F504552494F4420E698AFE590A692
:10F84000E5A49FE995BFE380814155544F20E69898
:10F85000AFE590A6E59CA8E8B7910069646C6500E7
:10F8600049545F53544152542072756E3D257520A2
:10F870007461726765745F6D763D25640A00E98086
:10F8800080E587BA2069646C653AE5BC80E694BE81
:10F89000E5A4A7E599A8E5A4B1E8B4A500E98080AE
:10F8A000E587BA2069646C653AE694BEE5A4A7E5ED
:10F8B00099A8E5B7B2E5BC8028E5858820434520B6
:10F8C000E5908E2057452900E98080E587BA2069B8
:10F8D000646C653AE9878DE8B5B7204155544F20EF
:10F8E000E5A4B1E8B4A520E28094E2809420E69CEF
:10F8F000ACE8BDAEE58FAFE883BDE68BBFE4B88D65
:10F90000E588B0E794B5E6B581E6A0B7E69CAC0023
:10F91000F09F94B420E98080E587BA2069646C6523
:10F9200020E5908E20307832342053454C454354A6
:10F9300020E4BB8DE4B8BA20302830782530327806
:10F9400029E28094E2809420E794B5E6B581E980CD
:10F950009AE98193E69CAAE98089E4B8AD2CE69CFB
:10F96000ACE8BDAEE4B88DE4BC9AE69C89E6A0B7ED
:10F97000E69CAC00E98080E587BA2069646C653A52
:10F9800073656E736F7220E5B7B2E98089E4B8AD34
:10F99000E5B9B6E9878DE8B5B7204155544F283011
:10F9A0007832343D3078253032782900E696BDE54E
:10F9B0008AA0E99D99E7BDAEE794B5E4BD8D2045E9
:10F9C0003D2564206D5620E5A4B1E8B4A52CE58161
:10F9D0009CE59CA8E6ADA4E5A48400F09F94B42027
:10F9E00049444C455F444953434F4E4E4543542090
:10F9F000E4BD862051756965742054696D65203DAC
:10FA0000203021E6AF8FE8BDAEE5BC80E5A4B4E9C7
:10FA100083BDE698AFE58F8CE794B5E5B182E585C7
:10FA200085E794B5E79EACE68081E38082E8AFB7D6
:10FA3000E59CA8E4B88AE4BD8DE69CBAE68A8A20F3
:10FA4000707265737465705F7320E8AEBEE4B8BA17
:10FA5000203138307E3330307328E5AE9EE6B58BEA
:10FA600020CF84E289883236E2809335307320E2F9
:10FA700087922035CF84E289883133307E32353029
:10FA800073290049545F5048415345206D733D250B
:10FA90006C6C642070686173653D71756965742074
:10FAA000656C61707365645F6D733D3020746F7455
:10FAB000616C5F6D733D3020655F6D763D25642020
:10FAC00065703D25750A00495420E794B5E4BD8D65
:10FAD000E998B6E8B7833A256420E2869220256447
:10FAE000206D562825732900E696BDE58AA0E6B567
:10FAF0008BE9878FE794B5E4BD8D20453D256420D3
:10FB00006D5620E5A4B1E8B4A52CE5819CE59CA840
:10FB1000E6ADA4E5A48400692D7420E6B58BE987E1
:10FB20008FE794B5E4BD8DE5B7B2E696BDE58AA052
:10FB30003A453D2564206D562C20647572617469C8
:10FB40006F6E3D2564206D73004155544F20692D23
:10FB50007420E8BDACE68DA2E590AFE58AA8E5A4E7
:10FB6000B1E8B4A50049545F5048415345206D7336
:10FB70003D256C6C642070686173653D61637175CF
:10FB800069726520656C61707365645F6D733D308B
:10FB900020746F74616C5F6D733D2575206578709E
:10FBA00065637465643D257520655F6D763D2564EC
:10FBB0002065703D25750A00E8BF9BE585A52041BD
:10FBC00055544F20692D7420E98787E99B863A2098
:10FBD0002575206E61746976652073616D706C6542
:10FBE000732028E7BAA638487A3B20686F7374E917
:10FBF000878DE98787E6A0B73130487A292C2045E0
:10FC00003D2564206D5600E29AA0EFB88F2046494A
:10FC1000464F20E6BAA2E587BA20257520E6ACA1BA
:10FC20002CE8BDAEE8AFA2E997B4E99A9420256428
:10FC3000206D7320E5818FE995BF004649464F202E
:10FC4000E8A7A3E58C85E5A4B1E8B4A52CE4B8A2A7
:10FC5000E5BC83E4B880E6A0B7E69CAC00E8AFBBA7
:10FC6000E588B0204649464F20E7A9BAE593A8E5C4
:10FC700085B5287461673D30784645292CE69CACF3
:10FC8000E8BDAEE68F90E5898DE694B6E6898B28CF
:10FC9000646174615F636F756E743D257520E4B8AF
:10FCA0008EE5AE9EE99985E4B88DE7ACA62900F013
:10FCB0009F94B420E9A5B1E5928C284C4F57293A7E
:10FCC000636F756E74733D257520E980BCE8BF9144
:10FCD000203020E28094E2809420E8BF98E58E9F57
:10FCE000E794B5E6B581E59083E58589206F666682
:10FCF00073657428E4B88AE99990202564207041DE
:10FD0000292C574520E5B7B2E5A4B1E68192E794E6
:10FD1000B5E4BD8DE68EA7E588B62CE69CACE6AED4
:10FD2000B5E695B0E68DAEE4BD9CE5BA9F00F09FC8
:10FD300094B420E9A5B1E5928C2848494748293A6E
:10FD4000636F756E74733D257520E980BCE8BF91C3
:10FD5000E6BBA1E9878FE7A88B20E28094E280943C
:10FD600020E6B0A7E58C96E696B9E59091E8B685D1
:10FD7000E587BA20256420704100E29C8520E98057
:10FD800080E587BAE9A5B1E5928C2C636F756E7436
:10FD9000733D25750053207365713D2575206D7386
:10FDA0003D257520636F756E74733D257520666102
:10FDB0003D256C6C64207461673D25752061757408
:10FDC0006F3D2575206F76663D2575207361743D06
:10FDD00025752065703D25750A00504F54454E54D9
:10FDE00049414C5F41554449542073616D706C65C5
:10FDF0003D2575207461726765745F6D763D25647D
:10FE000020646163613D257520646163623D2575F1
:10FE100020733163313D2575207265663D2575205F
:10FE20007379733D25750A00504F54454E5449412E
:10FE30004C5F4641554C542073616D706C653D2597
:10FE400075207461726765745F6D763D2564206509
:10FE5000787065637465645F646163613D257520D6
:10FE600065787065637465645F646163623D257580
:10FE70002061637475616C5F646163613D25752009
:10FE800061637475616C5F646163623D25752073A5
:10FE90003163313D2575207265663D257520737986
:10FEA000733D25750A00E98787E99B86E4B8ADE7CD
:10FEB00094B5E4BD8DE5AF84E5AD98E599A8E5BCC2
:10FEC00082E5B8B83A453D2564206D562C4441433F
:10FED000412025752F25752C444143422025752F3F
:10FEE00025753BE5819CE6ADA2E69CACE8BDAEE99C
:10FEF0008787E99B86005354415455533120E8AF1E
:10FF0000BBE5A4B1E8B4A50028E794B5E4BD8DE550
:10FF1000AEA1E8AEA1E69585E99A9C29005354412B
:10FF2000545553312573203D2030782530327820C8
:10FF3000205B415F46554C4C3D2564204441544173
:10FF40005F5244593D25642041435F5244593D2549
:10FF500064204549535F43414C3D256420F09F9404
:10FF6000B4494E56414C49445F4346473D256420C1
:10FF7000F09F94B45644445F4F4F523D2564205047
:10FF800057525F5244593D25645D00F09F94B42060
:10FF9000494E56414C49445F43464720E7BDAEE4D5
:10FFA000BD8D20E28094E2809420E9858DE7BDAE8E
:10FFB000E69CACE8BAABE697A0E695882CE5908E77
:10FFC000E99DA2E68980E69C89E8AFBBE695B0E9A9
:10FFD00083BDE4B88DE58FAFE4BFA121E69C80E549
:10FFE000B8B8E8A781E58E9FE59BA03A53454E53EC
:10FFF0005F504552494F44203C20434F4E565F547A
:020000021000EC
:10000000494D4500F09F94B4205644445F4F4F52F1
:1000100020E7BDAEE4BD8D20E28094E2809420E430
:10002000BE9BE794B5E8B685E587BAE599A8E4BB39
:10003000B6E88C83E59BB400E29AA0EFB88F20E687
:100040009CACE8BDAEE98787E6A0B7E591A8E69C41
:100050009FE8A2ABE694B928E7A081202575E28647
:10006000922575293AE69C9FE69C9BE6A0B7E69C04
:10007000ACE695B0E4BB8DE68C89E5BC80E8B79131
:10008000E697B6E79A8420257520E8AEA12CE69C79
:10009000ACE8BDAEE5AE9EE99985E697B6E995BFB9
:1000A000E4BC9AE99A8FE4B98BE58F98E58C9600C9
:1000B0004155544F20692D7420E8B685E8BF87E686
:1000C00097B6E999903AE4BB85E88EB7E5BE9720EC
:1000D00025752F257520E4B8AAE58E9FE7949FE645
:1000E000A0B7E69CAC0049545F5048415345206D91
:1000F000733D256C6C642070686173653D69646C48
:100100006520656C61707365645F6D733D3020744C
:100110006F74616C5F6D733D3020655F6D763D255A
:10012000642065703D25750A00692D7420E6B58B45
:10013000E9878FE7BB93E69D9F3A656C61707365B5
:10014000643D256C6C64206D732C6E6174697665FA
:100150003D25752F25752C656D70747920706F6C39
:100160006C733D25752C4520E5B7B2E681A2E5A468
:100170008DE4B8BA202564206D560049545F414291
:100180004F5254454420726561736F6E3D25732054
:100190006E61746976653D257520656C6170736567
:1001A000645F6D733D256C6C642065703D25752022
:1001B0007461696E7465643D25640A00F09F94B4AF
:1001C00020E69CACE8BDAEE59BA02041464520E77B
:1001D0008AB6E68081E4BD8DE5BC82E5B8B8E4B8B6
:1001E000ADE6ADA228257329E28094E2809420E850
:1001F000AFA5E6AEB5E8AFBBE695B0E789A9E79055
:1002000086E4B88AE4B88DE5868DE698AFE6B58BCE
:10021000E9878F2CE7A681E6ADA2E794A8E4BA8E21
:10022000E6A087E5AE9A2FE9A284E6B58B00E69CAE
:10023000ACE8BDAEE59BA0E794B5E4BD8DE5AF8429
:10024000E5AD98E599A8E5AEA1E8AEA1E5A4B1E8D1
:10025000B4A5E8808CE68F90E5898DE7BB93E69D99
:100260009F3BE58E9FE5A78BE695B0E68DAEE4BF9C
:100270009DE79599E4BD86E4B88DE5BE97E794A81F
:10028000E4BA8EE6A087E5AE9A2FE9A284E6B58BA4
:100290000049545F444F4E45206E61746976653D58
:1002A00025752065787065637465643D25752065E6
:1002B0006C61707365645F6D733D256C6C64206563
:1002C000703D2575207461696E7465643D25640A0E
:1002D000006D61696E005350492062757320666F2E
:1002E00072204D41583330313331206E6F7420729B
:1002F0006561647900777269746520726567203082
:100300007825303278203D203078253032782066CC
:1003100061696C65643A20256400726561642062DD
:100320007572737420307825303278202825752036
:100330004229206661696C65643A20256400616623
:10034000655F73706900F09F94B420444344434553
:100350004E3D3120E4BD86E69CACE69DBFE69CAAFE
:10036000E8B4B42044432F444320E794B5E6849F87
:1003700020E28094E2809420E7AB8BE58DB3E585A5
:10038000B3E997ADE38082E6A380E69FA5E698AF48
:10039000E590A6E69C89206F7665726C61792F7076
:1003A000726A2E636F6E6620E68993E5BC80E4BABC
:1003B0008620434F4E4649475F424F4152445F4576
:1003C0004E41424C455F444344430044434443450B
:1003D0004E3D30204F4B284C444F20E6A8A1E5BCB1
:1003E0008F2C726164696F20E794B5E6B581E7BA36
:1003F000A62032782CE7BBADE888AAE68C89E6AD6A
:10040000A4E9A284E7AE972900504F46434F4E20FF
:100410003D204F4E2040322E3056285644443D5603
:10042000444448206E6F726D616C20766F6C74610D
:100430006765206D6F646529007761746368646F18
:100440006720646576696365206E6F7420726561EC
:100450006479007764745F696E7374616C6C5F7447
:10046000696D656F7574206661696C65643A2025F5
:1004700064007764745F7365747570206661696C7D
:1004800065643A202564007761746368646F67204F
:1004900061726D65642C2077696E646F77202575B5
:1004A000206D732028706175736564207768696CAE
:1004B000652068616C74656420627920646562758A
:1004C000676765722900F09F94B420E79C8BE997D9
:1004D000A8E78B97E69CAAE5B0B1E7BBAA20E2802B
:1004E00094E2809420E68B92E7BB9DE8BF9BE58574
:1004F000A5E98787E99B862862726F776E6F7574AE
:1005000020E697A0E887AAE681A2E5A48DE8B7AF28
:10051000E5BE842900677561726473003F0053541F
:100520004152540053544F500047455400535441D6
:1005300054555300534554005045454B00504F4BC4
:1005400045004F435000464F524345006175746F5C
:10055000006F6666007379737065720070696E0073
:100560004346475F4150504C4945442065703D2506
:1005700075206D733D256C6C64207372633D25732B
:10058000206E6C696E65733D257520666F726365BC
:10059000643D25642070657274757262735F636573
:1005A0006C6C3D2564206E726567733D2575207304
:1005B0006B69707065643D2575206673723D2564B6
:1005C00020667372303D2564206F66663D25642089
:1005D0006F6666303D256420636F6E763D2575201D
:1005E000636F6E76303D257520636F6E765F737234
:1005F000633D257320706572696F643D25752070B9
:100600006572696F64303D2575207379737065720A
:100610003D257520737973706572303D25752063B3
:100620006C6B34303D256420636C6B3430303D2579
:100630006420655F6D763D256420655F6D76303D95
:100640002564207677655F6D763D25642076776535
:100650005F6D76303D256420696F633D25752069A7
:100660006F63303D25752069646C653D25642069A4
:10067000646C65303D25642063656C6C763D256453
:100680002063656C6C76303D25642063686F703D37
:1006900025642063686F70303D25642072733D25AA
:1006A00064207273303D256420696F733D2564209A
:1006B000696F73303D25642073656C3D256420733C
:1006C000656C303D256420616D70733D256420614B
:1006D0006D7073303D2564004346475F4445524981
:1006E0005645442065703D2575206673725F7061C4
:1006F0003D2564206F66665F70613D2564206F66EE
:10070000665F6D696E5F70613D2564206F66665F30
:100710006D61785F70613D256420626974733D2569
:100720007520636F6E765F636C6B3D257520706519
:1007300072696F645F636C6B3D257520636F6E76C5
:100740005F6D733D256420706572696F645F6D73C2
:100750003D25642069646C655F70706D3D25642083
:100760006C73625F6672616D655F66613D256420D2
:100770006C73625F6566665F66613D2564207265C5
:100780006A35305F64625F7831303D256420726580
:100790006A35305F776F7273745F64625F7831308F
:1007A0003D256420636F6E765F616C743D25642027
:1007B000636F6E765F616C745F64625F7831303D49
:1007C0002564207265645F6D61785F70613D2564AA
:1007D000206F785F6D61785F70613D256420736183
:1007E000745F6D617267696E3D2575207361745F1A
:1007F0006D617267696E5F70613D25642073797306
:100800006275646765745F6D733D256420737973E9
:100810007065725F6D733D256420646163613D2581
:100820007520646163623D25752069646C655F773E
:1008300061726E3D25642068656164726F6F6D5FE3
:100840007761726E3D2564207369675F7761726EB0
:100850003D2564004346475F5245472065703D256E
:100860007520693D2575206E3D2575206164647293
:100870003D307825303258206265666F72653D30B4
:1008800078253032582061667465723D30782530A5
:10089000325820726561646261636B3D3078253047
:1008A0003258206F6B3D2564002D004346475F5250
:1008B000454A4543542065703D2575206D733D259F
:1008C0006C6C6420726561736F6E3D2573206B657F
:1008D000793D257320613D256420623D25642072A9
:1008E00061773D257300706572696F6400636C6B9E
:1008F000343000696F630063686F70007273006961
:100900006F73007677650063656C6C760073617455
:10091000706374006E6F6E6500746F6F5F6C6F6EE6
:1009200067007665726200756E6B6E6F776E5F6BD7
:100930006579006475705F6B657900746F6F5F6DCA
:10094000616E795F6B6579730076616C75650061C6
:10095000726700706572696F645F6C745F636F6E5D
:1009600076006F66667365745F67745F66737200A6
:100970007379737065725F73686F7274006461631A
:10098000006461635F6D69640070657274757262A2
:100990005F647572696E675F72756E00686561701D
:1009A00020636F7272757074696F6E20286672654D
:1009B00065206C697374206C696E6B6167652900D2
:1009C000574553545F544F504449522F7A657068CD
:1009D00079722F6C69622F686561702F686561702C
:1009E0002E630028616C69676E20262028616C697F
:1009F000676E202D20312929203D3D2030004153B4
:100A000053455254494F4E204641494C205B257373
:100A10005D20402025733A25640A0009616C6967EE
:100A20006E206D757374206265206120706F77652C
:100A300072206F6620320A006279746573202F205D
:100A40003855203C3D203078376666665500096889
:100A50006561702073697A6520697320746F6F20F7
:100A60006269670A006279746573203E2068656177
:100A7000705F666F6F7465725F6279746573286208
:100A800079746573290009686561702073697A65F6
:100A900020697320746F6F20736D616C6C0A00683D
:100AA0006561705F737A203E206368756E6B737A40
:100AB0002873697A656F6628737472756374207A17
:100AC0005F686561702929006368756E6B305F73BC
:100AD000697A65202B206D696E5F6368756E6B5F48
:100AE00073697A65286829203C3D20686561705FDC
:100AF000737A006F735F6865617000574553545F88
:100B0000544F504449522F7A65706879722F6C693E
:100B1000622F6F732F63627072696E74665F7061AB
:100B2000636B616765642E630009537472696E6755
:100B3000207769746820746F6F206D616E79206111
:100B40007267756D656E74730A00097374725F70F5
:100B500074725F706F735B5D20746F6F20736D6173
:100B60006C6C0A0009746F6F206D616E7920666F7E
:100B7000726D617420617267730A006362707269DA
:100B80006E74665F7061636B6167650057455354AF
:100B90005F544F504449522F7A65706879722F69BB
:100BA0006E636C7564652F7A65706879722F6B65FA
:100BB000726E656C2E6800216B5F69735F70726581
:100BC0005F6B65726E656C282900096B5F637572D7
:100BD00072656E745F6765742063616C6C65642018
:100BE0007072652D6B65726E656C0A007379735F48
:100BF0006765746F707400574553545F544F504489
:100C000049522F7A65706879722F6C69622F7574FA
:100C1000696C732F6F6E6F66662E630073746174F8
:100C200065203D3D20305500217379735F736C69F9
:100C300073745F69735F656D70747928266D677270
:100C40002D3E636C69656E747329007472616E73F6
:100C5000697420213D202828766F6964202A293074
:100C600029007374617465203D3D202831554C2066
:100C70003C3C2028312929006D67722D3E72656643
:100C800073203D3D2030007374617465203D3D202C
:100C90002831554C203C3C20283029290057455309
:100CA000545F544F504449522F7A65706879722FBF
:100CB000696E636C7564652F7A65706879722F73DD
:100CC00070696E6C6F636B2E68007A5F7370696E0B
:100CD0005F756E6C6F636B5F76616C6964286C29FD
:100CE00000094E6F74206D79207370696E6C6F63AC
:100CF0006B2025700A007A5F7370696E5F6C6F639A
:100D00006B5F76616C6964286C290009496E7661B5
:100D10006C6964207370696E6C6F636B2025700A58
:100D2000006D67722D3E72656673203E203000575D
:100D30004553545F544F504449522F7A6570687937
:100D4000722F6C69622F7574696C732F6E6F746982
:100D500066792E6300574553545F544F50444952AF
:100D60002F7A65706879722F696E636C7564652F70
:100D70007A65706879722F6C6F6767696E672F6C20
:100D80006F675F6261636B656E642E6800626163AA
:100D90006B656E6420213D202828766F6964202AC7
:100DA00029302900574553545F544F504449522F1E
:100DB0007A65706879722F7375627379732F6C6FAF
:100DC0006767696E672F6C6F675F636F72652E630D
:100DD000006C6F675F6261636B656E645F636F7504
:100DE0006E745F6765742829203C202828333220E0
:100DF0002F20335529202D202831202B2030292940
:100E0000006261636B656E64203C3D205F6C6F67C0
:100E10005F6261636B656E645F6C6973745F656E5E
:100E2000640009756E6578706563746564206C692B
:100E3000737420656E64206C6F636174696F6E0AF1
:100E4000006C6F67006C6F675F6D676D740057456E
:100E500053545F544F504449522F7A6570687972E9
:100E60002F7375627379732F6C6F6767696E672F65
:100E70006C6F675F6D73672E6300706C656E203EEC
:100E80003D2030004D6573736167652064726F703B
:100E9000706564206265636175736520697420659F
:100EA0007863656564732073697A65206C696D6920
:100EB000746174696F6E2028257529000D0A001B66
:100EC0005B306D00574553545F544F504449522F87
:100ED0007A65706879722F7375627379732F6C6F8E
:100EE0006767696E672F6C6F675F6F757470757475
:100EF0002E63006C6576656C203C3D2034002573C4
:100F000020005B2530386C755D20005B2530327524
:100F10003A253032753A253032752E253033752C0E
:100F2000253033755D20003C25733E200025732F4E
:100F30000025733A2000657272203E3D2030002566
:100F40003032782000202020007C002563001B5BCD
:100F5000313B33316D001B5B313B33336D006572C8
:100F6000720077726E00696E6600646267006C6F73
:100F7000675F6261636B656E645F727474002A2AD6
:100F80002A20426F6F74696E67206E524620436F4D
:100F90006E6E6563742053444B2076332E342E30AE
:100FA0002D393935353330353536303762202A2AF8
:100FB0002A0A002A2A2A205573696E67205A65700A
:100FC000687972204F532076342E342E302D62668D
:100FD00038303165346533643139202A2A2A0A00D1
:100FE00072302F61313A2020307825303878202037
:100FF00072312F61323A2020307825303878202025
:1010000072322F61333A20203078253038780072E0
:10101000332F61343A2020307825303878207231EF
:10102000322F69703A20203078253038782072319C
:10103000342F6C723A2020307825303878002078B0
:101040007073723A20203078253038780046617508
:101050006C74696E6720696E737472756374696FFE
:101060006E206164647265737320287231352F704D
:1010700063293A2030782530387800556E68616EE3
:10108000646C6564204952516E3A202564002A2A16
:101090002A2A2A204D5055204641554C54202A2AB0
:1010A0002A2A2A002020537461636B696E672065C9
:1010B00072726F722028636F6E746578742061722B
:1010C0006561206D69676874206265206E6F7420A9
:1010D00076616C696429002020556E737461636BBE
:1010E000696E67206572726F7200202044617461BE
:1010F000204163636573732056696F6C6174696F17
:101100006E0020204D4D464152204164647265734B
:10111000733A2030782578002020496E73747275F8
:101120006374696F6E204163636573732056696FE2
:101130006C6174696F6E002020466C6F6174696E1B
:10114000672D706F696E74206C617A792073746199
:10115000746520707265736572766174696F6E2054
:101160006572726F7200574553545F544F50444933
:10117000522F7A65706879722F617263682F61727D
:101180006D2F636F72652F636F727465785F6D2F5B
:101190006661756C742E6300212828285343425FD2
:1011A00054797065202A292028283078453030303D
:1011B00045303030554C29202B20307830443030A9
:1011C000554C2920292D3E434653522026202831B4
:1011D000554C203C3C20283055202B2034552929C3
:1011E000290009537461636B696E67206572726FC1
:1011F00072206E6F74206120737461636B2066616E
:10120000696C0A0A002A2A2A2A2A2055534147458E
:10121000204641554C54202A2A2A2A2A00202044BC
:1012200069766973696F6E206279207A65726F00E2
:101230002020556E616C69676E6564206D656D6F09
:101240007279206163636573730020204E6F2063A1
:101250006F70726F636573736F7220696E737472EF
:10126000756374696F6E73002020496C6C656761EB
:101270006C206C6F6164206F66204558435F524557
:101280005455524E20696E746F20504300202049FF
:101290006C6C6567616C20757365206F662074687F
:1012A000652045505352002020417474656D707460
:1012B00020746F206578656375746520756E64654C
:1012C00066696E656420696E737472756374696FA4
:1012D0006E002A2A2A2A2A20425553204641554C7C
:1012E00054202A2A2A2A2A002020537461636B6919
:1012F0006E67206572726F7200202050726563699C
:101300007365206461746120627573206572726F09
:10131000720020204246415220416464726573731A
:101320003A2030782578002020496D707265636915
:101330007365206461746120627573206572726FD9
:1013400072002020496E737472756374696F6E2029
:10135000627573206572726F720052657365727682
:10136000656420457863657074696F6E202800534A
:10137000707572696F757320696E746572727570BD
:101380007420284952512000535053454C20696E17
:1013900020746872656164206D6F646520646F6598
:1013A00073206E6F7420696E646963617465205088
:1013B00053500065736620213D202828766F6964AC
:1013C000202A293029000945534620636F756C6433
:1013D000206E6F742062652072657472696576652F
:1013E00064207375636365737366756C6C792E2006
:1013F0005368616C6C206E65766572206F636375EF
:10140000722E0A002A2A2A2A2A20484152442046BB
:1014100041554C54202A2A2A2A2A0020204275733A
:10142000206661756C74206F6E20766563746F72D0
:10143000207461626C6520726561640020204465DF
:10144000627567206576656E740020204661756C54
:101450007420657363616C6174696F6E20287365B5
:10146000652062656C6F772900415243485F45589B
:1014700043455054207769746820726561736F6EBC
:101480002025780A00094661756C742065736361D4
:101490006C6174696F6E20776974686F757420462B
:1014A000535220696E666F0A000948617264466192
:1014B000756C7420776974686F7574204846535250
:1014C00020696E666F205368616C6C206E6576656E
:1014D00072206F636375720A002A2A2A2A2A20441E
:1014E00065627567206D6F6E69746F7220657863D1
:1014F000657074696F6E202A2A2A2A2A002A2A2AED
:101500002A2A20257320256429202A2A2A2A2A000B
:10151000574553545F544F504449522F7A65706871
:1015200079722F617263682F61726D2F636F7265BC
:101530002F636F727465785F6D2F6972715F6D6173
:101540006E6167652E63007072696F203C3D2028D4
:101550002831554C203C3C2028332929202D20318E
:10156000290009696E76616C6964207072696F7216
:1015700069747920256420666F7220256420697261
:1015800071212076616C756573206D7573742062AE
:1015900065206C657373207468616E20256C750A14
:1015A0000A006D7075004661696C656420746F2077
:1015B000616C6C6F63617465206E6577204D50556A
:1015C00020726567696F6E2025750A00506172741C
:1015D0006974696F6E2025753A20636F686572655E
:1015E0006E636520636865636B206661696C656422
:1015F0002E00574553545F544F504449522F7A653B
:10160000706879722F617263682F61726D2F636FDA
:1016100072652F6D70752F61726D5F6D70752E63C1
:101620000009436F6E6669677572696E672025757C
:1016300020737461746963204D5055207265676929
:101640006F6E73206661696C65640A0A0009436FF6
:101650006E6669677572696E672025752064796E9C
:10166000616D6963204D505520726567696F6E73B7
:10167000206661696C65640A0A00095265717565C6
:10168000737420746F20636F6E6669677572653A54
:1016900020257520726567696F6E732028737570D9
:1016A000706F727465643A202575290A0A00212832
:1016B000726567696F6E5B6964785D2E64745F61E3
:1016C0007474722026202831554C203C3C20283050
:1016D000292929000952414D5F4E4F434143484556
:1016E00020776974682044545F4D454D5F43414302
:1016F000484541424C452061747472696275746555
:101700000A0A00094661696C656420746F20616C87
:101710006C6F63617465204D505520726567696F09
:101720006E732066726F6D2044540A0A00282828C0
:101730004D50555F54797065202A2920282830782B
:101740004530303045303030554C29202B20307812
:1017500030443930554C2920292D3E5459504520CC
:1017600026202830784646554C203C3C20385529C8
:1017700029203E3E203855203D3D20380009496E45
:1017800076616C6964206E756D626572206F66208B
:101790004D505520726567696F6E730A0A00464C9A
:1017A0004153485F30005352414D5F3000736F63C7
:1017B00000574553545F544F504449522F7A657037
:1017C0006879722F647269766572732F636C6F63C8
:1017D0006B5F636F6E74726F6C2F636C6F636B5FA4
:1017E000636F6E74726F6C5F6E72662E63007479D5
:1017F0007065203C20434C4F434B5F434F4E545247
:101800004F4C5F4E52465F545950455F434F554EC3
:101810005400636C6F636B403430303030303030A4
:10182000006866636C6B006C66636C6B00636C6F66
:10183000636B5F636F6E74726F6C00574553545FD8
:10184000544F504449522F7A65706879722F6472F0
:1018500069766572732F636C6F636B5F636F6E7411
:10186000726F6C2F6E72665F636C6F636B5F636128
:101870006C6962726174696F6E2E630057455354D0
:101880005F544F504449522F7A65706879722F69BE
:101890006E636C7564652F7A65706879722F6472F7
:1018A00069766572732F6770696F2F6770696F5FF4
:1018B0007574696C732E680063616C6C6261636B34
:1018C00000094E6F2063616C6C6261636B210A00DA
:1018D00063616C6C6261636B2D3E68616E646C6504
:1018E0007200094E6F2063616C6C6261636B2068EB
:1018F000616E646C6572210A00574553545F544F02
:10190000504449522F6D6F64756C65732F68616C1C
:101910002F6E6F726469632F6E7266782F68616CC8
:101920002F6E72665F6770696F2E68006E72665FF9
:101930006770696F5F70696E5F70726573656E74F2
:101940005F636865636B282A705F70696E29005752
:101950004553545F544F504449522F7A657068790B
:10196000722F647269766572732F6770696F2F6763
:1019700070696F5F6E7266782E6300657272203DCB
:101980003D2030006770696F403530303030333083
:1019900030006770696F40353030303030303000A3
:1019A000574553545F544F504449522F7A657068DD
:1019B00079722F647269766572732F73656E736FB7
:1019C000722F6E6F726469632F74656D702F74650A
:1019D0006D705F6E7266352E6300646174612D3EBA
:1019E000636C6B5F6D67720074656D70403430308E
:1019F00030633030300074656D705F6E7266350034
:101A000054696D656F75742077616974696E6720BC
:101A1000666F72207472616E7366657220636F6D9B
:101A2000706C65746500574553545F544F5044497A
:101A3000522F7A65706879722F696E636C75646570
:101A40002F7A65706879722F647269766572732F68
:101A50006770696F2E6800286366672D3E706F722D
:101A6000745F70696E5F6D61736B202620286770EC
:101A7000696F5F706F72745F70696E735F7429282D
:101A800031554C203C3C202870696E2929292021A1
:101A90003D2030550009556E737570706F72746516
:101AA000642070696E0A0055706461746520657801
:101AB00063656564732063757272656E7420627508
:101AC000666665720073706940343030303430308F
:101AD000300048616C662D6475706C6578206E6F9F
:101AE0007420737570706F7274656400536C6176E6
:101AF00065206D6F6465206973206E6F7420737547
:101B000070706F72746564206F6E202573004C6F67
:101B10006F706261636B206D6F6465206973206E06
:101B20006F7420737570706F7274656400576F7294
:101B3000642073697A6573206F74686572207468B5
:101B4000616E2038206269747320617265206E6F47
:101B50007420737570706F7274656400467265717D
:101B600075656E63696573206C6F77657220746844
:101B7000616E20313235206B487A20617265206EAB
:101B80006F7420737570706F72746564004661695C
:101B90006C656420746F20636F6E6669677572652B
:101BA000206E726678206472697665723A202564C8
:101BB0000028666C616773202620282831203C3C71
:101BC000203429207C202831203C3C20352929291B
:101BD00020213D20282831203C3C203429207C2015
:101BE0002831203C3C20352929000950756C6C2097
:101BF000557020616E642050756C6C20446F776E58
:101C00002073686F756C64206E6F74206265206548
:101C10006E61626C65642073696D756C74616E656C
:101C20006F75736C790A0028666C616773202620D3
:101C30002831203C3C2031292920213D2030207CA6
:101C40007C2028666C6167732026202831203C3C6C
:101C500020322929203D3D2030007370695F6E726B
:101C600066785F7370696D007761746368646F672D
:101C7000403430303130303030007764745F6E7211
:101C8000667800574553545F544F504449522F6D66
:101C90006F64756C65732F68616C2F6E6F72646909
:101CA000632F6E7266782F647269766572732F7314
:101CB00072632F6E7266785F636C6F636B2E630066
:101CC0006D5F636C6F636B5F63622E6D6F64756CC9
:101CD000655F696E697469616C697A65640057450E
:101CE00053545F544F504449522F6D6F64756C6567
:101CF000732F68616C2F6E6F726469632F6E7266EA
:101D0000782F647269766572732F7372632F6E72A7
:101D100066785F636C6F636B5F6866636C6B2E6382
:101D200000574553545F544F504449522F6D6F64D0
:101D3000756C65732F68616C2F6E6F726469632FA9
:101D40006E7266782F647269766572732F73726330
:101D50002F6E7266785F636C6F636B5F6C66636C2B
:101D60006B2E6300574553545F544F504449522FD4
:101D70006D6F64756C65732F68616C2F6E6F726424
:101D800069632F6E7266782F647269766572732F3D
:101D90007372632F6E7266785F6770696F74652EF9
:101DA0006300574553545F544F504449522F6D6F51
:101DB00064756C65732F68616C2F6E6F72646963F4
:101DC0002F6E7266782F68616C2F6E72665F677017
:101DD000696F74652E6800696E646578203C2038F0
:101DE00000705F696E7374616E636500705F636835
:101DF000616E6E656C0070696E5F6861735F7472AE
:101E0000696767657228705F696E7374616E636578
:101E10002C2070696E2900696E745F656E61626C5A
:101E20006500574553545F544F504449522F6D6FCE
:101E300064756C65732F68616C2F6E6F7264696373
:101E40002F6E7266782F647269766572732F737263
:101E5000632F6E7266785F7370696D2E6300705FBA
:101E6000696E7374616E636520262620705F636FF0
:101E70006E66696700705F63622D3E73746174659E
:101E800020213D204E5246585F4452565F535441E4
:101E900054455F554E494E495449414C495A454471
:101EA0000028705F63622D3E737461746520213D6C
:101EB000204E5246585F4452565F53544154455F3A
:101EC000554E494E495449414C495A4544292026CA
:101ED00026202828705F786665725F646573632DBD
:101EE0003E705F74785F62756666657220213D2082
:101EF0002828766F6964202A29302929207C7C20B3
:101F000028705F786665725F646573632D3E7478D0
:101F10005F6C656E677468203D3D2030292920265E
:101F200026202828705F786665725F646573632D6C
:101F30003E705F72785F62756666657220213D2033
:101F40002828766F6964202A29302929207C7C2062
:101F500028705F786665725F646573632D3E727882
:101F60005F6C656E677468203D3D2030292920260E
:101F70002620282128666C61677320262028315589
:101F80004C203C3C20332929207C7C2028705F6336
:101F9000622D3E73735F70696E203D3D202830785E
:101FA0006666666666666666554C29292900705F16
:101FB00063622D3E68616E646C65720057455354D0
:101FC0005F544F504449522F6D6F64756C65732F89
:101FD00068616C2F6E6F726469632F6E7266782F02
:101FE000647269766572732F7372632F6E7266788E
:101FF0005F7764742E63007469636B73203C3D20CB
:102000002830786666666666666666554C29007096
:102010005F696E7374616E63652026262028705F89
:10202000696E7374616E63652D3E63622E616C6CC4
:102030006F635F696E64657820213D20302920261A
:10204000262028705F696E7374616E63652D3E6330
:10205000622E7374617465203D3D204E5246585F78
:102060004452565F53544154455F494E4954494187
:102070004C495A45442900705F6368616E6E656C17
:102080005F69642026262028705F63622D3E73748A
:10209000617465203D3D204E5246585F4452565F64
:1020A00053544154455F494E495449414C495A455E
:1020B000442900705F696E7374616E63652D3E63C1
:1020C000622E7374617465203D3D204E5246585F08
:1020D0004452565F53544154455F504F5745524503
:1020E000445F4F4E005465726D696E616C005745D8
:1020F00053545F544F504449522F7A657068797237
:102100002F6B65726E656C2F6465766963652E63EF
:10211000007263203E3D202D2830786666292026F7
:1021200026207263203C203000096465766963656F
:1021300020257320696E69743A20696E76616C6936
:1021400064206572726F7220282564290A00486134
:102150006C74696E672073797374656D00556E6B6E
:102160006E6F776E206572726F7200756E6B6E6F38
:10217000776E003E3E3E205A455048595220464117
:1021800054414C204552524F522025643A20257329
:10219000206F6E20435055202564004661756C7495
:1021A00020647572696E6720696E746572727570ED
:1021B000742068616E646C696E670A0043757272A0
:1021C000656E74207468726561643A2025702028F9
:1021D00025732900574553545F544F504449522F9B
:1021E0007A65706879722F6B65726E656C2F6661A7
:1021F00074616C2E6300726561736F6E20213D20E7
:102200004B5F4552525F4B45524E454C5F50414EDD
:1022100049430009417474656D7074656420746F7E
:10222000207265636F7665722066726F6D20612023
:102230006B65726E656C2070616E696320636F6E92
:10224000646974696F6E0A00435055206578636550
:102250007074696F6E00556E68616E646C656420A1
:10226000696E7465727275707400537461636B206B
:102270006F766572666C6F77004B65726E656C2069
:102280006F6F7073004B65726E656C2070616E6964
:102290006300574553545F544F504449522F7A6559
:1022A000706879722F6B65726E656C2F696E6974D8
:1022B0002E63007468726561645F64617461203CC0
:1022C0003D205F5F7374617469635F7468726561F8
:1022D000645F646174615F6C6973745F656E6400F0
:1022E000646576203C3D205F6465766963655F6C5C
:1022F0006973745F656E6400574553545F544F5063
:102300004449522F7A65706879722F6B65726E65D9
:102310006C2F69646C652E63005F6B65726E656C13
:102320002E637075735B305D2E63757272656E74AB
:102330002D3E626173652E7072696F203E3D2030C4
:1023400000574553545F544F504449522F7A65709B
:102350006879722F6B65726E656C2F6D7574657818
:102360002E630021617263685F69735F696E5F69E4
:102370007372282900096D7574657865732063612F
:102380006E6E6F74206265207573656420696E736C
:1023900069646520495352730A006D757465782D20
:1023A0003E6C6F636B5F636F756E74203E203055BB
:1023B00000574553545F544F504449522F7A65702B
:1023C0006879722F6B65726E656C2F696E636C75C0
:1023D00064652F6B73636865642E680021617263A6
:1023E000685F6972715F756E6C6F636B6564286B93
:1023F00065792900090A007468726561642D3E627E
:102400006173652E70656E6465645F6F6E0057451D
:1024100053545F544F504449522F7A657068797213
:102420002F6B65726E656C2F73656D2E63002828A7
:10243000617263685F69735F696E5F69737228298F
:10244000203D3D203029207C7C20282874696D6542
:102450006F7574292E7469636B73203D3D202828A5
:10246000286B5F74696D656F75745F74297B307D4F
:1024700029292E7469636B73292900574553545FCA
:10248000544F504449522F7A65706879722F6B65AA
:10249000726E656C2F776F726B2E6300776F726B45
:1024A0002D3E717565756520213D202828766F6960
:1024B00064202A29302900776F726B20213D202863
:1024C00028766F6964202A29302900776F726B2D76
:1024D0003E68616E646C657220213D202828766F0D
:1024E0006964202A2930290021666C61675F746560
:1024F0007374282671756575652D3E666C6167730A
:102500002C204B5F574F524B5F51554555455F53FC
:102510005441525445445F424954290071756575D0
:102520006500737461636B00574553545F544F509B
:102530004449522F7A65706879722F6B65726E65A7
:102540006C2F7468726561642E63002828282870D7
:1025500072696F2929203D3D203135202626207AB9
:102560005F69735F69646C655F7468726561645FFD
:10257000656E7472792828656E747279292929200C
:102580007C7C202828283135202D203129203E3DF3
:102590002028282D31362929292026262028287070
:1025A00072696F2929203E3D2028282D313629299E
:1025B0002026262028287072696F2929203C3D207A
:1025C000283135202D20312929290009696E7661AD
:1025D0006C6964207072696F72697479202825644F
:1025E000293B20616C6C6F7765642072616E676552
:1025F0003A20256420746F2025640A00095468720B
:1026000065616473206D6179206E6F74206265204E
:102610006372656174656420696E20495352730A60
:1026200000574553545F544F504449522F7A6570B8
:102630006879722F6B65726E656C2F736368656461
:102640002E6300217A5F69735F69646C655F7468EB
:10265000726561645F6F626A65637428746872652D
:1026600061642900574553545F544F504449522FD9
:102670007A65706879722F6B65726E656C2F696E02
:10268000636C7564652F6B7468726561642E680095
:102690005F6B65726E656C2E637075735B305D2E5B
:1026A00063757272656E7420213D202828766F69EB
:1026B00064202A293029002169735F74687265617A
:1026C000645F64756D6D7928746872656164290052
:1026D000574553545F544F504449522F7A657068A0
:1026E00079722F6B65726E656C2F696E636C7564A1
:1026F000652F6B737761702E6800617263685F6924
:1027000072715F756E6C6F636B6564286B65792998
:10271000207C7C205F6B65726E656C2E63707573B8
:102720005B305D2E63757272656E742D3E626173EF
:10273000652E7468726561645F73746174652026C8
:102740002028282831554C203C3C20283029292994
:10275000207C20282831554C203C3C202833292936
:1027600029290009436F6E74657874207377697442
:102770006368696E67207768696C6520686F6C6450
:10278000696E67206C6F636B210A0073697A656FED
:1027900066285F73636865645F7370696E6C6F63EE
:1027A0006B29203D3D2030207C7C206C6F636B20AA
:1027B000213D20265F73636865645F7370696E6C8A
:1027C0006F636B005F6B65726E656C2E6370757303
:1027D0005B305D2E63757272656E742D3E6261733F
:1027E000652E73636865645F6C6F636B656420213D
:1027F0003D203155005F6B65726E656C2E637075A0
:10280000735B305D2E63757272656E742D3E62610E
:1028100073652E73636865645F6C6F636B656420BA
:10282000213D20305500217465726D696E617465BB
:10283000000961626F72746564205F63757272650E
:102840006E74206261636B2066726F6D20646561D7
:10285000640A0021657373656E7469616C000961B7
:10286000626F7274656420657373656E7469616C00
:10287000207468726561642025700A0057455354BE
:102880005F544F504449522F7A65706879722F6BAC
:1028900065726E656C2F74696D65736C6963696EC2
:1028A000672E6300282874696D656F75742920266A
:1028B0002620282875696E747074725F74292873D5
:1028C0006C6963655F74696D656F75747329292020
:1028D0003C3D20282875696E747074725F742928D5
:1028E00074696D656F75742929202626202828753E
:1028F000696E747074725F74292874696D656F7580
:10290000742929203C20282875696E747074725FC0
:102910007429282628736C6963655F74696D656F17
:10292000757473295B282873697A655F7429282870
:1029300028696E742973697A656F662863686172A5
:102940005B31202D202832202A202128215F5F6240
:1029500075696C74696E5F74797065735F636F6DB0
:1029600070617469626C655F70285F5F747970650F
:102970006F665F5F28736C6963655F74696D656F0F
:10298000757473292C205F5F747970656F665F5F63
:10299000282628736C6963655F74696D656F75744B
:1029A00073295B305D292929295D29202D203129B2
:1029B000202B202873697A656F6628736C696365BC
:1029C0005F74696D656F75747329202F2073697A40
:1029D000656F662828736C6963655F74696D656FE0
:1029E000757473295B305D292929295D29292026E1
:1029F000262028282875696E747074725F742928DF
:102A000074696D656F75742929202D2028287569D2
:102A10006E747074725F742928736C6963655F7477
:102A2000696D656F75747329292920252073697A6A
:102A3000656F662828736C6963655F74696D656F7F
:102A4000757473295B305D29203D3D203029005786
:102A50004553545F544F504449522F7A65706879FA
:102A6000722F6B65726E656C2F74696D656F75740E
:102A70002E6300217379735F646E6F64655F6973A1
:102A80005F6C696E6B65642826746F2D3E6E6F6493
:102A9000652900737973776F726B7100286E756C9E
:102AA0006C29002A666C6F61742A000C0D0E0F10E1
:102AB000101010101010000102030405060700207A
:102AC0002A2A2A2A2A2A2A2A2A2A2A2A2A2A0001B9
:102AD000000000000000545452205245474745531F
:042AE00000000000F2
:102AFC00FFFFFFFFC5C90000E1CA00000000000095
:102B0C0055CD0000000000000000000000600040F7
:102B1C0000000000000000000000000000000000A9
:102B2C000000000000000000000000000000000099
:102B3C000000000000000000000000000000000089
:102B4C000000000000000000000000000000000079
:102B5C000000000000000000000000000000000069
:102B6C000000000000000000000000000000000059
:102B7C000000000000000000000000000000000049
:102B8C000000000000000000000000000000000039
:102B9C0000000000B9600000000000000000000010
:102BAC000040004000000000000000000000000099
:102BBC000000000000000000000000000000000009
:102BCC0000000000000000000000000000000000F9
:102BDC0000000000000000000000000000000000E9
:102BEC0000000000000000000000000000000000D9
:102BFC0000000000000000000000000000000000C9
:102C0C00000000000000000000000000DC120020AA
:102C1C00DC1200200000000001000000EC1200207B
:102C2C00EC12002000000000010000000000000079
:102C3C000000000000000000000000000000000088
:102C4C000000000000000000000000000000000078
:102C5C000000000000000000000000000000000068
:102C6C000000000000000140000000000000000017
:102C7C000000000000000000000000000000000048
:102C8C000000000000000000000000000000000038
:102C9C000000000000000000000000000090D003C5
:102CAC00FF00000090020000781300207813002031
:022CBC00FF0116
:0E2CBE00000000000000000000000000000008
:042CCC000000000004
:102CD400000000000000000059B8000000000000DF
:102CE4000000000000000000B0130020B01300201A
:102CF400F5CD00000000000000000000000000000E
:082D04000000000000000000C7
:042D0C0015E015E0D9
:040000030000534D59
:00000001FF
